420904 128516634
42196 4065076
20302 1353602
317207 84060387
6787 260247
151526 27729626
6556 247020
58654 6667234
298379 76683919
399172 118687738
385882 112806758
158204 29584524
44851 4455400
241166 55709810
441331 137990120
214841 46835776
42487 4107272
247457 57905408
60379 6963944
122266 20092710
2017 41728
157081 29269801
159331 29901495
10732 518812
12404 645114
904 12384
42487 4107272
395606 117099970
349867 97380207
336611 91895351
15577 908777
487579 160251624
124252 20584748
286904 72300314
440392 137549728
180902 36180802
31126 2573250
14366 804610
17579 1090024
395606 117099970
11027 540423
146612 26390522
24754 1823694
394717 116705253
319601 85014400
10586 508226
323611 86620415
472879 153055819
209629 45140544
360826 101994050
334154 90890434
251696 59400730
96142 14004978
121 576
266816 64836776
21322 1457142
144454 25809474
56954 6379074
194377 40301248
32132 2699258
497504 165171994
322004 85975604
414506 125595926
215497 47050617
268279 65371139
40187 3777768
188192 38391578
416329 126425849
28442 2247078
33671 2895880
369371 105640680
88411 12348351
386761 113192640
71632 9002008
158767 29742728
389404 114355564
19307 1255087
119317 19369453
237017 54277353
255256 60666320
61426 7146126
17956 1125370
400066 119086910
297607 76386312
185746 37644930
475801 154477376
483637 158311168
197507 41279383
85079 11656099
375412 108244372
288421 72874880
171992 33538832
240472 55469338
271217 66448657
293762 74909822
103741 15699776
470936 152112976
50722 5359838
18529 1179809
456491 145164776
143917 25665557
221446 49013826
9731 447720
448879 141547144
198766 41675026
57971 6550951
135982 23570562
34717 3032128
161029 30381184
152629 28033229
212227 45982952
183922 37091342
15577 908777
1771 34280
226802 50804098
3404 91964
91807 13067483
190654 39148034
37129 3354169
352 2952
667 7807
9592 438128
472879 153055819
1276 20876
479711 156386440
474826 154002550
425504 130630344
138076 24117626
44254 4366594
90952 12885152
495511 164179976
248866 58401026
73921 9437505
39622 3698242
343207 94611283
448879 141547144
45754 4590854
73537 9363968
469966 151643010
90952 12885152
15401 893376
247457 57905408
2017 41728
136504 23706544
19702 1293898
7504 302744
191891 39529960
2486 57226
55946 6210230
232904 52869664
419987 128096647
352381 98432320
79 299
341552 93927352
42779 4149759
365941 104171776
159896 30060826
244651 56922600
61076 7085050
135461 23435101
316411 83743976
147154 26537134
17767 1107603
37402 3391298
99682 14786462
153182 28185858
487579 160251624
184529 37275264
153182 28185858
130306 22108926
265357 64305333
419071 127677576
222779 49457384
324416 86944026
16654 1004914
49456 5160120
142312 25237018
418156 127259420
131842 22501378
58312 6608922
114004 18088954
137027 23843048
445097 139761088
5779 204264
10297 487488
242557 56192837
209629 45140544
1892 37882
410872 123946992
12562 657518
473852 153528698
399172 118687738
5461 187565
444154 139316934
457447 145621267
143917 25665557
29891 2421335
334154 90890434
436646 135797530
126254 21084754
150427 27428223
631 7176
419071 127677576
10586 508226
4372 134138
195626 40690626
370231 106010051
331706 89892870
82216 11072026
124751 20709000
32641 2763776
460321 146996480
289942 73452482
440392 137549728
19504 1274394
407 3683
99236 14687226
4279 129859
419071 127677576
234271 53336155
106031 16223051
466096 149772826
330892 89561978
177311 35107976
4096 121576
303811 78788840
175529 34579609
191891 39529960
141779 25095239
221446 49013826
19504 1274394
3322 88642
364232 103442458
369371 105640680
50404 5309434
354904 99491984
15754 924354
383251 111654376
366797 104537717
490546 161717326
413596 125182330
280127 69752123
172579 33710824
7751 317875
352 2952
174937 34404672
54616 5989776
67 232
78607 10350187
287662 72587218
4561 142976
470936 152112976
312446 82173826
27731 2163176
341552 93927352
7141 280960
28921 2304201
353221 98784701
62482 7331458
431986 133628290
60727 7024323
30629 2511744
33931 2929551
355747 99846888
17392 1072632
283129 70877129
199397 41873792
3742 106082
53957 5881533
193132 39914362
71632 9002008
497504 165171994
115922 18547842
70126 8719250
97462 14294722
56 176
443212 138873722
67 232
16291 972151
212227 45982952
119806 19488770
486592 159765032
492529 162699409
19111 1235976
318802 84695598
228827 51486527
402754 120289794
143917 25665557
477754 155429954
114961 18317440
274912 67812122
220781 48793045
26797 2054592
88411 12348351
75467 9735503
59341 6784885
19504 1274394
107881 16649945
48517 5013632
291467 74033128
165026 31520350
194377 40301248
22 42
43366 4235610
80201 10667001
63191 7456776
350704 97730074
3571 98855
43072 4192538
371954 106751374
25652 1924052
102832 15493658
367654 104904514
10297 487488
75467 9735503
460321 146996480
365941 104171776
199397 41873792
77029 10039709
355747 99846888
120787 19728872
86737 11998897
403652 120692548
28681 2275520
58997 6725888
27262 2108418
193132 39914362
214186 46621590
22579 1588199
477754 155429954
50087 5259347
45452 4545402
322807 86297608
124252 20584748
27496 2135680
123257 20337737
81004 10827804
190654 39148034
373681 107496145
349031 97031176
105112 16012368
208336 44723226
37 93
10297 487488
245351 57167251
2629 62269
107417 16542528
37402 3391298
442271 138431451
269746 65908430
354904 99491984
8002 333502
314029 82799509
49771 5209576
2851 70376
388522 113967042
286147 72014167
30136 2451226
313237 82486272
477754 155429954
350704 97730074
188806 38579770
253829 60157949
154847 28647067
326837 87919693
57292 6436028
378016 109373210
359129 101274944
121 576
191272 39338688
35512 3137072
181504 36361704
46057 4636608
154291 28492776
472879 153055819
48829 5062149
163879 31192019
7261 288101
223447 49680163
234956 53570426
4 4
109279 16974984
121 576
108346 16757826
69379 8580119
331706 89892870
325222 87268442
58312 6608922
322004 85975604
218131 47916551
135982 23570562
1327 22152
56281 6266176
172579 33710824
195001 40495625
41617 3981553
463204 148380324
413596 125182330
52651 5668975
122266 20092710
246754 57658654
36586 3280726
2629 62269
148786 26980226
131842 22501378
487579 160251624
26107 1975583
207691 44515535
37676 3428700
158204 29584524
239087 54990472
303811 78788840
14366 804610
431986 133628290
340726 93586626
141779 25095239
59686 6844226
169072 32687642
62836 7393940
171992 33538832
420904 128516634
300701 77581376
208336 44723226
394717 116705253
379757 110130112
166754 32017154
105112 16012368
132356 22633220
145531 26098920
29404 2362284
704 8474
314822 83113538
115922 18547842
467062 150238922
75079 9660424
290704 73742424
342379 94268904
26107 1975583
101026 15086850
36047 3208363
159896 30060826
406352 121906202
146612 26390522
10586 508226
212879 46195179
166754 32017154
313237 82486272
9731 447720
164452 31355898
47279 4822664
7261 288101
182711 36725315
334972 91224588
77029 10039709
128272 21592792
58997 6725888
376279 108619784
497 4992
51361 5461601
250987 59149743
158204 29584524
596 6580
16472 988442
396496 117495576
22156 1543676
6442 240578
29891 2421335
401857 119887937
171406 33367426
2776 67600
1597 29317
15401 893376
421822 128937538
243254 56435394
180301 36000501
413596 125182330
185137 37459793
12091 620776
93962 13530818
63904 7583514
475801 154477376
29 64
220781 48793045
205762 43896322
28681 2275520
195001 40495625
80602 10747202
1177 18473
7627 310248
419071 127677576
148786 26980226
86321 11912576
277 2048
292231 74324595
37676 3428700
283129 70877129
213532 46408058
631 7176
79801 10587200
284636 71444140
46057 4636608
239779 55229559
250279 58899464
47587 4869943
43366 4235610
143381 25522176
3082 79158
239779 55229559
270481 66178176
48517 5013632
269746 65908430
33931 2929551
14536 818976
352381 98432320
9454 428674
244651 56922600
423661 129782101
66431 8038395
170237 33026368
400961 119486976
37 93
1129 17344
13531 735295
10879 529544
339901 93246725
356591 100202635
1129 17344
277 2048
13367 721928
473852 153528698
318004 84377594
169072 32687642
101476 15187876
13042 695682
13862 762522
320401 85334001
11629 585429
301 2325
2 2
39341 3658901
4561 142976
43072 4192538
138076 24117626
69379 8580119
340726 93586626
46 130
295297 75498113
188192 38391578
24091 1750760
356591 100202635
175529 34579609
14707 833512
280127 69752123
308506 80623426
172579 33710824
322004 85975604
232222 52637442
6904 267034
5461 187565
284636 71444140
220117 48572928
69007 8511112
289942 73452482
484621 158794805
99682 14786462
4279 129859
243952 56678648
452677 143348352
314822 83113538
113527 17975427
1486 26290
465131 149307695
223447 49680163
344036 94954490
1082 16262
104654 15907714
45452 4545402
139657 24533433
153736 28339040
33931 2929551
4279 129859
186356 37830676
353221 98784701
273431 67264520
1541 27776
18337 1161472
88411 12348351
281626 70313126
1712 32568
269746 65908430
6442 240578
385882 112806758
401857 119887937
124751 20709000
16291 972151
14536 818976
379757 110130112
414506 125595926
63191 7456776
492529 162699409
314822 83113538
214841 46835776
363379 103079079
394717 116705253
269012 65639418
252406 59652426
44552 4410848
431986 133628290
97021 14197701
479711 156386440
442271 138431451
58312 6608922
4096 121576
123257 20337737
224116 49903610
180301 36000501
147697 26684288
385882 112806758
821 10701
3917 113653
13696 748826
132356 22633220
395606 117099970
174937 34404672
173756 34056570
57292 6436028
484621 158794805
52004 5564644
87572 12172788
238396 54752076
57292 6436028
497504 165171994
251696 59400730
353221 98784701
58312 6608922
482654 157828514
116887 18780168
394717 116705253
134422 23165738
232 1562
296066 75793410
39622 3698242
19111 1235976
373681 107496145
16111 956040
407 3683
41042 3899182
212227 45982952
23437 1679797
81811 10990215
191 1160
67 232
46666 4729026
22367 1565832
78607 10350187
7751 317875
180301 36000501
372817 107123328
126757 21211008
5566 193026
134941 23300160
204481 43486720
226802 50804098
400961 119486976
56954 6379074
231541 52405901
118829 19250624
104654 15907714
253117 59904832
134941 23300160
180301 36000501
29404 2362284
143381 25522176
1771 34280
260282 62468162
260282 62468162
53957 5881533
1654 30914
452677 143348352
83846 11403330
100129 14886144
259561 62208601
58997 6725888
44851 4455400
176716 34931260
237017 54277353
161029 30381184
58654 6667234
477754 155429954
419071 127677576
11936 608840
22156 1543676
288421 72874880
251696 59400730
35246 3101826
6106 221926
497 4992
226129 50577969
132871 22765576
22579 1588199
170237 33026368
133387 22898447
20911 1415115
60032 6903912
456491 145164776
142846 25379330
353221 98784701
364232 103442458
79 299
16111 956040
28442 2247078
103286 15596490
162166 30703810
485606 159279426
379757 110130112
98347 14490088
500501 166667501
443212 138873722
119317 19369453
55279 6099339
149879 27278344
14197 790413
68266 8374210
27967 2190907
265357 64305333
224116 49903610
14536 818976
125752 20959002
44851 4455400
120787 19728872
453629 143801029
373681 107496145
3004 76154
15401 893376
6442 240578
165026 31520350
3917 113653
49456 5160120
8516 366276
3742 106082
344036 94954490
66796 8104826
148241 26831985
20101 1333501
409966 123537026
280127 69752123
15577 908777
349867 97380207
191272 39338688
364232 103442458
378886 109751226
299152 76982298
183922 37091342
252406 59652426
704 8474
315616 83428360
471907 152583912
186356 37830676
37 93
19111 1235976
416329 126425849
46057 4636608
455536 144709240
170237 33026368
2927 73227
149332 27129012
25426 1898626
19111 1235976
67529 8238784
421822 128937538
383251 111654376
158767 29742728
4187 125672
167911 32351240
6442 240578
218131 47916551
49456 5160120
37402 3391298
115441 18432401
33154 2829314
53302 5774602
401857 119887937
19702 1293898
230861 52175040
130306 22108926
96142 14004978
2416 54810
304591 79092651
23221 1656576
433847 134493192
8002 333502
117371 18897055
379757 110130112
421822 128937538
180902 36180802
174346 34230326
1654 30914
42487 4107272
198766 41675026
238396 54752076
96581 14101120
46666 4729026
127261 21337765
68636 8442476
174346 34230326
327646 88246530
15932 940108
201931 42675176
2347 52463
256687 61177547
275654 68087034
457447 145621267
15754 924354
1 1
1129 17344
450776 142445850
332521 90224576
283129 70877129
52976 5721626
41617 3981553
439454 137110274
9046 401130
97904 14392184
7876 325626
126254 21084754
177907 35285287
243254 56435394
335791 91559560
171406 33367426
57971 6550951
10012 467322
237706 54514370
125752 20959002
200029 42073189
13862 762522
253829 60157949
134941 23300160
388522 113967042
1082 16262
405451 121500751
375412 108244372
48829 5062149
314029 82799509
83029 11236864
1432 24858
419071 127677576
30629 2511744
339901 93246725
72391 9145651
411779 124357864
220117 48572928
9592 438128
32897 2796417
39061 3619840
294529 75203584
24754 1823694
476777 154953177
397387 117892072
90526 12794626
46057 4636608
35779 3172584
202567 42877107
29162 2333122
499501 166168000
241861 55950976
307721 80315705
75467 9735503
124252 20584748
112576 17749800
416329 126425849
118342 19132282
402754 120289794
15401 893376
66067 7972328
312446 82173826
371092 106380282
261727 62989448
57631 6493320
5566 193026
85079 11656099
301477 77882077
75467 9735503
2851 70376
154847 28647067
293762 74909822
422741 129359360
6106 221926
52651 5668975
274171 67537951
386761 113192640
15401 893376
440392 137549728
334972 91224588
173167 33883403
8912 392218
449827 141996023
9181 410176
56281 6266176
379 3304
101476 15187876
194377 40301248
155404 28801914
379 3304
310867 81551303
1 1
18337 1161472
248866 58401026
277141 68639085
200662 42273218
312446 82173826
252406 59652426
30877 2542373
83029 11236864
72772 9218042
52004 5564644
189421 38768576
337432 92231962
269746 65908430
15754 924354
408157 122719808
167911 32351240
359129 101274944
133904 23031834
350704 97730074
495511 164179976
2702 64898
55612 6154618
397387 117892072
322807 86297608
66431 8038395
8516 366276
288421 72874880
37676 3428700
74692 9585732
354062 99137922
742 9178
8647 374792
1771 34280
56281 6266176
66067 7972328
314822 83113538
289181 73163301
127766 21465026
134941 23300160
67162 8171622
280876 70032250
385004 112421754
147154 26537134
322004 85975604
3161 82240
133387 22898447
317207 84060387
257404 61434234
127261 21337765
300701 77581376
222779 49457384
232222 52637442
65342 7841282
197507 41279383
140716 24813276
167332 32183908
25426 1898626
404551 121096200
470936 152112976
150976 27578650
400066 119086910
258122 61691638
291467 74033128
118829 19250624
11 15
283882 71160258
6787 260247
192511 39721851
80201 10667001
10441 497785
12404 645114
369371 105640680
7022 273938
47279 4822664
108346 16757826
6442 240578
69379 8580119
10012 467322
191891 39529960
53629 5827904
183316 36908026
138602 24255702
274171 67537951
168491 32519151
32132 2699258
100577 14986273
19111 1235976
6217 228032
241861 55950976
309292 80931932
6556 247020
4561 142976
11326 562626
357436 100559226
390287 114744968
16654 1004914
11936 608840
52327 5616648
377147 108996063
9454 428674
207691 44515535
442271 138431451
120787 19728872
150976 27578650
126254 21084754
84256 11487176
457447 145621267
248161 58152865
339901 93246725
194377 40301248
30382 2481362
218131 47916551
468029 150705984
312446 82173826
327646 88246530
298379 76683919
468029 150705984
349031 97031176
139129 24394304
781 9920
7382 295362
137 697
108346 16757826
305372 79397242
361676 102354876
495511 164179976
45151 4500251
162166 30703810
42779 4149759
141247 24953992
78211 10271976
393829 116311424
102832 15493658
143917 25665557
107881 16649945
87991 12260360
457447 145621267
389404 114355564
6217 228032
84256 11487176
667 7807
93097 13344192
60379 6963944
293762 74909822
20504 1373904
454582 144254658
135982 23570562
321202 85654402
265357 64305333
18146 1143326
482654 157828514
200029 42073189
392056 115526426
1276 20876
5887 210043
179701 35820800
2702 64898
188192 38391578
4 4
49771 5209576
53957 5881533
250279 58899464
81004 10827804
15401 893376
16654 1004914
158204 29584524
295297 75498113
183922 37091342
191 1160
22579 1588199
212879 46195179
38782 3581058
67162 8171622
480691 156866151
450776 142445850
112102 17637698
107881 16649945
306937 80008768
41042 3899182
354904 99491984
3322 88642
342379 94268904
821 10701
459362 146537118
40471 3817955
454582 144254658
172 988
154 834
493522 163191938
17021 1038405
220117 48572928
2017 41728
208982 44931562
459362 146537118
30629 2511744
296066 75793410
84256 11487176
268279 65371139
468029 150705984
28681 2275520
12091 620776
65342 7841282
20911 1415115
465131 149307695
215497 47050617
21322 1457142
23437 1679797
163879 31192019
271217 66448657
25652 1924052
407254 122312554
162166 30703810
12721 670080
26107 1975583
1226 19650
322004 85975604
142846 25379330
2927 73227
42487 4107272
301 2325
59341 6784885
354062 99137922
117856 19014426
106954 16435574
58654 6667234
59341 6784885
188192 38391578
409966 123537026
234271 53336155
172579 33710824
5996 215930
319601 85014400
83846 11403330
130306 22108926
171406 33367426
23872 1726888
170821 33196605
39341 3658901
119806 19488770
130306 22108926
36586 3280726
495511 164179976
482654 157828514
4951 161800
40471 3817955
18146 1143326
291467 74033128
11629 585429
29891 2421335
251696 59400730
130306 22108926
63547 7519967
46972 4775692
419071 127677576
28442 2247078
114961 18317440
286904 72300314
247457 57905408
91807 13067483
381502 110890498
242557 56192837
152629 28033229
4279 129859
76246 9886826
296066 75793410
1954 39774
7022 273938
216812 47482268
277886 68916226
348196 96682980
704 8474
286147 72014167
5672 198592
30629 2511744
41906 4023170
115922 18547842
451726 142896626
118342 19132282
59686 6844226
79 299
114961 18317440
379 3304
80201 10667001
37951 3466376
3404 91964
371092 106380282
84256 11487176
365941 104171776
64621 7711680
352381 98432320
235642 53805382
80201 10667001
15226 878150
313237 82486272
25426 1898626
208982 44931562
84667 11571432
6329 234249
7022 273938
111157 17414912
104197 15803517
301477 77882077
173167 33883403
480691 156866151
48206 4965426
821 10701
273431 67264520
481672 157346842
292996 74616826
5461 187565
231541 52405901
380629 110509869
467062 150238922
12881 682801
49771 5209576
320401 85334001
348196 96682980
20911 1415115
208982 44931562
250279 58899464
344036 94954490
60727 7024323
250987 59149743
43366 4235610
143917 25665557
320401 85334001
232222 52637442
190037 38957997
6106 221926
229504 51715354
324416 86944026
1654 30914
158767 29742728
60727 7024323
83846 11403330
378886 109751226
372817 107123328
9592 438128
5254 176954
5887 210043
68636 8442476
27731 2163176
33154 2829314
170821 33196605
135461 23435101
246052 57412602
407254 122312554
297607 76386312
162166 30703810
237017 54277353
37129 3354169
182711 36725315
146612 26390522
241166 55709810
62129 7269329
20302 1353602
17021 1038405
301 2325
106492 16329082
6442 240578
46361 4682665
11477 573952
8912 392218
6106 221926
261004 62728444
291467 74033128
2 2
5779 204264
432916 134060276
154 834
354062 99137922
18722 1198338
318004 84377594
241166 55709810
6106 221926
3829 109824
126757 21211008
24532 1799162
14029 776384
96142 14004978
258122 61691638
159896 30060826
24532 1799162
143917 25665557
392056 115526426
493522 163191938
67 232
42779 4149759
60379 6963944
48206 4965426
153182 28185858
25201 1873425
334154 90890434
217471 47699080
376279 108619784
1654 30914
50087 5259347
226129 50577969
271954 66719874
366797 104537717
3082 79158
7751 317875
238396 54752076
2702 64898
402754 120289794
174937 34404672
106954 16435574
411779 124357864
472879 153055819
33671 2895880
95704 13909274
263176 63513626
123257 20337737
704 8474
57631 6493320
171406 33367426
98347 14490088
223447 49680163
109279 16974984
195001 40495625
453629 143801029
370231 106010051
154291 28492776
29404 2362284
163879 31192019
344866 95298526
29647 2391688
186356 37830676
33154 2829314
408157 122719808
303032 78485808
388522 113967042
304591 79092651
177311 35107976
296836 76089476
130817 22239232
203204 43079674
15052 863098
392056 115526426
92236 13159290
289942 73452482
190654 39148034
381502 110890498
191 1160
232904 52869664
135982 23570562
7627 310248
103286 15596490
419071 127677576
16654 1004914
433847 134493192
4 4
23006 1633570
166177 31850977
6329 234249
19901 1313600
255256 60666320
57631 6493320
6442 240578
305372 79397242
155962 28957318
248161 58152865
64981 7776301
47279 4822664
27967 2190907
42196 4065076
20911 1415115
133387 22898447
254 1794
74306 9511426
438517 136671757
49771 5209576
499501 166168000
14536 818976
384127 112037627
419071 127677576
138602 24255702
397387 117892072
62482 7331458
116404 18663764
29891 2421335
213532 46408058
436 4090
34717 3032128
334972 91224588
405451 121500751
52976 5721626
295297 75498113
391171 115135255
1771 34280
87991 12260360
1771 34280
167332 32183908
322004 85975604
235642 53805382
70126 8719250
318004 84377594
190654 39148034
108812 16866172
8516 366276
106031 16223051
136504 23706544
367654 104904514
265357 64305333
168491 32519151
8257 349633
71254 8930754
156521 29113280
429202 132337902
385882 112806758
49142 5110978
471907 152583912
128779 21721064
11 15
230182 51944858
410872 123946992
487579 160251624
37402 3391298
5996 215930
110686 17304226
297607 76386312
2017 41728
143381 25522176
113051 17862376
27029 2081389
351542 98080778
30877 2542373
56 176
53302 5774602
31376 2604376
15932 940108
79004 10428794
44254 4366594
223447 49680163
315616 83428360
2927 73227
22 42
1486 26290
210926 45560450
411779 124357864
411779 124357864
53629 5827904
562 6018
100577 14986273
460321 146996480
172 988
358282 100916662
20504 1373904
214841 46835776
2212 47972
14197 790413
37676 3428700
57292 6436028
54286 5935490
333337 90557097
135461 23435101
161597 30542213
667 7807
35779 3172584
67 232
32897 2796417
115922 18547842
27731 2163176
5461 187565
117856 19014426
409061 123127965
300701 77581376
41906 4023170
213532 46408058
64262 7647418
331706 89892870
83029 11236864
1771 34280
46 130
14029 776384
245351 57167251
80602 10747202
30629 2511744
113527 17975427
7751 317875
324416 86944026
335791 91559560
45754 4590854
161597 30542213
133904 23031834
241166 55709810
348196 96682980
80201 10667001
498502 165669498
106954 16435574
489556 161227770
205121 43691201
78211 10271976
468029 150705984
345697 95643392
216154 47266114
34981 3066845
462242 147918082
52651 5668975
148786 26980226
419987 128096647
136504 23706544
335791 91559560
183316 36908026
4006 117570
158204 29584524
238396 54752076
379 3304
215497 47050617
458404 146078714
667 7807
446986 140652226
372817 107123328
33931 2929551
106954 16435574
248866 58401026
298379 76683919
100129 14886144
76246 9886826
129796 21979130
114004 18088954
333337 90557097
49771 5209576
134422 23165738
5887 210043
197507 41279383
140716 24813276
202567 42877107
103741 15699776
358282 100916662
254542 60411778
85079 11656099
90526 12794626
484621 158794805
453629 143801029
7022 273938
278632 69194112
192511 39721851
470936 152112976
218131 47916551
444154 139316934
4279 129859
171406 33367426
1712 32568
34192 2963482
485606 159279426
37 93
2776 67600
467062 150238922
75856 9810970
6671 253576
7022 273938
433847 134493192
97021 14197701
67897 8306313
11936 608840
428276 131909626
19504 1274394
325222 87268442
45754 4590854
7141 280960
65704 7906624
229504 51715354
286147 72014167
326029 87593664
244651 56922600
212879 46195179
133904 23031834
31627 2635752
64262 7647418
179701 35820800
53629 5827904
67162 8171622
135461 23435101
187579 38203999
30136 2451226
168491 32519151
83029 11236864
12404 645114
9454 428674
223447 49680163
358282 100916662
368512 105272168
44851 4455400
321202 85654402
152629 28033229
157081 29269801
73921 9437505
51041 5410560
13042 695682
20101 1333501
492529 162699409
225457 50352512
31126 2573250
88832 12436762
333337 90557097
242557 56192837
167911 32351240
8516 366276
214841 46835776
73537 9363968
226129 50577969
161029 30381184
166754 32017154
72391 9145651
48517 5013632
399172 118687738
240472 55469338
173756 34056570
184529 37275264
310867 81551303
52651 5668975
388522 113967042
104654 15907714
66431 8038395
198136 41476890
385004 112421754
48829 5062149
218131 47916551
310079 81241224
174346 34230326
4006 117570
83846 11403330
70877 8859877
16111 956040
45151 4500251
49142 5110978
226129 50577969
68636 8442476
92 378
94831 13719176
199397 41873792
443212 138873722
17392 1072632
193754 40107494
95704 13909274
460321 146996480
87572 12172788
441331 137990120
462242 147918082
363379 103079079
182107 36543208
409966 123537026
176716 34931260
133904 23031834
15932 940108
131842 22501378
12721 670080
46972 4775692
37 93
23006 1633570
500501 166667501
255256 60666320
351542 98080778
248866 58401026
490546 161717326
294529 75203584
271954 66719874
90101 12704525
497504 165171994
11936 608840
61076 7085050
781 9920
258841 61949760
57971 6550951
18337 1161472
44254 4366594
166177 31850977
20302 1353602
1082 16262
49456 5160120
459362 146537118
359977 101634073
180902 36180802
374546 107869826
274912 67812122
277 2048
14366 804610
128272 21592792
32132 2699258
197507 41279383
297607 76386312
64621 7711680
392056 115526426
113527 17975427
12091 620776
423661 129782101
28442 2247078
172579 33710824
23221 1656576
465131 149307695
275654 68087034
13696 748826
7504 302744
367654 104904514
226129 50577969
215497 47050617
326029 87593664
1831 36051
27496 2135680
66796 8104826
54616 5989776
21322 1457142
130817 22239232
77422 10116738
323611 86620415
73921 9437505
173167 33883403
340726 93586626
353221 98784701
7382 295362
326029 87593664
101026 15086850
380629 110509869
12247 632867
29647 2391688
111157 17414912
77816 10194160
57971 6550951
387641 113579401
3742 106082
24091 1750760
10012 467322
104197 15803517
354904 99491984
7261 288101
336611 91895351
18337 1161472
155404 28801914
113527 17975427
77029 10039709
26336 2001690
1486 26290
299926 77281450
596 6580
167332 32183908
15226 878150
11 15
123754 20460994
417242 126842178
16472 988442
300701 77581376
376279 108619784
342379 94268904
5566 193026
106954 16435574
424582 130205762
47896 4917530
81407 10908808
1129 17344
124751 20709000
44851 4455400
209629 45140544
392942 115918482
106 470
18722 1198338
452677 143348352
431057 133197233
97021 14197701
184529 37275264
211 1351
153736 28339040
108812 16866172
344036 94954490
216812 47482268
431986 133628290
93529 13437289
5996 215930
337432 92231962
79801 10587200
253829 60157949
425504 130630344
103741 15699776
354904 99491984
183316 36908026
374546 107869826
341552 93927352
2212 47972
121 576
37951 3466376
498502 165669498
109747 17084263
11782 597058
153182 28185858
64981 7776301
289942 73452482
295297 75498113
221446 49013826
5461 187565
52327 5616648
220781 48793045
43072 4192538
35246 3101826
70126 8719250
345697 95643392
167332 32183908
84667 11571432
436 4090
307721 80315705
347362 96335618
325222 87268442
2 2
415417 126010432
440392 137549728
237017 54277353
243254 56435394
207047 44308488
50404 5309434
15754 924354
98347 14490088
170237 33026368
48517 5013632
16654 1004914
332521 90224576
180902 36180802
398279 118289459
487579 160251624
322807 86297608
1541 27776
203842 43282878
306154 79702614
86321 11912576
222112 49235272
5672 198592
106954 16435574
15052 863098
264629 64040704
5887 210043
22367 1565832
330079 89231899
20911 1415115
440392 137549728
163879 31192019
381502 110890498
162736 30865976
31126 2573250
162166 30703810
220117 48572928
53302 5774602
23006 1633570
408157 122719808
278632 69194112
375412 108244372
153736 28339040
239087 54990472
354904 99491984
403652 120692548
473852 153528698
82622 11154242
391171 115135255
219454 48353474
48206 4965426
57971 6550951
256687 61177547
158204 29584524
158767 29742728
134941 23300160
316411 83743976
239779 55229559
40756 3858426
173756 34056570
27496 2135680
66796 8104826
226129 50577969
440392 137549728
341552 93927352
10297 487488
198766 41675026
10732 518812
52651 5668975
85492 11741178
127766 21465026
432916 134060276
267547 65103592
13367 721928
133387 22898447
131842 22501378
472879 153055819
27262 2108418
69007 8511112
239087 54990472
161029 30381184
137551 23980075
83029 11236864
283129 70877129
119317 19369453
126254 21084754
144992 25953928
125251 20833751
8912 392218
146612 26390522
140186 24673090
271954 66719874
437581 136234176
228827 51486527
378886 109751226
1771 34280
1486 26290
328456 88574176
26566 2028026
450776 142445850
3004 76154
1654 30914
54616 5989776
218792 48134682
137 697
128779 21721064
228151 51258376
5672 198592
358282 100916662
6329 234249
202567 42877107
406352 121906202
321202 85654402
36857 3317312
468997 151174013
103286 15596490
54286 5935490
821 10701
15052 863098
148241 26831985
144992 25953928
146612 26390522
181504 36361704
185137 37459793
179701 35820800
436646 135797530
129287 21849843
9317 419357
60379 6963944
3004 76154
134422 23165738
167911 32351240
289942 73452482
18722 1198338
176122 34755138
2776 67600
862 11522
115441 18432401
236329 54041024
191272 39338688
398279 118289459
4466 138510
1712 32568
3082 79158
332521 90224576
112576 17749800
89254 12525594
101026 15086850
496507 164675487
72772 9218042
33154 2829314
2629 62269
175529 34579609
493522 163191938
330892 89561978
317207 84060387
276397 68362688
212879 46195179
100129 14886144
326 2626
1177 18473
252406 59652426
13204 708724
1954 39774
185137 37459793
414506 125595926
44254 4366594
109747 17084263
207047 44308488
222779 49457384
108812 16866172
50087 5259347
124751 20709000
20101 1333501
2347 52463
87572 12172788
191891 39529960
57292 6436028
222112 49235272
367654 104904514
55279 6099339
159896 30060826
42487 4107272
148786 26980226
354904 99491984
306937 80008768
415417 126010432
232904 52869664
40187 3777768
145531 26098920
163307 31028712
165601 31685376
75467 9735503
269012 65639418
473852 153528698
255256 60666320
26336 2001690
155404 28801914
182107 36543208
474826 154002550
174937 34404672
28204 2218874
49142 5110978
109279 16974984
458404 146078714
15226 878150
228151 51258376
447932 141099212
469966 151643010
147697 26684288
154291 28492776
406352 121906202
139129 24394304
350704 97730074
174346 34230326
314822 83113538
20911 1415115
6442 240578
4561 142976
216812 47482268
296066 75793410
42779 4149759
258122 61691638
122266 20092710
137551 23980075
207047 44308488
2081 43745
106031 16223051
67529 8238784
27262 2108418
369371 105640680
67 232
258841 61949760
87991 12260360
304591 79092651
394717 116705253
402754 120289794
222112 49235272
42487 4107272
862 11522
101026 15086850
228151 51258376
114961 18317440
2927 73227
203842 43282878
86321 11912576
404551 121096200
135982 23570562
704 8474
378016 109373210
106492 16329082
139657 24533433
2081 43745
237706 54514370
1 1
288421 72874880
21529 1478464
596 6580
181504 36361704
232222 52637442
318802 84695598
230182 51944858
58654 6667234
294529 75203584
148241 26831985
7141 280960
5152 171802
264629 64040704
230861 52175040
66067 7972328
106031 16223051
161597 30542213
466096 149772826
5357 182208
192511 39721851
92666 13251526
230182 51944858
360826 101994050
31879 2667379
331706 89892870
389404 114355564
94396 13624780
24532 1799162
208982 44931562
145531 26098920
482654 157828514
280876 70032250
10012 467322
20504 1373904
1082 16262
231541 52405901
354904 99491984
233587 53102568
11 15
3829 109824
157642 29426882
9592 438128
269746 65908430
167911 32351240
254 1794
150427 27428223
98347 14490088
278632 69194112
32386 2731390
152629 28033229
73921 9437505
117856 19014426
430129 132767104
21116 1436026
389404 114355564
45452 4545402
373681 107496145
470936 152112976
440392 137549728
1226 19650
4006 117570
264629 64040704
8129 341504
324416 86944026
68636 8442476
446986 140652226
45151 4500251
101476 15187876
138602 24255702
415417 126010432
376279 108619784
1771 34280
218131 47916551
283882 71160258
253829 60157949
6787 260247
41042 3899182
36857 3317312
147154 26537134
316411 83743976
149332 27129012
3082 79158
10441 497785
342379 94268904
303032 78485808
83029 11236864
251696 59400730
70877 8859877
461281 147456801
4466 138510
12562 657518
17579 1090024
463204 148380324
331706 89892870
22792 1610778
4279 129859
37951 3466376
120787 19728872
31879 2667379
147697 26684288
478732 155907708
72391 9145651
20302 1353602
26336 2001690
142312 25237018
4466 138510
457447 145621267
37951 3466376
192511 39721851
28442 2247078
112102 17637698
484621 158794805
32132 2699258
175529 34579609
47896 4917530
359129 101274944
343207 94611283
250987 59149743
135461 23435101
114961 18317440
2486 57226
46972 4775692
6671 253576
362527 102716552
106 470
2 2
23872 1726888
136504 23706544
436 4090
1 1
218792 48134682
7382 295362
143917 25665557
158204 29584524
226802 50804098
177311 35107976
172 988
54947 6044392
491537 162207872
37951 3466376
100129 14886144
105571 16117480
12247 632867
67162 8171622
283129 70877129
20302 1353602
244651 56922600
144454 25809474
326029 87593664
439454 137110274
299152 76982298
92 378
32641 2763776
37402 3391298
191 1160
55279 6099339
344036 94954490
291467 74033128
194377 40301248
73537 9363968
140716 24813276
94831 13719176
29891 2421335
29891 2421335
19111 1235976
1654 30914
3829 109824
87991 12260360
69007 8511112
399172 118687738
446986 140652226
49771 5209576
39904 3737864
424582 130205762
174937 34404672
30382 2481362
393829 116311424
6671 253576
161597 30542213
383251 111654376
6556 247020
232 1562
183316 36908026
334972 91224588
280876 70032250
821 10701
17021 1038405
71632 9002008
165026 31520350
80201 10667001
16654 1004914
631 7176
347362 96335618
149879 27278344
170821 33196605
277886 68916226
163307 31028712
28204 2218874
439454 137110274
382376 111272000
406352 121906202
63904 7583514
476777 154953177
356591 100202635
62836 7393940
352 2952
23006 1633570
205762 43896322
3829 109824
393829 116311424
2629 62269
102379 15391279
4852 156948
428276 131909626
69007 8511112
6217 228032
239779 55229559
8386 357890
291467 74033128
7261 288101
53957 5881533
8516 366276
86737 11998897
354904 99491984
73154 9290814
270481 66178176
214186 46621590
422741 129359360
165601 31685376
28442 2247078
128272 21592792
253117 59904832
193132 39914362
157642 29426882
45151 4500251
465131 149307695
7751 317875
73921 9437505
303032 78485808
492529 162699409
234271 53336155
200029 42073189
84667 11571432
28442 2247078
346529 95989089
23872 1726888
128779 21721064
121 576
239087 54990472
195001 40495625
401857 119887937
23006 1633570
3322 88642
1541 27776
78607 10350187
631 7176
489556 161227770
23872 1726888
140716 24813276
36316 3244410
476777 154953177
175529 34579609
382376 111272000
13367 721928
28204 2218874
10441 497785
104654 15907714
92 378
667 7807
130817 22239232
51682 5512962
13204 708724
189421 38768576
5357 182208
190037 38957997
310867 81551303
704 8474
174346 34230326
14029 776384
470936 152112976
313237 82486272
196252 40886252
27967 2190907
58312 6608922
36586 3280726
335791 91559560
226802 50804098
453629 143801029
339901 93246725
31879 2667379
310079 81241224
20101 1333501
289942 73452482
29404 2362284
171406 33367426
14029 776384
11629 585429
2212 47972
449827 141996023
193754 40107494
6442 240578
742 9178
420904 128516634
11176 551450
1954 39774
306154 79702614
7022 273938
92236 13159290
42487 4107272
87572 12172788
426427 131055848
41329 3940224
142846 25379330
70126 8719250
88832 12436762
497 4992
452677 143348352
124751 20709000
2851 70376
343207 94611283
462242 147918082
81811 10990215
487579 160251624
266816 64836776
165601 31685376
4657 147537
3161 82240
72391 9145651
120787 19728872
238396 54752076
70877 8859877
340726 93586626
407 3683
29647 2391688
488567 160739203
5566 193026
355747 99846888
51041 5410560
17392 1072632
143917 25665557
292231 74324595
393829 116311424
69007 8511112
392942 115918482
157081 29269801
295297 75498113
269746 65908430
95704 13909274
18337 1161472
11 15
15226 878150
119806 19488770
4096 121576
330079 89231899
214841 46835776
68266 8374210
107417 16542528
169654 32856714
46057 4636608
130306 22108926
179102 35641698
326837 87919693
194377 40301248
432916 134060276
8516 366276
8002 333502
10586 508226
20707 1394408
3571 98855
102379 15391279
263902 63776802
337432 92231962
42779 4149759
39341 3658901
497504 165171994
239087 54990472
216812 47482268
122761 20214976
15226 878150
119317 19369453
145531 26098920
481672 157346842
183316 36908026
186356 37830676
41617 3981553
62129 7269329
298379 76683919
78607 10350187
27262 2108418
1 1
426427 131055848
432916 134060276
235642 53805382
596 6580
271954 66719874
166754 32017154
176122 34755138
319601 85014400
60379 6963944
409966 123537026
176122 34755138
134422 23165738
363379 103079079
369371 105640680
29 64
11027 540423
42779 4149759
169072 32687642
254 1794
48206 4965426
63191 7456776
239087 54990472
390287 114744968
234956 53570426
401857 119887937
322807 86297608
178504 35463194
115922 18547842
274912 67812122
291467 74033128
79402 10507798
101927 15289352
68636 8442476
84667 11571432
330892 89561978
310079 81241224
5254 176954
223447 49680163
490546 161717326
427351 131482275
34981 3066845
228151 51258376
312446 82173826
281626 70313126
100129 14886144
319601 85014400
41042 3899182
1892 37882
1129 17344
39904 3737864
132356 22633220
257404 61434234
201931 42675176
87572 12172788
332521 90224576
491537 162207872
156521 29113280
84256 11487176
200662 42273218
49771 5209576
291467 74033128
178504 35463194
316411 83743976
408157 122719808
52651 5668975
2629 62269
328456 88574176
307721 80315705
152077 27881152
322004 85975604
29 64
51041 5410560
319601 85014400
47896 4917530
323611 86620415
1 1
79004 10428794
7 8
378886 109751226
160462 30220722
139129 24394304
51682 5512962
277141 68639085
111157 17414912
223447 49680163
81407 10908808
462242 147918082
33154 2829314
399172 118687738
30629 2511744
14707 833512
455536 144709240
358282 100916662
82216 11072026
344866 95298526
290704 73742424
37129 3354169
69379 8580119
1541 27776
435712 135361818
4754 152194
334972 91224588
5779 204264
198766 41675026
476777 154953177
491537 162207872
32897 2796417
28442 2247078
255256 60666320
405451 121500751
336611 91895351
2081 43745
1177 18473
26336 2001690
446986 140652226
191891 39529960
80201 10667001
17956 1125370
373681 107496145
54616 5989776
46972 4775692
175529 34579609
86321 11912576
227476 51030900
173167 33883403
335791 91559560
180301 36000501
208336 44723226
90101 12704525
480691 156866151
161029 30381184
7627 310248
4372 134138
229504 51715354
135982 23570562
385004 112421754
208336 44723226
196879 41082504
2146 45826
273431 67264520
50087 5259347
410872 123946992
344036 94954490
343207 94611283
104654 15907714
135982 23570562
12091 620776
194377 40301248
167911 32351240
90101 12704525
460321 146996480
5779 204264
339901 93246725
297607 76386312
57971 6550951
40471 3817955
96142 14004978
44254 4366594
386761 113192640
344036 94954490
172 988
211576 45771376
466 4526
36047 3208363
33412 2862468
252406 59652426
392942 115918482
249572 58649892
469966 151643010
307721 80315705
276397 68362688
148786 26980226
163307 31028712
330892 89561978
904 12384
396496 117495576
54947 6044392
146071 26244451
92236 13159290
352381 98432320
157081 29269801
496507 164675487
441331 137990120
280127 69752123
378016 109373210
403652 120692548
2279 50184
167911 32351240
334154 90890434
210926 45560450
436 4090
456491 145164776
23221 1656576
24532 1799162
1226 19650
377147 108996063
460321 146996480
347362 96335618
3742 106082
2347 52463
15052 863098
290704 73742424
90952 12885152
67 232
105112 16012368
198136 41476890
33154 2829314
24311 1774851
344036 94954490
182107 36543208
93097 13344192
159331 29901495
7876 325626
104654 15907714
452677 143348352
69379 8580119
103286 15596490
368512 105272168
307721 80315705
64981 7776301
95267 13814007
2629 62269
1831 36051
102832 15493658
358282 100916662
292996 74616826
354062 99137922
137 697
124252 20584748
420904 128516634
358282 100916662
375412 108244372
303811 78788840
456491 145164776
124252 20584748
368512 105272168
470936 152112976
435712 135361818
3161 82240
379757 110130112
47279 4822664
318004 84377594
409061 123127965
330079 89231899
413596 125182330
169654 32856714
404551 121096200
171992 33538832
201296 42473880
109279 16974984
49771 5209576
246754 57658654
129796 21979130
147154 26537134
264629 64040704
53629 5827904
489556 161227770
497504 165171994
69752 8649498
2017 41728
7 8
493522 163191938
84667 11571432
22156 1543676
12404 645114
435712 135361818
89677 12614848
260282 62468162
170821 33196605
120296 19608576
32132 2699258
64262 7647418
188192 38391578
991 14235
72391 9145651
147697 26684288
13696 748826
14707 833512
47587 4869943
26336 2001690
14879 848219
19504 1274394
27496 2135680
412687 124769643
31126 2573250
6671 253576
183922 37091342
393829 116311424
151526 27729626
236329 54041024
193132 39914362
62482 7331458
107881 16649945
419987 128096647
92 378
2212 47972
157642 29426882
11477 573952
50722 5359838
51682 5512962
434779 134927039
58654 6667234
493522 163191938
196252 40886252
350704 97730074
403652 120692548
97462 14294722
204481 43486720
130306 22108926
257404 61434234
126757 21211008
289942 73452482
166177 31850977
10154 477334
37402 3391298
182711 36725315
89677 12614848
34717 3032128
90101 12704525
200662 42273218
36047 3208363
475801 154477376
66796 8104826
113051 17862376
355747 99846888
136504 23706544
56954 6379074
154291 28492776
22792 1610778
285391 71728776
9317 419357
2347 52463
61076 7085050
55279 6099339
202567 42877107
460321 146996480
481672 157346842
393829 116311424
1831 36051
409061 123127965
140716 24813276
385004 112421754
46972 4775692
39341 3658901
49456 5160120
2416 54810
278632 69194112
371954 106751374
294529 75203584
11629 585429
343207 94611283
89254 12525594
378886 109751226
113051 17862376
161029 30381184
189421 38768576
446986 140652226
50722 5359838
94396 13624780
409061 123127965
84667 11571432
263176 63513626
306937 80008768
194377 40301248
455536 144709240
6217 228032
6106 221926
9454 428674
226129 50577969
50722 5359838
42196 4065076
61777 7207552
20911 1415115
110216 17194010
289181 73163301
478732 155907708
105571 16117480
210277 45350173
2629 62269
222779 49457384
119317 19369453
421822 128937538
5996 215930
313237 82486272
163307 31028712
20911 1415115
37402 3391298
170821 33196605
278632 69194112
33154 2829314
97462 14294722
344866 95298526
10297 487488
157642 29426882
36047 3208363
9731 447720
195626 40690626
20707 1394408
1712 32568
70501 8789376
136504 23706544
12404 645114
77816 10194160
6106 221926
117371 18897055
86321 11912576
242557 56192837
483637 158311168
65704 7906624
222779 49457384
40471 3817955
193132 39914362
239087 54990472
172 988
491537 162207872
232 1562
113051 17862376
5357 182208
43366 4235610
4852 156948
354062 99137922
39341 3658901
57631 6493320
234956 53570426
411779 124357864
359129 101274944
124751 20709000
296066 75793410
221446 49013826
53957 5881533
267547 65103592
438517 136671757
4006 117570
392942 115918482
280876 70032250
193754 40107494
41042 3899182
88411 12348351
136504 23706544
85906 11826670
160462 30220722
277886 68916226
48206 4965426
20911 1415115
41906 4023170
325222 87268442
7141 280960
2927 73227
5672 198592
18337 1161472
230861 52175040
11477 573952
58312 6608922
352381 98432320
315616 83428360
99236 14687226
214186 46621590
55946 6210230
52976 5721626
431986 133628290
41042 3899182
175529 34579609
11176 551450
57631 6493320
376279 108619784
68266 8374210
239087 54990472
16 26
44552 4410848
154291 28492776
2629 62269
49456 5160120
68636 8442476
483637 158311168
44552 4410848
1954 39774
62129 7269329
306937 80008768
39622 3698242
146612 26390522
781 9920
114004 18088954
57292 6436028
24754 1823694
99682 14786462
490546 161717326
36047 3208363
10586 508226
11936 608840
4096 121576
475801 154477376
3742 106082
220781 48793045
431986 133628290
66796 8104826
322004 85975604
377147 108996063
130817 22239232
351542 98080778
309292 80931932
21529 1478464
220117 48572928
137 697
129796 21979130
324416 86944026
118342 19132282
87572 12172788
287662 72587218
162166 30703810
781 9920
323611 86620415
23437 1679797
3004 76154
18529 1179809
364232 103442458
389404 114355564
53957 5881533
239087 54990472
388522 113967042
1129 17344
108812 16866172
493522 163191938
50087 5259347
272692 66991828
229504 51715354
27731 2163176
259561 62208601
132356 22633220
1771 34280
781 9920
418156 127259420
5887 210043
3161 82240
367654 104904514
420904 128516634
144454 25809474
410872 123946992
300701 77581376
238396 54752076
5461 187565
379 3304
392056 115526426
237017 54277353
3742 106082
237017 54277353
35246 3101826
280127 69752123
77422 10116738
90526 12794626
72391 9145651
369371 105640680
134422 23165738
303032 78485808
185746 37644930
1226 19650
348196 96682980
497504 165171994
195626 40690626
186356 37830676
1654 30914
1541 27776
123257 20337737
122761 20214976
277886 68916226
98791 14588435
154847 28647067
259561 62208601
144992 25953928
271217 66448657
1892 37882
12881 682801
2702 64898
27262 2108418
125752 20959002
7 8
481672 157346842
130306 22108926
409966 123537026
195001 40495625
351542 98080778
11176 551450
46 130
50722 5359838
224116 49903610
106031 16223051
71254 8930754
28681 2275520
18337 1161472
117856 19014426
468029 150705984
106492 16329082
3404 91964
30382 2481362
230861 52175040
5254 176954
495511 164179976
16111 956040
51041 5410560
33931 2929551
2486 57226
286904 72300314
365086 103806690
65342 7841282
344866 95298526
145531 26098920
77816 10194160
16837 1021568
9731 447720
318004 84377594
112576 17749800
50404 5309434
4006 117570
12881 682801
407 3683
191 1160
107417 16542528
406352 121906202
59686 6844226
352381 98432320
5357 182208
240472 55469338
102379 15391279
378016 109373210
33412 2862468
420904 128516634
339077 92907648
426427 131055848
249572 58649892
90101 12704525
53302 5774602
631 7176
118829 19250624
258841 61949760
153736 28339040
259561 62208601
25426 1898626
167911 32351240
19111 1235976
490546 161717326
243952 56678648
8257 349633
70877 8859877
261727 62989448
20504 1373904
465131 149307695
30629 2511744
370231 106010051
70877 8859877
232 1562
413596 125182330
409061 123127965
16837 1021568
1771 34280
106031 16223051
493522 163191938
135982 23570562
4096 121576
169654 32856714
397387 117892072
266816 64836776
20101 1333501
330079 89231899
218792 48134682
230182 51944858
70877 8859877
9731 447720
108346 16757826
3656 102426
380629 110509869
47896 4917530
157642 29426882
39061 3619840
8386 357890
84256 11487176
456491 145164776
472879 153055819
99236 14687226
85079 11656099
64262 7647418
5461 187565
101476 15187876
166754 32017154
106 470
62836 7393940
18146 1143326
118342 19132282
426427 131055848
176122 34755138
207691 44515535
283129 70877129
17956 1125370
479711 156386440
8779 383439
3082 79158
10732 518812
30382 2481362
359977 101634073
394717 116705253
32386 2731390
345697 95643392
33412 2862468
147697 26684288
40756 3858426
32132 2699258
64262 7647418
340726 93586626
334154 90890434
269012 65639418
263176 63513626
29647 2391688
20911 1415115
469966 151643010
100129 14886144
202567 42877107
403652 120692548
106492 16329082
403652 120692548
59686 6844226
37676 3428700
101927 15289352
30877 2542373
410872 123946992
17767 1107603
75079 9660424
37129 3354169
40187 3777768
15932 940108
239087 54990472
12881 682801
178504 35463194
342379 94268904
2 2
418156 127259420
490546 161717326
115441 18432401
165601 31685376
292231 74324595
99682 14786462
83846 11403330
201931 42675176
26336 2001690
56617 6322457
237706 54514370
20707 1394408
2416 54810
7382 295362
247457 57905408
8002 333502
94831 13719176
339077 92907648
5566 193026
88411 12348351
245351 57167251
352381 98432320
185137 37459793
21116 1436026
436 4090
229504 51715354
300701 77581376
18146 1143326
74306 9511426
191 1160
1712 32568
49142 5110978
203204 43079674
214841 46835776
245351 57167251
173167 33883403
13204 708724
66067 7972328
5254 176954
11176 551450
121279 19849659
456491 145164776
6217 228032
335791 91559560
821 10701
216812 47482268
395606 117099970
74692 9585732
77029 10039709
119317 19369453
295297 75498113
321202 85654402
22156 1543676
48829 5062149
140186 24673090
33412 2862468
11326 562626
127766 21465026
180902 36180802
346529 95989089
231541 52405901
7751 317875
205762 43896322
425504 130630344
15932 940108
303032 78485808
63191 7456776
56617 6322457
343207 94611283
437581 136234176
474826 154002550
4006 117570
46666 4729026
20504 1373904
8779 383439
441331 137990120
8912 392218
4187 125672
140186 24673090
263902 63776802
490546 161717326
360826 101994050
162736 30865976
85492 11741178
164452 31355898
257404 61434234
484621 158794805
109747 17084263
465131 149307695
49142 5110978
172579 33710824
216812 47482268
10154 477334
349867 97380207
3656 102426
631 7176
113051 17862376
2146 45826
44254 4366594
330892 89561978
222112 49235272
3161 82240
1379 23479
220781 48793045
280876 70032250
268279 65371139
275654 68087034
442271 138431451
2081 43745
9046 401130
273431 67264520
130306 22108926
468029 150705984
562 6018
363379 103079079
14029 776384
206404 44102084
201296 42473880
29162 2333122
158767 29742728
468997 151174013
99682 14786462
330892 89561978
470936 152112976
468029 150705984
132356 22633220
357436 100559226
596 6580
10012 467322
260282 62468162
49771 5209576
343207 94611283
48517 5013632
271954 66719874
222779 49457384
4754 152194
93097 13344192
485606 159279426
336611 91895351
373681 107496145
433847 134493192
12881 682801
290704 73742424
92 378
15401 893376
70501 8789376
7141 280960
73154 9290814
450776 142445850
31126 2573250
11477 573952
201296 42473880
497504 165171994
85079 11656099
204481 43486720
380629 110509869
25426 1898626
155404 28801914
459362 146537118
228827 51486527
462242 147918082
189421 38768576
90952 12885152
109279 16974984
26107 1975583
248161 58152865
400961 119486976
421822 128937538
6329 234249
98347 14490088
271954 66719874
1 1
72391 9145651
449827 141996023
88832 12436762
116887 18780168
15052 863098
2017 41728
69752 8649498
63904 7583514
408157 122719808
94831 13719176
211 1351
430129 132767104
31376 2604376
15052 863098
4657 147537
367654 104904514
84667 11571432
266816 64836776
53957 5881533
81004 10827804
282377 70594752
1892 37882
5254 176954
178504 35463194
15932 940108
2081 43745
862 11522
10012 467322
91807 13067483
275654 68087034
384127 112037627
359129 101274944
338254 92569394
255971 60921576
191891 39529960
2146 45826
231541 52405901
139657 24533433
204481 43486720
248866 58401026
283882 71160258
24532 1799162
462242 147918082
390287 114744968
346529 95989089
452677 143348352
51361 5461601
180902 36180802
211 1351
64262 7647418
17767 1107603
269746 65908430
3241 85401
77029 10039709
146071 26244451
159331 29901495
7751 317875
9046 401130
216812 47482268
144992 25953928
284636 71444140
562 6018
3742 106082
28204 2218874
455536 144709240
239087 54990472
296066 75793410
277886 68916226
322004 85975604
174937 34404672
457447 145621267
382376 111272000
57631 6493320
43072 4192538
407 3683
436 4090
129796 21979130
436 4090
194377 40301248
2 2
161029 30381184
7 8
309292 80931932
466 4526
339901 93246725
274912 67812122
462242 147918082
232904 52869664
140716 24813276
495511 164179976
90526 12794626
444154 139316934
148241 26831985
82622 11154242
90101 12704525
147154 26537134
269746 65908430
9731 447720
101927 15289352
161597 30542213
436 4090
258841 61949760
176122 34755138
126757 21211008
408157 122719808
173756 34056570
30629 2511744
142846 25379330
83437 11319893
8779 383439
455536 144709240
458404 146078714
105571 16117480
441331 137990120
7261 288101
112576 17749800
193754 40107494
36857 3317312
452677 143348352
94396 13624780
471907 152583912
319601 85014400
81407 10908808
106031 16223051
5152 171802
79402 10507798
1541 27776
385882 112806758
330892 89561978
264629 64040704
122266 20092710
58654 6667234
322807 86297608
244651 56922600
392942 115918482
67 232
11326 562626
96142 14004978
197507 41279383
440392 137549728
53302 5774602
340726 93586626
409966 123537026
37951 3466376
263902 63776802
40471 3817955
34454 2997674
222779 49457384
151526 27729626
292231 74324595
240472 55469338
329267 88902632
529 5489
16291 972151
9731 447720
101927 15289352
53957 5881533
12881 682801
9046 401130
200662 42273218
9592 438128
308506 80623426
52327 5616648
94831 13719176
301 2325
302254 78183554
21529 1478464
220117 48572928
141247 24953992
14879 848219
5672 198592
498502 165669498
200662 42273218
190654 39148034
45452 4545402
475801 154477376
273431 67264520
125251 20833751
375412 108244372
346529 95989089
142846 25379330
52327 5616648
288421 72874880
435712 135361818
380629 110509869
29404 2362284
4279 129859
65342 7841282
454582 144254658
742 9178
409061 123127965
149879 27278344
201931 42675176
94396 13624780
452677 143348352
60379 6963944
69007 8511112
277886 68916226
465131 149307695
17021 1038405
106 470
742 9178
30382 2481362
12247 632867
23221 1656576
18916 1217060
135982 23570562
79004 10428794
207691 44515535
208982 44931562
492529 162699409
153182 28185858
432916 134060276
2347 52463
319601 85014400
38504 3542554
194377 40301248
5779 204264
308506 80623426
68266 8374210
148786 26980226
65342 7841282
367654 104904514
319601 85014400
14366 804610
266816 64836776
141779 25095239
361676 102354876
471907 152583912
95267 13814007
165601 31685376
400961 119486976
385882 112806758
119317 19369453
15052 863098
313237 82486272
336611 91895351
220781 48793045
279379 69472744
146071 26244451
26566 2028026
8386 357890
173167 33883403
23437 1679797
171406 33367426
2851 70376
295297 75498113
216154 47266114
421822 128937538
126757 21211008
140716 24813276
12562 657518
197507 41279383
204481 43486720
2212 47972
140186 24673090
37 93
86321 11912576
10154 477334
29 64
904 12384
6671 253576
379 3304
245351 57167251
3656 102426
304591 79092651
1654 30914
488567 160739203
160462 30220722
9317 419357
244651 56922600
44254 4366594
232222 52637442
67 232
164452 31355898
256687 61177547
10732 518812
9317 419357
116404 18663764
110216 17194010
4852 156948
30877 2542373
261004 62728444
382376 111272000
92666 13251526
109747 17084263
159331 29901495
6671 253576
243952 56678648
458404 146078714
121 576
186356 37830676
385882 112806758
28921 2304201
378886 109751226
21116 1436026
104654 15907714
11176 551450
469966 151643010
89677 12614848
180902 36180802
463204 148380324
149332 27129012
380629 110509869
65704 7906624
4006 117570
5887 210043
165026 31520350
445097 139761088
283882 71160258
384127 112037627
228151 51258376
465131 149307695
332521 90224576
449827 141996023
325222 87268442
16 26
69752 8649498
276397 68362688
274171 67537951
5779 204264
9317 419357
19504 1274394
340726 93586626
106492 16329082
148241 26831985
432916 134060276
44254 4366594
20707 1394408
260282 62468162
991 14235
174937 34404672
46 130
23437 1679797
393829 116311424
432916 134060276
17956 1125370
68636 8442476
397387 117892072
49771 5209576
100129 14886144
11326 562626
76246 9886826
79004 10428794
117371 18897055
396496 117495576
8002 333502
75079 9660424
157081 29269801
18916 1217060
28204 2218874
1831 36051
54286 5935490
334972 91224588
147697 26684288
415417 126010432
1177 18473
179701 35820800
374546 107869826
3161 82240
4951 161800
127261 21337765
457447 145621267
70877 8859877
14536 818976
334972 91224588
7504 302744
485606 159279426
338254 92569394
483637 158311168
38782 3581058
140186 24673090
195001 40495625
444154 139316934
120787 19728872
78607 10350187
41042 3899182
337432 92231962
21737 1499993
446986 140652226
16472 988442
344866 95298526
11477 573952
284636 71444140
220117 48572928
125752 20959002
135982 23570562
114482 18202958
58997 6725888
348196 96682980
410872 123946992
419071 127677576
58997 6725888
133904 23031834
379 3304
57292 6436028
270481 66178176
1276 20876
335791 91559560
280876 70032250
358282 100916662
10154 477334
300701 77581376
48829 5062149
433847 134493192
60032 6903912
432916 134060276
9317 419357
223447 49680163
31126 2573250
474826 154002550
49771 5209576
241166 55709810
397387 117892072
30877 2542373
18337 1161472
412687 124769643
14366 804610
101927 15289352
467062 150238922
238396 54752076
430129 132767104
15226 878150
36316 3244410
821 10701
345697 95643392
439454 137110274
355747 99846888
199397 41873792
67 232
62129 7269329
207691 44515535
320401 85334001
1954 39774
119317 19369453
322004 85975604
153182 28185858
90952 12885152
72011 9073640
316411 83743976
4006 117570
288421 72874880
52651 5668975
128272 21592792
208982 44931562
383251 111654376
26336 2001690
216154 47266114
447932 141099212
299926 77281450
34981 3066845
24091 1750760
14536 818976
86321 11912576
412687 124769643
49142 5110978
17021 1038405
199397 41873792
234271 53336155
444154 139316934
257404 61434234
74692 9585732
190654 39148034
490546 161717326
302254 78183554
259561 62208601
24532 1799162
13367 721928
127766 21465026
4754 152194
498502 165669498
301477 77882077
398279 118289459
8002 333502
401857 119887937
58312 6608922
244651 56922600
91807 13067483
183316 36908026
349867 97380207
1597 29317
63904 7583514
87572 12172788
247457 57905408
59341 6784885
104654 15907714
120787 19728872
8647 374792
142312 25237018
43661 4278976
59341 6784885
449827 141996023
200029 42073189
25201 1873425
103286 15596490
297607 76386312
489556 161227770
172 988
54947 6044392
284636 71444140
125251 20833751
11477 573952
248866 58401026
226129 50577969
5996 215930
47279 4822664
46972 4775692
316411 83743976
23006 1633570
392056 115526426
596 6580
102379 15391279
2017 41728
194377 40301248
22367 1565832
3742 106082
67529 8238784
51361 5461601
404551 121096200
363379 103079079
2702 64898
137551 23980075
446041 140206185
7261 288101
5357 182208
286904 72300314
421822 128937538
331706 89892870
91807 13067483
44552 4410848
198766 41675026
155404 28801914
64981 7776301
169072 32687642
201296 42473880
115922 18547842
241166 55709810
66796 8104826
222112 49235272
200662 42273218
23221 1656576
235642 53805382
4187 125672
343207 94611283
477754 155429954
16654 1004914
128779 21721064
108812 16866172
44552 4410848
143381 25522176
4561 142976
862 11522
67897 8306313
392056 115526426
92236 13159290
299152 76982298
1892 37882
1177 18473
5254 176954
205762 43896322
1226 19650
123257 20337737
129796 21979130
51361 5461601
433847 134493192
59341 6784885
159331 29901495
125251 20833751
385004 112421754
16837 1021568
156521 29113280
277141 68639085
224786 50127726
374546 107869826
280876 70032250
359129 101274944
451726 142896626
365086 103806690
261727 62989448
356591 100202635
356591 100202635
97021 14197701
315616 83428360
132871 22765576
33931 2929551
18337 1161472
330892 89561978
237706 54514370
450776 142445850
462242 147918082
20101 1333501
334972 91224588
5051 166751
123257 20337737
106031 16223051
483637 158311168
146612 26390522
220117 48572928
34981 3066845
36857 3317312
29404 2362284
104197 15803517
41906 4023170
444154 139316934
209629 45140544
203204 43079674
183316 36908026
137551 23980075
1432 24858
468029 150705984
392942 115918482
2212 47972
89254 12525594
375412 108244372
449827 141996023
2851 70376
150427 27428223
62836 7393940
360826 101994050
1432 24858
302254 78183554
28442 2247078
290704 73742424
399172 118687738
147697 26684288
1226 19650
324416 86944026
171992 33538832
352 2952
89677 12614848
375412 108244372
42196 4065076
155404 28801914
147154 26537134
53629 5827904
297607 76386312
92666 13251526
18722 1198338
258841 61949760
862 11522
31879 2667379
105112 16012368
20302 1353602
53302 5774602
178504 35463194
562 6018
300701 77581376
316411 83743976
101476 15187876
121 576
124751 20709000
4 4
143381 25522176
13367 721928
99236 14687226
101476 15187876
222112 49235272
56281 6266176
106 470
9731 447720
239087 54990472
185137 37459793
5672 198592
22156 1543676
214186 46621590
123257 20337737
121279 19849659
246754 57658654
157642 29426882
216812 47482268
382376 111272000
13696 748826
94396 13624780
490546 161717326
208336 44723226
66796 8104826
17021 1038405
61076 7085050
24311 1774851
487579 160251624
322807 86297608
309292 80931932
92666 13251526
59341 6784885
431057 133197233
230861 52175040
411779 124357864
33931 2929551
423661 129782101
49456 5160120
284636 71444140
59341 6784885
110686 17304226
151526 27729626
180902 36180802
43366 4235610
298379 76683919
263902 63776802
239779 55229559
283882 71160258
14536 818976
326837 87919693
498502 165669498
391171 115135255
415417 126010432
159331 29901495
55946 6210230
57971 6550951
364232 103442458
46361 4682665
26797 2054592
260282 62468162
306937 80008768
193132 39914362
1379 23479
131329 22370049
292996 74616826
486592 159765032
96581 14101120
442271 138431451
285391 71728776
33412 2862468
6442 240578
258841 61949760
20302 1353602
56281 6266176
318802 84695598
27967 2190907
39622 3698242
2486 57226
78607 10350187
7504 302744
301 2325
310079 81241224
220117 48572928
239779 55229559
418156 127259420
416329 126425849
436646 135797530
196252 40886252
73537 9363968
91379 12976104
90526 12794626
65704 7906624
70501 8789376
43072 4192538
25879 1949704
182711 36725315
4096 121576
97021 14197701
28681 2275520
36586 3280726
254542 60411778
305372 79397242
52327 5616648
596 6580
163307 31028712
5566 193026
97904 14392184
107881 16649945
92666 13251526
85492 11741178
139129 24394304
257404 61434234
95267 13814007
427351 131482275
362527 102716552
194377 40301248
59341 6784885
46361 4682665
223447 49680163
477754 155429954
21529 1478464
342379 94268904
70501 8789376
83437 11319893
463204 148380324
97904 14392184
14029 776384
6442 240578
157642 29426882
65704 7906624
92666 13251526
11477 573952
142846 25379330
3404 91964
21322 1457142
188192 38391578
39061 3619840
166754 32017154
395606 117099970
13696 748826
1276 20876
163879 31192019
460321 146996480
92 378
399172 118687738
171992 33538832
361676 102354876
35246 3101826
1771 34280
122266 20092710
26336 2001690
418156 127259420
114004 18088954
324416 86944026
185746 37644930
86737 11998897
305372 79397242
6556 247020
90526 12794626
155962 28957318
2629 62269
379 3304
23221 1656576
185746 37644930
30629 2511744
349867 97380207
483637 158311168
61777 7207552
101927 15289352
404551 121096200
469966 151643010
5152 171802
145531 26098920
415417 126010432
29162 2333122
161597 30542213
389404 114355564
429202 132337902
220117 48572928
32132 2699258
385882 112806758
157642 29426882
193132 39914362
250987 59149743
6904 267034
82622 11154242
12562 657518
21946 1521730
198766 41675026
2416 54810
85079 11656099
169072 32687642
102832 15493658
7382 295362
14536 818976
46057 4636608
59341 6784885
41906 4023170
89254 12525594
1327 22152
4372 134138
314822 83113538
398279 118289459
305372 79397242
306154 79702614
28204 2218874
138602 24255702
142312 25237018
262451 63251175
253117 59904832
426427 131055848
411779 124357864
64981 7776301
76246 9886826
97021 14197701
414506 125595926
403652 120692548
7382 295362
330892 89561978
31126 2573250
50722 5359838
336611 91895351
27967 2190907
69752 8649498
43957 4322637
93962 13530818
228151 51258376
287662 72587218
92 378
166754 32017154
3656 102426
107417 16542528
216154 47266114
179102 35641698
12562 657518
480691 156866151
264629 64040704
320401 85334001
2486 57226
14029 776384
347362 96335618
263902 63776802
408157 122719808
79402 10507798
165601 31685376
3241 85401
327646 88246530
186356 37830676
186967 38017032
498502 165669498
52004 5564644
46972 4775692
307721 80315705
285391 71728776
341552 93927352
137 697
57631 6493320
277886 68916226
2 2
7 8
21737 1499993
139657 24533433
7504 302744
230861 52175040
7382 295362
486592 159765032
51361 5461601
22156 1543676
316411 83743976
341552 93927352
118829 19250624
482654 157828514
397387 117892072
245351 57167251
35246 3101826
2146 45826
336611 91895351
212879 46195179
194377 40301248
274171 67537951
196252 40886252
224116 49903610
76246 9886826
33931 2929551
241861 55950976
159331 29901495
145531 26098920
24091 1750760
310867 81551303
54947 6044392
222112 49235272
425504 130630344
102379 15391279
26797 2054592
408157 122719808
123257 20337737
1892 37882
63904 7583514
26566 2028026
253829 60157949
188192 38391578
114004 18088954
205762 43896322
183316 36908026
198136 41476890
30136 2451226
43366 4235610
8647 374792
27029 2081389
489556 161227770
26566 2028026
193132 39914362
460321 146996480
491537 162207872
38227 3504327
500501 166667501
179102 35641698
7022 273938
496507 164675487
271954 66719874
190654 39148034
378886 109751226
50087 5259347
138602 24255702
55612 6154618
292996 74616826
13367 721928
3742 106082
82216 11072026
246754 57658654
93962 13530818
319601 85014400
7261 288101
449827 141996023
407254 122312554
1771 34280
436646 135797530
87991 12260360
198136 41476890
289181 73163301
356591 100202635
36047 3208363
471907 152583912
43661 4278976
189421 38768576
359977 101634073
67162 8171622
11176 551450
414506 125595926
79402 10507798
92666 13251526
41617 3981553
63191 7456776
6442 240578
232222 52637442
51682 5512962
307721 80315705
450776 142445850
487579 160251624
216154 47266114
381502 110890498
239087 54990472
248866 58401026
232222 52637442
154847 28647067
336611 91895351
18722 1198338
156521 29113280
455536 144709240
19702 1293898
49142 5110978
61426 7146126
5887 210043
114004 18088954
316411 83743976
164452 31355898
95267 13814007
55279 6099339
367654 104904514
1036 15226
186356 37830676
104197 15803517
408157 122719808
418156 127259420
15401 893376
410872 123946992
134422 23165738
222779 49457384
334154 90890434
387641 113579401
480691 156866151
7 8
36047 3208363
5887 210043
155962 28957318
310079 81241224
120296 19608576
70501 8789376
21322 1457142
63904 7583514
24532 1799162
338254 92569394
65704 7906624
58312 6608922
7627 310248
98791 14588435
406352 121906202
75079 9660424
106031 16223051
17767 1107603
371092 106380282
2146 45826
453629 143801029
498502 165669498
152077 27881152
241166 55709810
195626 40690626
122761 20214976
39061 3619840
292996 74616826
20101 1333501
38504 3542554
115922 18547842
404551 121096200
23437 1679797
105571 16117480
60379 6963944
402754 120289794
2629 62269
336611 91895351
455536 144709240
499501 166168000
222779 49457384
121 576
2212 47972
103286 15596490
6442 240578
380629 110509869
11 15
122266 20092710
137 697
389404 114355564
159331 29901495
488567 160739203
7022 273938
21529 1478464
201931 42675176
327646 88246530
410872 123946992
406352 121906202
370231 106010051
203204 43079674
486592 159765032
147697 26684288
152629 28033229
436 4090
314029 82799509
26566 2028026
10012 467322
392942 115918482
55279 6099339
17767 1107603
100577 14986273
497 4992
271954 66719874
37 93
319601 85014400
86737 11998897
268279 65371139
15226 878150
7627 310248
64981 7776301
27029 2081389
354904 99491984
492529 162699409
147154 26537134
781 9920
266816 64836776
141779 25095239
34717 3032128
296066 75793410
43957 4322637
10879 529544
407254 122312554
215497 47050617
217471 47699080
439454 137110274
2212 47972
123754 20460994
162166 30703810
409966 123537026
391171 115135255
416329 126425849
59686 6844226
57971 6550951
76637 9963072
386761 113192640
14197 790413
467062 150238922
98791 14588435
129796 21979130
487579 160251624
5461 187565
74306 9511426
453629 143801029
326837 87919693
6442 240578
4006 117570
464167 148843528
340726 93586626
1036 15226
342379 94268904
135461 23435101
381502 110890498
25879 1949704
36316 3244410
188806 38579770
277141 68639085
6904 267034
402754 120289794
15754 924354
31627 2635752
402754 120289794
133387 22898447
334972 91224588
7261 288101
126254 21084754
187579 38203999
11176 551450
15401 893376
326 2626
254 1794
381502 110890498
90526 12794626
349867 97380207
220117 48572928
232904 52869664
90952 12885152
303032 78485808
139129 24394304
50722 5359838
75467 9735503
360826 101994050
374546 107869826
26107 1975583
4466 138510
182711 36725315
55279 6099339
17392 1072632
235642 53805382
7382 295362
396496 117495576
260282 62468162
446041 140206185
491537 162207872
55946 6210230
43661 4278976
24091 1750760
178504 35463194
562 6018
2702 64898
478732 155907708
667 7807
19901 1313600
79004 10428794
243952 56678648
115922 18547842
239087 54990472
73154 9290814
201931 42675176
153182 28185858
264629 64040704
355747 99846888
480691 156866151
108346 16757826
290704 73742424
277886 68916226
179102 35641698
4657 147537
224116 49903610
470936 152112976
8386 357890
137027 23843048
3004 76154
427351 131482275
449827 141996023
173756 34056570
947 13288
391171 115135255
31879 2667379
51682 5512962
39622 3698242
451726 142896626
45754 4590854
291467 74033128
50722 5359838
411779 124357864
470936 152112976
476777 154953177
267547 65103592
205762 43896322
326837 87919693
37129 3354169
499501 166168000
70126 8719250
120296 19608576
14366 804610
303032 78485808
318004 84377594
420904 128516634
314822 83113538
466096 149772826
3241 85401
12247 632867
88411 12348351
303811 78788840
10012 467322
308506 80623426
2557 59712
170237 33026368
264629 64040704
49771 5209576
147154 26537134
455536 144709240
63191 7456776
20911 1415115
37676 3428700
438517 136671757
420904 128516634
452677 143348352
349031 97031176
4951 161800
222112 49235272
277886 68916226
374546 107869826
17767 1107603
203842 43282878
109747 17084263
32641 2763776
90952 12885152
34454 2997674
379757 110130112
86321 11912576
28921 2304201
330892 89561978
99236 14687226
41042 3899182
127766 21465026
359129 101274944
316411 83743976
262451 63251175
29404 2362284
103741 15699776
46361 4682665
179102 35641698
20504 1373904
2081 43745
258841 61949760
361676 102354876
278632 69194112
704 8474
24091 1750760
76637 9963072
400961 119486976
259561 62208601
360826 101994050
416329 126425849
7 8
21737 1499993
347362 96335618
37402 3391298
176716 34931260
120296 19608576
334972 91224588
473852 153528698
171406 33367426
374546 107869826
457447 145621267
465131 149307695
114482 18202958
252406 59652426
359977 101634073
8779 383439
3829 109824
139657 24533433
174937 34404672
18529 1179809
274171 67537951
131329 22370049
77422 10116738
83029 11236864
267547 65103592
464167 148843528
225457 50352512
379 3304
45754 4590854
73154 9290814
156521 29113280
479711 156386440
81407 10908808
439454 137110274
95704 13909274
385882 112806758
136504 23706544
2 2
38504 3542554
253829 60157949
39061 3619840
496507 164675487
79801 10587200
10732 518812
173756 34056570
12247 632867
10586 508226
58312 6608922
271954 66719874
100129 14886144
310079 81241224
155404 28801914
139657 24533433
14707 833512
127766 21465026
54616 5989776
45452 4545402
1226 19650
277141 68639085
30629 2511744
496507 164675487
268279 65371139
10586 508226
255256 60666320
85906 11826670
2851 70376
311656 81862170
416329 126425849
17579 1090024
294529 75203584
3742 106082
71254 8930754
48206 4965426
278632 69194112
57631 6493320
455536 144709240
302254 78183554
60032 6903912
59686 6844226
91807 13067483
10154 477334
83846 11403330
12404 645114
330892 89561978
354904 99491984
2486 57226
62129 7269329
7504 302744
19111 1235976
373681 107496145
58312 6608922
4466 138510
165601 31685376
403652 120692548
378016 109373210
430129 132767104
334972 91224588
256687 61177547
84256 11487176
303811 78788840
21946 1521730
342379 94268904
3082 79158
182711 36725315
28921 2304201
243254 56435394
173756 34056570
14029 776384
12404 645114
468029 150705984
31126 2573250
243254 56435394
76246 9886826
382376 111272000
47896 4917530
172 988
232 1562
115441 18432401
36047 3208363
16654 1004914
15401 893376
480691 156866151
245351 57167251
144454 25809474
491537 162207872
374546 107869826
42487 4107272
140186 24673090
63904 7583514
435712 135361818
297607 76386312
349031 97031176
349031 97031176
237017 54277353
55279 6099339
23006 1633570
275654 68087034
67 232
32641 2763776
266086 64570690
255971 60921576
6671 253576
25426 1898626
142312 25237018
478732 155907708
84256 11487176
378016 109373210
86321 11912576
76637 9963072
344866 95298526
403652 120692548
821 10701
255971 60921576
388522 113967042
165026 31520350
376279 108619784
29647 2391688
124252 20584748
173167 33883403
6556 247020
182711 36725315
89254 12525594
96581 14101120
133387 22898447
459362 146537118
145531 26098920
287662 72587218
27262 2108418
1892 37882
1226 19650
188806 38579770
2146 45826
20504 1373904
295297 75498113
88832 12436762
51361 5461601
322004 85975604
172 988
183922 37091342
101026 15086850
117856 19014426
328456 88574176
411779 124357864
132356 22633220
137551 23980075
43957 4322637
60727 7024323
203842 43282878
373681 107496145
85079 11656099
4372 134138
210926 45560450
12247 632867
351542 98080778
239087 54990472
292231 74324595
84256 11487176
124252 20584748
409061 123127965
100577 14986273
306154 79702614
28204 2218874
420904 128516634
174346 34230326
207047 44308488
285391 71728776
24311 1774851
128272 21592792
385004 112421754
35779 3172584
43366 4235610
334154 90890434
24091 1750760
29404 2362284
181504 36361704
380629 110509869
130817 22239232
14197 790413
81811 10990215
149332 27129012
326837 87919693
51361 5461601
8129 341504
432916 134060276
300701 77581376
103286 15596490
234956 53570426
77816 10194160
25879 1949704
55612 6154618
781 9920
193754 40107494
5566 193026
23437 1679797
430129 132767104
7751 317875
128272 21592792
98347 14490088
349031 97031176
17021 1038405
21529 1478464
359977 101634073
29891 2421335
464167 148843528
18722 1198338
341552 93927352
4657 147537
161029 30381184
169072 32687642
312446 82173826
211 1351
335791 91559560
158204 29584524
146071 26244451
118342 19132282
53957 5881533
339901 93246725
53629 5827904
312446 82173826
334972 91224588
41042 3899182
103741 15699776
215497 47050617
88832 12436762
2347 52463
163307 31028712
149332 27129012
47896 4917530
399172 118687738
41617 3981553
7382 295362
67529 8238784
21737 1499993
427351 131482275
24754 1823694
9871 457451
294529 75203584
334972 91224588
70126 8719250
163307 31028712
241861 55950976
20101 1333501
226129 50577969
430129 132767104
182711 36725315
5152 171802
39341 3658901
5779 204264
56954 6379074
115441 18432401
2416 54810
344866 95298526
21529 1478464
1379 23479
58312 6608922
232 1562
97021 14197701
132356 22633220
3487 95368
306937 80008768
51682 5512962
781 9920
34192 2963482
159896 30060826
284636 71444140
224786 50127726
39904 3737864
458404 146078714
458404 146078714
410872 123946992
295297 75498113
274912 67812122
61777 7207552
153736 28339040
36857 3317312
280127 69752123
76637 9963072
75856 9810970
217471 47699080
61777 7207552
8912 392218
4657 147537
704 8474
4 4
426427 131055848
781 9920
432916 134060276
148786 26980226
404551 121096200
4187 125672
7876 325626
67 232
166177 31850977
20911 1415115
419071 127677576
27967 2190907
199397 41873792
397387 117892072
269746 65908430
345697 95643392
4096 121576
407 3683
301477 77882077
490546 161717326
181504 36361704
95704 13909274
58654 6667234
255971 60921576
101026 15086850
631 7176
12562 657518
15401 893376
2851 70376
441331 137990120
396496 117495576
90526 12794626
17021 1038405
15932 940108
458404 146078714
53302 5774602
171406 33367426
135982 23570562
105571 16117480
370231 106010051
500501 166667501
279379 69472744
132871 22765576
9592 438128
206404 44102084
42779 4149759
498502 165669498
19702 1293898
21737 1499993
126757 21211008
97462 14294722
305372 79397242
52004 5564644
9317 419357
466 4526
13862 762522
106954 16435574
442271 138431451
147154 26537134
12721 670080
314029 82799509
47896 4917530
37951 3466376
947 13288
65704 7906624
24091 1750760
225457 50352512
393829 116311424
10154 477334
4754 152194
274912 67812122
94831 13719176
101927 15289352
33154 2829314
168491 32519151
25879 1949704
368512 105272168
4466 138510
61076 7085050
35512 3137072
143381 25522176
404551 121096200
175529 34579609
75079 9660424
1486 26290
8386 357890
340726 93586626
21529 1478464
61777 7207552
8002 333502
138076 24117626
470936 152112976
235642 53805382
113527 17975427
148241 26831985
230182 51944858
154 834
101927 15289352
475801 154477376
5152 171802
364232 103442458
3917 113653
244651 56922600
139129 24394304
165601 31685376
216154 47266114
239779 55229559
18337 1161472
27496 2135680
991 14235
70126 8719250
455536 144709240
304591 79092651
253829 60157949
155962 28957318
39904 3737864
15932 940108
371092 106380282
368512 105272168
1771 34280
188806 38579770
365941 104171776
443212 138873722
203842 43282878
947 13288
15754 924354
381502 110890498
186967 38017032
58654 6667234
106031 16223051
91807 13067483
194377 40301248
114004 18088954
29 64
171992 33538832
278632 69194112
56617 6322457
58654 6667234
237706 54514370
355747 99846888
19307 1255087
991 14235
91379 12976104
15052 863098
301 2325
113527 17975427
91379 12976104
381502 110890498
237017 54277353
92666 13251526
318802 84695598
188192 38391578
154 834
351542 98080778
398279 118289459
137551 23980075
173756 34056570
183922 37091342
2347 52463
43957 4322637
109279 16974984
11782 597058
91807 13067483
1276 20876
46361 4682665
82622 11154242
49456 5160120
54947 6044392
303811 78788840
704 8474
102379 15391279
6106 221926
92666 13251526
436646 135797530
372817 107123328
344036 94954490
463204 148380324
81811 10990215
124751 20709000
54947 6044392
153736 28339040
255971 60921576
13531 735295
96142 14004978
292231 74324595
2629 62269
5779 204264
497 4992
336611 91895351
1226 19650
167911 32351240
326837 87919693
135982 23570562
4096 121576
259561 62208601
489556 161227770
192511 39721851
181504 36361704
439454 137110274
4279 129859
168491 32519151
54286 5935490
73154 9290814
82216 11072026
379 3304
49771 5209576
15401 893376
206404 44102084
492529 162699409
215497 47050617
326029 87593664
122761 20214976
173756 34056570
36857 3317312
7 8
165601 31685376
232222 52637442
21946 1521730
143917 25665557
381502 110890498
43072 4192538
21322 1457142
61426 7146126
239087 54990472
339901 93246725
36047 3208363
116887 18780168
51682 5512962
2416 54810
359129 101274944
46972 4775692
27967 2190907
95267 13814007
1082 16262
88411 12348351
258841 61949760
79 299
2279 50184
40756 3858426
2347 52463
210277 45350173
19702 1293898
27029 2081389
57292 6436028
276397 68362688
61777 7207552
457447 145621267
56617 6322457
255256 60666320
39622 3698242
269012 65639418
195626 40690626
424582 130205762
304591 79092651
7627 310248
130817 22239232
33154 2829314
492529 162699409
232 1562
47279 4822664
57292 6436028
382376 111272000
50087 5259347
386761 113192640
266816 64836776
13367 721928
268279 65371139
225457 50352512
126757 21211008
362527 102716552
380629 110509869
742 9178
115441 18432401
1541 27776
53302 5774602
54947 6044392
154291 28492776
37129 3354169
182711 36725315
49456 5160120
81004 10827804
107881 16649945
489556 161227770
286147 72014167
400961 119486976
330079 89231899
71632 9002008
251696 59400730
24754 1823694
114004 18088954
1082 16262
114004 18088954
32641 2763776
269012 65639418
144454 25809474
148241 26831985
453629 143801029
250279 58899464
49142 5110978
260282 62468162
98347 14490088
391171 115135255
445097 139761088
318802 84695598
66067 7972328
154291 28492776
213532 46408058
494516 163685460
58312 6608922
224786 50127726
85079 11656099
104197 15803517
180902 36180802
164452 31355898
76637 9963072
34192 2963482
58997 6725888
51361 5461601
148241 26831985
274171 67537951
10154 477334
146612 26390522
20302 1353602
251696 59400730
312446 82173826
50722 5359838
64981 7776301
104654 15907714
446041 140206185
78607 10350187
360826 101994050
1771 34280
318802 84695598
9592 438128
161029 30381184
12247 632867
381502 110890498
88411 12348351
226129 50577969
16837 1021568
328456 88574176
193754 40107494
14029 776384
6329 234249
333337 90557097
20911 1415115
212227 45982952
304591 79092651
174937 34404672
269746 65908430
17206 1055426
383251 111654376
34192 2963482
156521 29113280
1327 22152
372817 107123328
20302 1353602
203842 43282878
144454 25809474
41906 4023170
4852 156948
12404 645114
56281 6266176
180301 36000501
81407 10908808
149879 27278344
292231 74324595
65704 7906624
51682 5512962
261004 62728444
159331 29901495
407 3683
71632 9002008
207047 44308488
271217 66448657
51682 5512962
314029 82799509
388522 113967042
2776 67600
7022 273938
69379 8580119
22367 1565832
103286 15596490
220117 48572928
77816 10194160
16111 956040
11782 597058
70501 8789376
9181 410176
170237 33026368
264629 64040704
147154 26537134
491537 162207872
71632 9002008
72391 9145651
497504 165171994
250279 58899464
24754 1823694
18916 1217060
168491 32519151
222112 49235272
492529 162699409
50404 5309434
23221 1656576
466096 149772826
381502 110890498
305372 79397242
169072 32687642
30382 2481362
147154 26537134
360826 101994050
185137 37459793
125752 20959002
190037 38957997
222779 49457384
371092 106380282
140186 24673090
191 1160
169072 32687642
75079 9660424
35779 3172584
5779 204264
73537 9363968
494516 163685460
137027 23843048
87991 12260360
376279 108619784
364232 103442458
101927 15289352
195001 40495625
407 3683
44552 4410848
297607 76386312
300701 77581376
36586 3280726
5357 182208
111157 17414912
446986 140652226
88411 12348351
309292 80931932
22 42
10154 477334
55946 6210230
81811 10990215
191 1160
16472 988442
15226 878150
97462 14294722
54286 5935490
8257 349633
396496 117495576
216154 47266114
28204 2218874
108812 16866172
16 26
325222 87268442
17392 1072632
21529 1478464
407254 122312554
16837 1021568
287662 72587218
110686 17304226
258841 61949760
93097 13344192
57292 6436028
476777 154953177
438517 136671757
341552 93927352
299926 77281450
103741 15699776
118829 19250624
167332 32183908
251696 59400730
66796 8104826
139129 24394304
4754 152194
10879 529544
20101 1333501
95267 13814007
21737 1499993
77816 10194160
108346 16757826
57971 6550951
153736 28339040
19702 1293898
15577 908777
175529 34579609
466096 149772826
110686 17304226
66067 7972328
1 1
12721 670080
21322 1457142
16472 988442
95267 13814007
162166 30703810
255256 60666320
107881 16649945
430129 132767104
267547 65103592
7627 310248
114482 18202958
1771 34280
439454 137110274
21946 1521730
429202 132337902
106 470
239779 55229559
70501 8789376
67529 8238784
90101 12704525
263176 63513626
21737 1499993
210926 45560450
82216 11072026
161597 30542213
21529 1478464
393829 116311424
44851 4455400
464167 148843528
254 1794
53302 5774602
34454 2997674
289181 73163301
10879 529544
248866 58401026
232 1562
16291 972151
419071 127677576
128272 21592792
46057 4636608
330892 89561978
106031 16223051
170237 33026368
232222 52637442
182711 36725315
84667 11571432
79 299
34454 2997674
324416 86944026
72391 9145651
433847 134493192
21737 1499993
82622 11154242
239087 54990472
355747 99846888
77422 10116738
317207 84060387
56281 6266176
75856 9810970
243952 56678648
203842 43282878
331706 89892870
280127 69752123
161029 30381184
419071 127677576
13367 721928
301477 77882077
16 26
28681 2275520
115922 18547842
140716 24813276
18722 1198338
409061 123127965
1226 19650
1712 32568
278632 69194112
441331 137990120
26107 1975583
58312 6608922
742 9178
236329 54041024
207691 44515535
303032 78485808
259561 62208601
12721 670080
15401 893376
29162 2333122
222112 49235272
947 13288
27496 2135680
61076 7085050
49142 5110978
451726 142896626
466 4526
2776 67600
1541 27776
182711 36725315
1831 36051
431057 133197233
17206 1055426
58312 6608922
481672 157346842
12404 645114
310867 81551303
470936 152112976
482654 157828514
320401 85334001
54616 5989776
429202 132337902
48517 5013632
39341 3658901
98347 14490088
160462 30220722
218131 47916551
340726 93586626
120787 19728872
440392 137549728
109279 16974984
107417 16542528
483637 158311168
206404 44102084
229504 51715354
122761 20214976
115441 18432401
428276 131909626
263902 63776802
92666 13251526
260282 62468162
7627 310248
305372 79397242
413596 125182330
97904 14392184
1226 19650
1541 27776
212879 46195179
315616 83428360
186356 37830676
149879 27278344
379757 110130112
64981 7776301
3571 98855
289181 73163301
217471 47699080
28681 2275520
129287 21849843
469966 151643010
51041 5410560
431057 133197233
385882 112806758
431057 133197233
224116 49903610
113051 17862376
33154 2829314
15754 924354
6556 247020
389404 114355564
93097 13344192
308506 80623426
103741 15699776
52327 5616648
9317 419357
241166 55709810
102379 15391279
101927 15289352
20911 1415115
5996 215930
14536 818976
127766 21465026
30136 2451226
113051 17862376
4466 138510
250279 58899464
153182 28185858
16837 1021568
117371 18897055
130817 22239232
226802 50804098
352381 98432320
1597 29317
220781 48793045
310079 81241224
2017 41728
82216 11072026
161029 30381184
411779 124357864
121 576
380629 110509869
12721 670080
11629 585429
499501 166168000
173167 33883403
9317 419357
267547 65103592
18337 1161472
32641 2763776
357436 100559226
131842 22501378
316411 83743976
43661 4278976
141247 24953992
300701 77581376
37 93
48829 5062149
396496 117495576
6787 260247
489556 161227770
59341 6784885
276397 68362688
13696 748826
292231 74324595
266816 64836776
51682 5512962
154847 28647067
704 8474
7751 317875
157642 29426882
379757 110130112
322807 86297608
23654 1703234
180902 36180802
255971 60921576
120787 19728872
392942 115918482
123754 20460994
78211 10271976
392942 115918482
20911 1415115
232 1562
393829 116311424
7504 302744
1892 37882
157081 29269801
19901 1313600
145531 26098920
47896 4917530
446041 140206185
18146 1143326
108346 16757826
17206 1055426
50404 5309434
43366 4235610
36316 3244410
414506 125595926
6106 221926
278632 69194112
35512 3137072
288421 72874880
400961 119486976
2851 70376
69007 8511112
12404 645114
246754 57658654
70877 8859877
39341 3658901
439454 137110274
34717 3032128
223447 49680163
124252 20584748
467062 150238922
35779 3172584
418156 127259420
224116 49903610
146612 26390522
301477 77882077
3082 79158
2851 70376
362527 102716552
17579 1090024
11782 597058
32386 2731390
296066 75793410
24532 1799162
414506 125595926
1432 24858
489556 161227770
365941 104171776
35779 3172584
113527 17975427
323611 86620415
34981 3066845
53957 5881533
7876 325626
164452 31355898
11176 551450
434779 134927039
45151 4500251
368512 105272168
277886 68916226
85906 11826670
14197 790413
47587 4869943
243254 56435394
154847 28647067
3487 95368
105112 16012368
20911 1415115
231541 52405901
198766 41675026
11326 562626
104197 15803517
52976 5721626
52004 5564644
35246 3101826
83437 11319893
364232 103442458
109279 16974984
269012 65639418
155404 28801914
208982 44931562
15754 924354
203204 43079674
83029 11236864
161597 30542213
303811 78788840
304591 79092651
76246 9886826
73154 9290814
301477 77882077
10297 487488
368512 105272168
947 13288
84667 11571432
20101 1333501
96581 14101120
91379 12976104
492529 162699409
326837 87919693
148786 26980226
1 1
305372 79397242
292231 74324595
19901 1313600
7382 295362
198136 41476890
6329 234249
32132 2699258
154291 28492776
19702 1293898
62129 7269329
462242 147918082
84667 11571432
15401 893376
44552 4410848
23654 1703234
126254 21084754
40756 3858426
57292 6436028
81811 10990215
316411 83743976
53629 5827904
69752 8649498
207047 44308488
110686 17304226
121772 19970938
22156 1543676
208336 44723226
122761 20214976
294529 75203584
206404 44102084
48829 5062149
326 2626
482654 157828514
33671 2895880
100129 14886144
436646 135797530
207047 44308488
460321 146996480
228827 51486527
166177 31850977
4852 156948
11326 562626
61076 7085050
379 3304
142846 25379330
16472 988442
361676 102354876
79801 10587200
130817 22239232
113051 17862376
364232 103442458
9046 401130
269746 65908430
134941 23300160
180301 36000501
150427 27428223
67 232
74692 9585732
32897 2796417
179701 35820800
78607 10350187
391171 115135255
339901 93246725
16291 972151
58997 6725888
350704 97730074
66067 7972328
186356 37830676
7504 302744
56954 6379074
185137 37459793
186356 37830676
2557 59712
443212 138873722
350704 97730074
310079 81241224
302254 78183554
412687 124769643
53302 5774602
29647 2391688
4372 134138
291467 74033128
2416 54810
489556 161227770
365941 104171776
7751 317875
127766 21465026
90952 12885152
1771 34280
257404 61434234
460321 146996480
4951 161800
148786 26980226
292996 74616826
125251 20833751
53302 5774602
181504 36361704
115441 18432401
419071 127677576
36316 3244410
494516 163685460
128272 21592792
54616 5989776
126757 21211008
42487 4107272
280876 70032250
64262 7647418
470936 152112976
82216 11072026
281626 70313126
91379 12976104
452677 143348352
2416 54810
77422 10116738
376279 108619784
100577 14986273
68636 8442476
318802 84695598
3742 106082
230182 51944858
14366 804610
378016 109373210
336611 91895351
1177 18473
268279 65371139
276397 68362688
349867 97380207
323611 86620415
24977 1848448
442271 138431451
433847 134493192
337432 92231962
235642 53805382
485606 159279426
72391 9145651
3404 91964
61076 7085050
180902 36180802
417242 126842178
67897 8306313
104197 15803517
84256 11487176
173756 34056570
112102 17637698
186967 38017032
7504 302744
475801 154477376
154 834
75856 9810970
127261 21337765
140716 24813276
3742 106082
318802 84695598
86737 11998897
15932 940108
7627 310248
2 2
118829 19250624
335791 91559560
1831 36051
175529 34579609
418156 127259420
354062 99137922
8257 349633
2 2
17392 1072632
17206 1055426
26566 2028026
218131 47916551
277141 68639085
301 2325
91807 13067483
267547 65103592
335791 91559560
39341 3658901
304591 79092651
460321 146996480
11326 562626
456491 145164776
331706 89892870
93097 13344192
313237 82486272
180301 36000501
67162 8171622
220117 48572928
44552 4410848
490546 161717326
67529 8238784
54616 5989776
392056 115526426
269012 65639418
7 8
161029 30381184
63547 7519967
7876 325626
125752 20959002
193132 39914362
123257 20337737
400066 119086910
408157 122719808
205762 43896322
84256 11487176
301477 77882077
378886 109751226
302254 78183554
466096 149772826
24977 1848448
562 6018
128779 21721064
32386 2731390
96581 14101120
51682 5512962
87572 12172788
79004 10428794
263176 63513626
15401 893376
225457 50352512
40187 3777768
67897 8306313
241861 55950976
193132 39914362
354062 99137922
90952 12885152
319601 85014400
261004 62728444
7504 302744
27029 2081389
341552 93927352
479711 156386440
53629 5827904
222112 49235272
3082 79158
368512 105272168
78211 10271976
191 1160
44552 4410848
299926 77281450
125752 20959002
314822 83113538
359129 101274944
64621 7711680
39341 3658901
1 1
459362 146537118
306937 80008768
466096 149772826
48206 4965426
149879 27278344
5357 182208
199397 41873792
172579 33710824
198136 41476890
65704 7906624
430129 132767104
5779 204264
419987 128096647
255256 60666320
529 5489
325222 87268442
2851 70376
15754 924354
172579 33710824
90526 12794626
3742 106082
243254 56435394
315616 83428360
192511 39721851
3004 76154
58654 6667234
145531 26098920
77422 10116738
230182 51944858
270481 66178176
197507 41279383
125251 20833751
12404 645114
216154 47266114
68266 8374210
18722 1198338
408157 122719808
126254 21084754
1082 16262
286147 72014167
23437 1679797
236329 54041024
162736 30865976
6329 234249
198136 41476890
102379 15391279
288421 72874880
78607 10350187
326837 87919693
55279 6099339
14707 833512
742 9178
109279 16974984
251696 59400730
387641 113579401
19702 1293898
131842 22501378
84256 11487176
226802 50804098
271954 66719874
171406 33367426
63547 7519967
137 697
458404 146078714
233587 53102568
46 130
291467 74033128
8002 333502
208336 44723226
171992 33538832
427351 131482275
3004 76154
53957 5881533
2081 43745
347362 96335618
351542 98080778
120296 19608576
82216 11072026
36316 3244410
5152 171802
37676 3428700
368512 105272168
230182 51944858
30382 2481362
119806 19488770
7382 295362
105112 16012368
64262 7647418
19111 1235976
72772 9218042
355747 99846888
106954 16435574
155962 28957318
179102 35641698
32132 2699258
290704 73742424
39341 3658901
404551 121096200
358282 100916662
139657 24533433
269746 65908430
23437 1679797
37129 3354169
12562 657518
292231 74324595
234956 53570426
42779 4149759
256687 61177547
179701 35820800
364232 103442458
98791 14588435
97021 14197701
22367 1565832
169654 32856714
3004 76154
342379 94268904
2776 67600
27262 2108418
131329 22370049
72011 9073640
312446 82173826
101026 15086850
187579 38203999
70877 8859877
330079 89231899
430129 132767104
5357 182208
30629 2511744
154 834
161597 30542213
12091 620776
153736 28339040
243254 56435394
473852 153528698
72011 9073640
52651 5668975
333337 90557097
322807 86297608
33412 2862468
274171 67537951
282377 70594752
177907 35285287
100129 14886144
166177 31850977
57292 6436028
138076 24117626
232222 52637442
299926 77281450
405451 121500751
4466 138510
69379 8580119
179102 35641698
271954 66719874
24311 1774851
158767 29742728
79 299
211 1351
62129 7269329
219454 48353474
244651 56922600
277886 68916226
191272 39338688
347362 96335618
79 299
71254 8930754
74306 9511426
90952 12885152
78211 10271976
251696 59400730
246052 57412602
123754 20460994
179701 35820800
20707 1394408
56281 6266176
371954 106751374
85492 11741178
474826 154002550
80201 10667001
449827 141996023
407254 122312554
358282 100916662
7751 317875
38782 3581058
2416 54810
11 15
83846 11403330
862 11522
401857 119887937
1129 17344
2 2
254 1794
155962 28957318
161029 30381184
2146 45826
358282 100916662
175529 34579609
158767 29742728
314822 83113538
263902 63776802
272692 66991828
37951 3466376
98347 14490088
95704 13909274
43957 4322637
73154 9290814
24091 1750760
354904 99491984
55612 6154618
60727 7024323
32641 2763776
5254 176954
31627 2635752
14879 848219
473852 153528698
83846 11403330
342379 94268904
79402 10507798
431986 133628290
6904 267034
201296 42473880
74692 9585732
154291 28492776
52004 5564644
306154 79702614
79 299
7382 295362
67897 8306313
145531 26098920
15577 908777
36047 3208363
196252 40886252
25879 1949704
209629 45140544
14029 776384
150976 27578650
232904 52869664
312446 82173826
215497 47050617
488567 160739203
93529 13437289
163879 31192019
79801 10587200
82216 11072026
7022 273938
260282 62468162
90526 12794626
117371 18897055
375412 108244372
57971 6550951
150427 27428223
529 5489
358282 100916662
148241 26831985
303032 78485808
151526 27729626
1486 26290
231541 52405901
45452 4545402
143381 25522176
2927 73227
379 3304
6442 240578
93962 13530818
171992 33538832
170821 33196605
201296 42473880
109279 16974984
5672 198592
991 14235
303811 78788840
475801 154477376
452677 143348352
83437 11319893
337432 92231962
106031 16223051
298379 76683919
451726 142896626
5672 198592
3917 113653
17579 1090024
77029 10039709
250279 58899464
418156 127259420
11629 585429
19702 1293898
105112 16012368
80201 10667001
240472 55469338
8386 357890
385004 112421754
529 5489
53957 5881533
7022 273938
165601 31685376
65342 7841282
185746 37644930
224786 50127726
397387 117892072
83029 11236864
378016 109373210
449827 141996023
31879 2667379
159331 29901495
263902 63776802
164452 31355898
404551 121096200
25879 1949704
154291 28492776
295297 75498113
462242 147918082
1771 34280
383251 111654376
9046 401130
126757 21211008
21322 1457142
499501 166168000
2486 57226
1036 15226
8516 366276
213532 46408058
454582 144254658
279379 69472744
9731 447720
7 8
20302 1353602
389404 114355564
123754 20460994
387641 113579401
151526 27729626
7382 295362
46361 4682665
358282 100916662
14707 833512
437581 136234176
408157 122719808
414506 125595926
19504 1274394
9592 438128
284636 71444140
64262 7647418
127261 21337765
23006 1633570
3404 91964
94831 13719176
351542 98080778
11027 540423
158767 29742728
13204 708724
281626 70313126
41906 4023170
125251 20833751
23872 1726888
375412 108244372
529 5489
294529 75203584
339077 92907648
171992 33538832
101927 15289352
137027 23843048
479711 156386440
352 2952
95704 13909274
8002 333502
262451 63251175
436646 135797530
161029 30381184
127766 21465026
9317 419357
39061 3619840
1892 37882
5996 215930
332521 90224576
146612 26390522
10732 518812
41042 3899182
332521 90224576
115922 18547842
177907 35285287
63547 7519967
306154 79702614
10154 477334
12881 682801
278632 69194112
20302 1353602
1541 27776
190037 38957997
131842 22501378
1486 26290
42196 4065076
323611 86620415
492529 162699409
228151 51258376
340726 93586626
268279 65371139
444154 139316934
61076 7085050
349867 97380207
55279 6099339
83437 11319893
50404 5309434
5152 171802
116404 18663764
21737 1499993
249572 58649892
109747 17084263
338254 92569394
100129 14886144
30382 2481362
140186 24673090
11176 551450
15226 878150
904 12384
451726 142896626
324416 86944026
163879 31192019
94396 13624780
169654 32856714
37129 3354169
25652 1924052
67897 8306313
94396 13624780
487579 160251624
1654 30914
460321 146996480
143917 25665557
271217 66448657
145531 26098920
144454 25809474
32641 2763776
154 834
487579 160251624
15226 878150
1486 26290
457447 145621267
118829 19250624
213532 46408058
198136 41476890
101026 15086850
106492 16329082
186967 38017032
284636 71444140
162736 30865976
320401 85334001
385004 112421754
476777 154953177
4 4
6787 260247
127766 21465026
478732 155907708
468029 150705984
153182 28185858
27731 2163176
1432 24858
138076 24117626
8002 333502
14707 833512
483637 158311168
3004 76154
8647 374792
6671 253576
100577 14986273
239779 55229559
445097 139761088
156521 29113280
21737 1499993
42779 4149759
155962 28957318
129287 21849843
158767 29742728
305372 79397242
28204 2218874
390287 114744968
15226 878150
127261 21337765
41617 3981553
128272 21592792
25879 1949704
446986 140652226
106031 16223051
249572 58649892
167332 32183908
73921 9437505
428276 131909626
69007 8511112
403652 120692548
418156 127259420
347362 96335618
3571 98855
93097 13344192
18722 1198338
2347 52463
249572 58649892
177907 35285287
4187 125672
119317 19369453
101927 15289352
56617 6322457
153182 28185858
427351 131482275
420904 128516634
322807 86297608
149332 27129012
73921 9437505
118342 19132282
402754 120289794
274171 67537951
87154 12085634
14029 776384
56 176
389404 114355564
275654 68087034
399172 118687738
216154 47266114
14029 776384
233587 53102568
14029 776384
78607 10350187
167332 32183908
54286 5935490
124751 20709000
1432 24858
137551 23980075
3742 106082
174937 34404672
391171 115135255
117856 19014426
146612 26390522
464167 148843528
247457 57905408
429202 132337902
3322 88642
37402 3391298
63547 7519967
37129 3354169
16654 1004914
496507 164675487
421822 128937538
140716 24813276
704 8474
36047 3208363
742 9178
83846 11403330
93529 13437289
265357 64305333
7022 273938
298379 76683919
375412 108244372
27496 2135680
239779 55229559
43661 4278976
158204 29584524
49142 5110978
6442 240578
35779 3172584
4 4
144992 25953928
222112 49235272
124751 20709000
377147 108996063
56 176
75467 9735503
56954 6379074
7504 302744
118342 19132282
143917 25665557
10297 487488
154847 28647067
27731 2163176
232904 52869664
18146 1143326
26107 1975583
248161 58152865
99682 14786462
111157 17414912
119806 19488770
38782 3581058
6106 221926
104197 15803517
81004 10827804
424582 130205762
173167 33883403
100577 14986273
25879 1949704
7022 273938
285391 71728776
354062 99137922
78211 10271976
250987 59149743
177907 35285287
411779 124357864
126757 21211008
254542 60411778
44254 4366594
53629 5827904
81004 10827804
37951 3466376
73921 9437505
152629 28033229
466 4526
110686 17304226
114482 18202958
3241 85401
277141 68639085
434779 134927039
158767 29742728
68636 8442476
90101 12704525
183316 36908026
25426 1898626
406352 121906202
268279 65371139
436 4090
136504 23706544
114961 18317440
4561 142976
21322 1457142
408157 122719808
338254 92569394
1654 30914
22 42
146612 26390522
132871 22765576
352 2952
325222 87268442
230182 51944858
205762 43896322
213532 46408058
7876 325626
442271 138431451
367654 104904514
19504 1274394
350704 97730074
28921 2304201
304591 79092651
173167 33883403
2927 73227
343207 94611283
188192 38391578
196879 41082504
34981 3066845
266816 64836776
3082 79158
22792 1610778
226129 50577969
57292 6436028
134941 23300160
316411 83743976
471907 152583912
45754 4590854
66067 7972328
449827 141996023
323611 86620415
249572 58649892
9731 447720
245351 57167251
8386 357890
22 42
49456 5160120
279379 69472744
237017 54277353
3742 106082
43957 4322637
204481 43486720
271954 66719874
181504 36361704
320401 85334001
367654 104904514
16472 988442
363379 103079079
500501 166667501
279379 69472744
420904 128516634
256687 61177547
295297 75498113
21946 1521730
3161 82240
468997 151174013
21946 1521730
326837 87919693
18337 1161472
3004 76154
121772 19970938
51682 5512962
60379 6963944
41329 3940224
198766 41675026
73154 9290814
445097 139761088
7 8
59341 6784885
25879 1949704
17392 1072632
305372 79397242
128272 21592792
27731 2163176
277 2048
361676 102354876
477754 155429954
81407 10908808
179102 35641698
487579 160251624
299152 76982298
132871 22765576
98791 14588435
79004 10428794
418156 127259420
386761 113192640
22579 1588199
363379 103079079
117856 19014426
113051 17862376
461281 147456801
31126 2573250
3161 82240
424582 130205762
5051 166751
15932 940108
180301 36000501
157081 29269801
35779 3172584
24311 1774851
176122 34755138
76637 9963072
49456 5160120
323611 86620415
234956 53570426
335791 91559560
460321 146996480
195001 40495625
177311 35107976
73537 9363968
3404 91964
52651 5668975
118829 19250624
326 2626
183922 37091342
185746 37644930
163879 31192019
413596 125182330
35512 3137072
283129 70877129
38504 3542554
39622 3698242
292996 74616826
132356 22633220
7022 273938
407 3683
134422 23165738
223447 49680163
21737 1499993
324416 86944026
45452 4545402
78211 10271976
102832 15493658
2017 41728
2 2
1276 20876
130306 22108926
36047 3208363
46361 4682665
3241 85401
151526 27729626
409061 123127965
16291 972151
30382 2481362
27967 2190907
92 378
28681 2275520
422741 129359360
397387 117892072
282377 70594752
379757 110130112
11629 585429
54616 5989776
93962 13530818
38227 3504327
468029 150705984
129796 21979130
429202 132337902
90952 12885152
52651 5668975
1654 30914
360826 101994050
64621 7711680
92236 13159290
38504 3542554
462242 147918082
242557 56192837
68266 8374210
73537 9363968
2017 41728
141779 25095239
33671 2895880
257404 61434234
3322 88642
1541 27776
374546 107869826
46361 4682665
448879 141547144
243254 56435394
482654 157828514
66431 8038395
277141 68639085
290704 73742424
132356 22633220
354062 99137922
48206 4965426
436 4090
31627 2635752
79 299
237706 54514370
64262 7647418
389404 114355564
31376 2604376
13204 708724
56281 6266176
28442 2247078
2279 50184
493522 163191938
473852 153528698
22367 1565832
281626 70313126
100577 14986273
352381 98432320
409061 123127965
53957 5881533
82216 11072026
75856 9810970
94831 13719176
349031 97031176
49142 5110978
27029 2081389
53957 5881533
75079 9660424
419987 128096647
395606 117099970
450776 142445850
265357 64305333
180301 36000501
13367 721928
443212 138873722
400066 119086910
173167 33883403
83029 11236864
138602 24255702
3487 95368
433847 134493192
278632 69194112
205762 43896322
457447 145621267
38782 3581058
135982 23570562
308506 80623426
529 5489
241861 55950976
7382 295362
436646 135797530
83029 11236864
19702 1293898
471907 152583912
108812 16866172
468029 150705984
131842 22501378
17206 1055426
257404 61434234
391171 115135255
277 2048
3656 102426
17767 1107603
45452 4545402
478732 155907708
140716 24813276
188192 38391578
182711 36725315
227476 51030900
3241 85401
352 2952
151526 27729626
115922 18547842
241166 55709810
234271 53336155
45452 4545402
25879 1949704
23872 1726888
52327 5616648
197507 41279383
8386 357890
176716 34931260
209629 45140544
42196 4065076
15052 863098
411779 124357864
93529 13437289
96581 14101120
24311 1774851
85906 11826670
27029 2081389
17392 1072632
243254 56435394
43957 4322637
139129 24394304
272692 66991828
200662 42273218
70877 8859877
83437 11319893
79801 10587200
186356 37830676
189421 38768576
103286 15596490
454582 144254658
14029 776384
137551 23980075
2702 64898
1036 15226
1892 37882
74306 9511426
37951 3466376
40471 3817955
36316 3244410
2851 70376
371954 106751374
31376 2604376
103286 15596490
19307 1255087
353221 98784701
270481 66178176
450776 142445850
478732 155907708
394717 116705253
333337 90557097
224786 50127726
105571 16117480
4754 152194
39622 3698242
269012 65639418
434779 134927039
144454 25809474
167332 32183908
355747 99846888
57292 6436028
286904 72300314
447932 141099212
390287 114744968
431986 133628290
439454 137110274
250987 59149743
148241 26831985
53302 5774602
25201 1873425
456491 145164776
114482 18202958
385882 112806758
342379 94268904
396496 117495576
306154 79702614
6556 247020
131329 22370049
427351 131482275
7261 288101
52327 5616648
31376 2604376
153736 28339040
326837 87919693
144454 25809474
9454 428674
240472 55469338
311656 81862170
480691 156866151
266816 64836776
85906 11826670
387641 113579401
344036 94954490
433847 134493192
72391 9145651
172579 33710824
118342 19132282
2279 50184
183316 36908026
22156 1543676
132871 22765576
222112 49235272
486592 159765032
93962 13530818
17021 1038405
96581 14101120
52976 5721626
253829 60157949
277886 68916226
176716 34931260
386761 113192640
210926 45560450
58654 6667234
11027 540423
11176 551450
217471 47699080
164452 31355898
54286 5935490
118342 19132282
292996 74616826
11782 597058
109279 16974984
16837 1021568
126757 21211008
176716 34931260
419071 127677576
215497 47050617
489556 161227770
192511 39721851
148786 26980226
2851 70376
79402 10507798
467062 150238922
480691 156866151
422741 129359360
107417 16542528
34192 2963482
2486 57226
947 13288
373681 107496145
667 7807
57631 6493320
217471 47699080
53629 5827904
346529 95989089
59686 6844226
14197 790413
81004 10827804
36586 3280726
45151 4500251
180301 36000501
423661 129782101
197507 41279383
380629 110509869
400961 119486976
330079 89231899
262451 63251175
130817 22239232
151526 27729626
491537 162207872
98347 14490088
115922 18547842
257404 61434234
10441 497785
26336 2001690
56 176
20707 1394408
95704 13909274
135982 23570562
255971 60921576
463204 148380324
102379 15391279
25652 1924052
142312 25237018
339077 92907648
904 12384
159331 29901495
3004 76154
324416 86944026
32897 2796417
137027 23843048
337432 92231962
4372 134138
310079 81241224
41042 3899182
23654 1703234
66431 8038395
310079 81241224
25426 1898626
332521 90224576
48517 5013632
81811 10990215
116404 18663764
75467 9735503
208336 44723226
216812 47482268
333337 90557097
115922 18547842
474826 154002550
167911 32351240
147154 26537134
45452 4545402
19901 1313600
212227 45982952
435712 135361818
7261 288101
292996 74616826
33671 2895880
37402 3391298
631 7176
122266 20092710
13862 762522
1129 17344
212227 45982952
346529 95989089
167332 32183908
150427 27428223
529 5489
35779 3172584
250279 58899464
2927 73227
17579 1090024
294529 75203584
137027 23843048
174346 34230326
39061 3619840
251696 59400730
7751 317875
266086 64570690
210277 45350173
2017 41728
15226 878150
161597 30542213
54616 5989776
268279 65371139
491537 162207872
221446 49013826
219454 48353474
12721 670080
451726 142896626
76637 9963072
44851 4455400
127261 21337765
211576 45771376
13862 762522
22156 1543676
480691 156866151
349031 97031176
208982 44931562
66431 8038395
171992 33538832
289181 73163301
63547 7519967
4279 129859
475801 154477376
47279 4822664
34717 3032128
67162 8171622
315616 83428360
497504 165171994
281626 70313126
483637 158311168
24091 1750760
2 2
355747 99846888
394717 116705253
489556 161227770
352381 98432320
150427 27428223
1 1
42779 4149759
65342 7841282
1036 15226
72772 9218042
329267 88902632
132871 22765576
238396 54752076
26797 2054592
9317 419357
186967 38017032
62482 7331458
15052 863098
83437 11319893
356591 100202635
102379 15391279
80201 10667001
494516 163685460
232904 52869664
468997 151174013
150427 27428223
421822 128937538
64981 7776301
20911 1415115
54286 5935490
23654 1703234
18146 1143326
1892 37882
76637 9963072
28204 2218874
180902 36180802
9181 410176
120787 19728872
276397 68362688
456491 145164776
26107 1975583
22367 1565832
17021 1038405
399172 118687738
3241 85401
210277 45350173
179701 35820800
321202 85654402
61777 7207552
37 93
10297 487488
247457 57905408
144992 25953928
401857 119887937
232 1562
124252 20584748
310867 81551303
425504 130630344
230182 51944858
15052 863098
2279 50184
79004 10428794
162166 30703810
137 697
102379 15391279
134422 23165738
257404 61434234
562 6018
389404 114355564
11782 597058
261004 62728444
8386 357890
345697 95643392
100577 14986273
475801 154477376
41329 3940224
464167 148843528
36047 3208363
469966 151643010
126254 21084754
19504 1274394
106 470
116404 18663764
60379 6963944
14879 848219
121 576
190037 38957997
345697 95643392
487579 160251624
324416 86944026
2081 43745
77422 10116738
372817 107123328
365941 104171776
21322 1457142
41329 3940224
374546 107869826
365941 104171776
351542 98080778
81004 10827804
6671 253576
386761 113192640
6787 260247
10732 518812
481672 157346842
224116 49903610
1276 20876
225457 50352512
132871 22765576
1892 37882
6217 228032
20101 1333501
129287 21849843
596 6580
419987 128096647
15932 940108
24091 1750760
39341 3658901
441331 137990120
325222 87268442
277886 68916226
347362 96335618
14536 818976
99682 14786462
96142 14004978
168491 32519151
11477 573952
210926 45560450
15577 908777
81811 10990215
283882 71160258
114482 18202958
9871 457451
40756 3858426
9871 457451
224786 50127726
31126 2573250
439454 137110274
174937 34404672
330892 89561978
281626 70313126
298379 76683919
196879 41082504
425504 130630344
170821 33196605
89254 12525594
40471 3817955
323611 86620415
197507 41279383
241166 55709810
157081 29269801
79801 10587200
3656 102426
138076 24117626
18337 1161472
43661 4278976
187579 38203999
36857 3317312
498502 165669498
31627 2635752
32386 2731390
470936 152112976
66431 8038395
244651 56922600
297607 76386312
268279 65371139
334972 91224588
292231 74324595
53302 5774602
153182 28185858
213532 46408058
58997 6725888
105571 16117480
201931 42675176
57631 6493320
166754 32017154
120787 19728872
68636 8442476
388522 113967042
8912 392218
742 9178
499501 166168000
154291 28492776
90952 12885152
490546 161717326
182107 36543208
6787 260247
144454 25809474
368512 105272168
3917 113653
135982 23570562
183922 37091342
429202 132337902
46972 4775692
18722 1198338
177311 35107976
117856 19014426
359977 101634073
4279 129859
21529 1478464
336611 91895351
16 26
116887 18780168
424582 130205762
43957 4322637
37951 3466376
25426 1898626
53957 5881533
391171 115135255
40756 3858426
23437 1679797
269012 65639418
239087 54990472
261727 62989448
5887 210043
332521 90224576
213532 46408058
20504 1373904
391171 115135255
4754 152194
1954 39774
416329 126425849
52004 5564644
402754 120289794
132356 22633220
267547 65103592
5996 215930
19504 1274394
225457 50352512
7261 288101
126757 21211008
188806 38579770
330892 89561978
77029 10039709
79402 10507798
175529 34579609
389404 114355564
39061 3619840
19901 1313600
64621 7711680
20707 1394408
20101 1333501
307721 80315705
208336 44723226
53302 5774602
22367 1565832
364232 103442458
233587 53102568
232 1562
2347 52463
329267 88902632
452677 143348352
144992 25953928
90952 12885152
345697 95643392
14029 776384
103286 15596490
90526 12794626
243952 56678648
241861 55950976
126757 21211008
128272 21592792
15577 908777
152629 28033229
44851 4455400
164452 31355898
129796 21979130
91379 12976104
1954 39774
56617 6322457
98791 14588435
9731 447720
446041 140206185
118829 19250624
214186 46621590
272692 66991828
474826 154002550
9871 457451
262451 63251175
49456 5160120
41329 3940224
80201 10667001
9731 447720
205121 43691201
1082 16262
10586 508226
80201 10667001
137551 23980075
169654 32856714
337432 92231962
126254 21084754
130306 22108926
283882 71160258
39904 3737864
104197 15803517
479711 156386440
255971 60921576
277 2048
2629 62269
294529 75203584
247457 57905408
490546 161717326
332521 90224576
258841 61949760
419071 127677576
465131 149307695
220117 48572928
24091 1750760
16 26
2851 70376
2776 67600
376279 108619784
190654 39148034
9454 428674
21116 1436026
65704 7906624
328456 88574176
17579 1090024
92236 13159290
497504 165171994
404551 121096200
423661 129782101
232904 52869664
7022 273938
68266 8374210
473852 153528698
373681 107496145
214186 46621590
329267 88902632
369371 105640680
460321 146996480
266086 64570690
184529 37275264
1597 29317
281626 70313126
3829 109824
289942 73452482
742 9178
17206 1055426
203842 43282878
239087 54990472
224786 50127726
319601 85014400
420904 128516634
23437 1679797
306937 80008768
1129 17344
4951 161800
3322 88642
211 1351
97462 14294722
1082 16262
432916 134060276
61076 7085050
16111 956040
167332 32183908
218131 47916551
48517 5013632
132871 22765576
96581 14101120
7751 317875
704 8474
471907 152583912
339901 93246725
333337 90557097
54286 5935490
332521 90224576
99236 14687226
388522 113967042
27731 2163176
6904 267034
359977 101634073
388522 113967042
185137 37459793
3917 113653
423661 129782101
76246 9886826
52976 5721626
5461 187565
463204 148380324
3571 98855
181504 36361704
344036 94954490
4852 156948
379 3304
146071 26244451
386761 113192640
349867 97380207
301 2325
436646 135797530
456491 145164776
385004 112421754
430129 132767104
20504 1373904
163879 31192019
222112 49235272
211 1351
49771 5209576
4951 161800
73537 9363968
166177 31850977
200029 42073189
95704 13909274
365086 103806690
440392 137549728
231541 52405901
396496 117495576
140186 24673090
27029 2081389
494516 163685460
457447 145621267
359129 101274944
25426 1898626
11477 573952
37676 3428700
97462 14294722
378886 109751226
294529 75203584
79402 10507798
147154 26537134
302254 78183554
64262 7647418
862 11522
33931 2929551
111629 17526069
282377 70594752
395606 117099970
379 3304
245351 57167251
456491 145164776
36586 3280726
12247 632867
98791 14588435
330892 89561978
144992 25953928
21322 1457142
18916 1217060
148786 26980226
390287 114744968
3487 95368
357436 100559226
265357 64305333
77816 10194160
821 10701
3082 79158
447932 141099212
44851 4455400
290704 73742424
862 11522
34192 2963482
275654 68087034
107881 16649945
23006 1633570
163307 31028712
46361 4682665
336611 91895351
72772 9218042
298379 76683919
50722 5359838
20707 1394408
4279 129859
20101 1333501
265357 64305333
159331 29901495
87572 12172788
375412 108244372
10732 518812
173167 33883403
53629 5827904
249572 58649892
385004 112421754
425504 130630344
161597 30542213
274912 67812122
246754 57658654
487579 160251624
215497 47050617
452677 143348352
3917 113653
205121 43691201
190654 39148034
42487 4107272
377147 108996063
219454 48353474
32386 2731390
284636 71444140
142312 25237018
32897 2796417
4006 117570
11326 562626
27967 2190907
14707 833512
354904 99491984
29891 2421335
77422 10116738
298379 76683919
352 2952
409061 123127965
391171 115135255
420904 128516634
42487 4107272
456491 145164776
88411 12348351
79004 10428794
84256 11487176
423661 129782101
228151 51258376
436 4090
367654 104904514
362527 102716552
497 4992
127766 21465026
426427 131055848
46361 4682665
394717 116705253
31879 2667379
185746 37644930
412687 124769643
75856 9810970
322807 86297608
781 9920
63547 7519967
288421 72874880
1379 23479
30382 2481362
378016 109373210
66431 8038395
10012 467322
144992 25953928
45151 4500251
742 9178
102832 15493658
48829 5062149
27029 2081389
64981 7776301
12881 682801
250987 59149743
31376 2604376
26336 2001690
45151 4500251
165026 31520350
13042 695682
136504 23706544
96581 14101120
33154 2829314
292996 74616826
56281 6266176
148241 26831985
31879 2667379
48517 5013632
18722 1198338
312446 82173826
67897 8306313
2279 50184
182711 36725315
63547 7519967
41329 3940224
79 299
288421 72874880
61076 7085050
140716 24813276
195001 40495625
179701 35820800
252406 59652426
379757 110130112
402754 120289794
71254 8930754
244651 56922600
413596 125182330
335791 91559560
86321 11912576
342379 94268904
20101 1333501
18529 1179809
49142 5110978
142846 25379330
498502 165669498
266816 64836776
13531 735295
17956 1125370
94396 13624780
92666 13251526
146612 26390522
79004 10428794
239087 54990472
43957 4322637
85906 11826670
154291 28492776
436646 135797530
173756 34056570
404551 121096200
222112 49235272
8516 366276
205121 43691201
165026 31520350
177311 35107976
33412 2862468
221446 49013826
4006 117570
107881 16649945
71632 9002008
45151 4500251
99682 14786462
313237 82486272
393829 116311424
392942 115918482
239087 54990472
14197 790413
14707 833512
390287 114744968
292996 74616826
212879 46195179
11176 551450
85079 11656099
8647 374792
305372 79397242
439454 137110274
5152 171802
83846 11403330
259561 62208601
75079 9660424
367654 104904514
22367 1565832
27967 2190907
164452 31355898
75856 9810970
4006 117570
92 378
106031 16223051
407254 122312554
34717 3032128
326029 87593664
206404 44102084
8129 341504
130817 22239232
297607 76386312
266086 64570690
44254 4366594
131842 22501378
407254 122312554
266816 64836776
4279 129859
133387 22898447
367654 104904514
407 3683
12247 632867
40756 3858426
359129 101274944
224786 50127726
54947 6044392
167911 32351240
186967 38017032
55279 6099339
30877 2542373
428276 131909626
45452 4545402
118342 19132282
371092 106380282
1177 18473
2 2
596 6580
57292 6436028
61076 7085050
76246 9886826
149332 27129012
74692 9585732
904 12384
222112 49235272
147154 26537134
456491 145164776
149879 27278344
436646 135797530
354904 99491984
220117 48572928
259561 62208601
91807 13067483
28442 2247078
315616 83428360
4279 129859
352381 98432320
248161 58152865
60032 6903912
6904 267034
130817 22239232
135982 23570562
23654 1703234
129796 21979130
41329 3940224
232 1562
347362 96335618
381502 110890498
140716 24813276
373681 107496145
22367 1565832
92 378
248866 58401026
239087 54990472
296066 75793410
120787 19728872
12247 632867
209629 45140544
6556 247020
9454 428674
22579 1588199
83846 11403330
415417 126010432
306154 79702614
205121 43691201
11 15
128779 21721064
220781 48793045
117371 18897055
150976 27578650
180301 36000501
142846 25379330
149879 27278344
7751 317875
442271 138431451
305372 79397242
79004 10428794
129287 21849843
180902 36180802
400066 119086910
280876 70032250
471907 152583912
142312 25237018
9871 457451
159331 29901495
3829 109824
239779 55229559
112102 17637698
143381 25522176
73537 9363968
497504 165171994
246754 57658654
269012 65639418
53957 5881533
15226 878150
4096 121576
226802 50804098
166177 31850977
30382 2481362
24311 1774851
135982 23570562
31627 2635752
90101 12704525
418156 127259420
318802 84695598
428276 131909626
11027 540423
93962 13530818
114482 18202958
2486 57226
210277 45350173
156521 29113280
129796 21979130
65342 7841282
254542 60411778
427351 131482275
451726 142896626
334972 91224588
1 1
13696 748826
409061 123127965
390287 114744968
4096 121576
14536 818976
73154 9290814
70501 8789376
1654 30914
275654 68087034
67162 8171622
42487 4107272
402754 120289794
48829 5062149
117856 19014426
155962 28957318
123257 20337737
137 697
121772 19970938
29 64
47587 4869943
186356 37830676
104654 15907714
20707 1394408
7627 310248
404551 121096200
12721 670080
422741 129359360
7261 288101
270481 66178176
58312 6608922
364232 103442458
205121 43691201
23437 1679797
1327 22152
23437 1679797
310079 81241224
20302 1353602
30877 2542373
19111 1235976
149879 27278344
124252 20584748
106492 16329082
73921 9437505
33154 2829314
2776 67600
8002 333502
338254 92569394
271954 66719874
167911 32351240
186356 37830676
11936 608840
8779 383439
7 8
342379 94268904
114961 18317440
98791 14588435
127261 21337765
495511 164179976
33671 2895880
470936 152112976
10732 518812
144992 25953928
43366 4235610
36857 3317312
216812 47482268
18916 1217060
158767 29742728
184529 37275264
48206 4965426
9731 447720
302254 78183554
109747 17084263
193754 40107494
3571 98855
436 4090
245351 57167251
24532 1799162
239087 54990472
451726 142896626
452677 143348352
1036 15226
408157 122719808
190037 38957997
226129 50577969
11629 585429
146071 26244451
7261 288101
166754 32017154
147697 26684288
5152 171802
9731 447720
271217 66448657
21322 1457142
413596 125182330
216812 47482268
269012 65639418
35779 3172584
191891 39529960
198766 41675026
126254 21084754
281626 70313126
463204 148380324
212227 45982952
394717 116705253
102379 15391279
293762 74909822
2212 47972
75079 9660424
377147 108996063
137551 23980075
188806 38579770
178504 35463194
92 378
79801 10587200
413596 125182330
397387 117892072
127261 21337765
326837 87919693
17579 1090024
14029 776384
430129 132767104
62482 7331458
182107 36543208
231541 52405901
16 26
39622 3698242
229504 51715354
5566 193026
177311 35107976
496507 164675487
15754 924354
340726 93586626
440392 137549728
139657 24533433
277141 68639085
204481 43486720
5051 166751
304591 79092651
129796 21979130
377147 108996063
56 176
375412 108244372
45151 4500251
39622 3698242
236329 54041024
1129 17344
403652 120692548
308506 80623426
24977 1848448
73537 9363968
83846 11403330
142312 25237018
7627 310248
216154 47266114
158767 29742728
118829 19250624
492529 162699409
254542 60411778
299152 76982298
248161 58152865
303032 78485808
393829 116311424
451726 142896626
30877 2542373
254 1794
250987 59149743
421822 128937538
212227 45982952
6329 234249
153736 28339040
2212 47972
245351 57167251
128779 21721064
100577 14986273
110216 17194010
296066 75793410
13531 735295
170821 33196605
3656 102426
45452 4545402
103286 15596490
39341 3658901
470936 152112976
405451 121500751
466096 149772826
109279 16974984
283882 71160258
415417 126010432
27029 2081389
285391 71728776
250987 59149743
1226 19650
234271 53336155
439454 137110274
299152 76982298
415417 126010432
63547 7519967
462242 147918082
481672 157346842
225457 50352512
271954 66719874
142312 25237018
218792 48134682
742 9178
344866 95298526
456491 145164776
333337 90557097
273431 67264520
396496 117495576
255256 60666320
230861 52175040
81004 10827804
8257 349633
68636 8442476
254542 60411778
198766 41675026
64262 7647418
11176 551450
13696 748826
250987 59149743
331706 89892870
283129 70877129
198136 41476890
89677 12614848
261004 62728444
8647 374792
404551 121096200
214841 46835776
389404 114355564
84256 11487176
257404 61434234
6556 247020
46361 4682665
105571 16117480
9181 410176
244651 56922600
190037 38957997
378016 109373210
222779 49457384
280127 69752123
489556 161227770
286904 72300314
286147 72014167
138076 24117626
4372 134138
75079 9660424
18529 1179809
456491 145164776
40187 3777768
53302 5774602
529 5489
467062 150238922
263902 63776802
492529 162699409
48829 5062149
179102 35641698
403652 120692548
437581 136234176
69007 8511112
200662 42273218
177311 35107976
327646 88246530
1036 15226
460321 146996480
18722 1198338
116404 18663764
83029 11236864
173756 34056570
29 64
203204 43079674
150976 27578650
81004 10827804
16291 972151
3241 85401
205762 43896322
496507 164675487
351542 98080778
165026 31520350
24311 1774851
153736 28339040
52976 5721626
2017 41728
1036 15226
124252 20584748
466 4526
484621 158794805
1892 37882
63904 7583514
79801 10587200
312446 82173826
31126 2573250
98347 14490088
274912 67812122
26566 2028026
66796 8104826
4 4
479711 156386440
261727 62989448
154291 28492776
55946 6210230
21946 1521730
118829 19250624
52976 5721626
1712 32568
355747 99846888
41617 3981553
385004 112421754
147697 26684288
378016 109373210
51682 5512962
97021 14197701
144992 25953928
366797 104537717
268279 65371139
345697 95643392
68266 8374210
53629 5827904
1036 15226
24532 1799162
65342 7841282
498502 165669498
497504 165171994
24754 1823694
116404 18663764
146071 26244451
182107 36543208
596 6580
171406 33367426
351542 98080778
43661 4278976
317207 84060387
11 15
255256 60666320
25879 1949704
345697 95643392
11936 608840
189421 38768576
427351 131482275
147154 26537134
89254 12525594
154847 28647067
66067 7972328
11 15
107417 16542528
260282 62468162
233587 53102568
9592 438128
286904 72300314
33931 2929551
12091 620776
27496 2135680
41617 3981553
381502 110890498
50722 5359838
3742 106082
64262 7647418
307721 80315705
28921 2304201
991 14235
286904 72300314
111629 17526069
27967 2190907
20911 1415115
274912 67812122
20504 1373904
259561 62208601
125251 20833751
1831 36051
46972 4775692
411779 124357864
30382 2481362
17392 1072632
154847 28647067
71632 9002008
395606 117099970
266816 64836776
427351 131482275
431057 133197233
69379 8580119
201931 42675176
321202 85654402
18916 1217060
2629 62269
431986 133628290
499501 166168000
392056 115526426
9731 447720
443212 138873722
61076 7085050
78607 10350187
276397 68362688
203842 43282878
58312 6608922
251696 59400730
87572 12172788
51682 5512962
432916 134060276
2557 59712
349031 97031176
139657 24533433
8386 357890
9592 438128
419987 128096647
97904 14392184
17956 1125370
150427 27428223
144992 25953928
132356 22633220
116887 18780168
781 9920
44254 4366594
496507 164675487
320401 85334001
138602 24255702
288421 72874880
139129 24394304
23872 1726888
87154 12085634
169072 32687642
289181 73163301
79004 10428794
205121 43691201
237017 54277353
277 2048
364232 103442458
409966 123537026
46057 4636608
4852 156948
310079 81241224
197507 41279383
161029 30381184
114482 18202958
117371 18897055
204481 43486720
28921 2304201
27029 2081389
137551 23980075
206404 44102084
203204 43079674
99682 14786462
61076 7085050
222112 49235272
185137 37459793
400066 119086910
22579 1588199
445097 139761088
5779 204264
260282 62468162
286904 72300314
95267 13814007
19307 1255087
159896 30060826
204481 43486720
991 14235
272692 66991828
11176 551450
12404 645114
100577 14986273
464167 148843528
247457 57905408
742 9178
16837 1021568
306154 79702614
58997 6725888
109279 16974984
55946 6210230
205121 43691201
25426 1898626
365086 103806690
259561 62208601
427351 131482275
293762 74909822
67529 8238784
171406 33367426
149879 27278344
41617 3981553
41329 3940224
372817 107123328
196879 41082504
61076 7085050
363379 103079079
39061 3619840
22792 1610778
117856 19014426
103286 15596490
234956 53570426
490546 161717326
24091 1750760
43366 4235610
235642 53805382
136504 23706544
72011 9073640
106 470
407254 122312554
349031 97031176
243254 56435394
143381 25522176
359129 101274944
266816 64836776
8386 357890
224116 49903610
390287 114744968
374546 107869826
439454 137110274
151526 27729626
11629 585429
451726 142896626
431057 133197233
3322 88642
387641 113579401
17956 1125370
279379 69472744
172 988
364232 103442458
21946 1521730
19702 1293898
476777 154953177
183316 36908026
65704 7906624
111629 17526069
261727 62989448
87572 12172788
30382 2481362
202567 42877107
142312 25237018
349867 97380207
1831 36051
271954 66719874
6217 228032
15401 893376
259561 62208601
191 1160
227476 51030900
104197 15803517
177311 35107976
454582 144254658
44254 4366594
1654 30914
22156 1543676
372817 107123328
90101 12704525
161029 30381184
127766 21465026
193754 40107494
253117 59904832
73921 9437505
207047 44308488
6904 267034
385004 112421754
475801 154477376
230861 52175040
43957 4322637
268279 65371139
216812 47482268
23221 1656576
383251 111654376
52327 5616648
460321 146996480
147697 26684288
117856 19014426
862 11522
69007 8511112
282377 70594752
1541 27776
469966 151643010
15932 940108
14197 790413
236329 54041024
6671 253576
6217 228032
7141 280960
28204 2218874
101476 15187876
8386 357890
278632 69194112
153736 28339040
336611 91895351
322004 85975604
299152 76982298
13696 748826
250987 59149743
132871 22765576
371954 106751374
287662 72587218
296066 75793410
31126 2573250
7261 288101
16837 1021568
63191 7456776
344036 94954490
110686 17304226
172579 33710824
199397 41873792
482654 157828514
477754 155429954
127766 21465026
441331 137990120
63547 7519967
49771 5209576
171406 33367426
2702 64898
155962 28957318
227476 51030900
16837 1021568
4279 129859
467062 150238922
212879 46195179
1082 16262
18916 1217060
41329 3940224
76246 9886826
471907 152583912
10297 487488
100129 14886144
137551 23980075
38782 3581058
354062 99137922
381502 110890498
146612 26390522
197507 41279383
54947 6044392
261727 62989448
108812 16866172
60379 6963944
5254 176954
441331 137990120
243254 56435394
358282 100916662
127766 21465026
13204 708724
88832 12436762
43661 4278976
498502 165669498
105112 16012368
183316 36908026
52004 5564644
10297 487488
596 6580
3487 95368
295297 75498113
222779 49457384
259561 62208601
155404 28801914
7627 310248
405451 121500751
157642 29426882
16291 972151
237706 54514370
8386 357890
425504 130630344
475801 154477376
493522 163191938
122761 20214976
178504 35463194
38782 3581058
374546 107869826
139129 24394304
207691 44515535
446041 140206185
17021 1038405
198766 41675026
17579 1090024
9181 410176
134941 23300160
238396 54752076
21116 1436026
212227 45982952
207047 44308488
262451 63251175
289181 73163301
56281 6266176
742 9178
60032 6903912
272692 66991828
30382 2481362
298379 76683919
187579 38203999
115441 18432401
354904 99491984
157081 29269801
139129 24394304
378886 109751226
4951 161800
205762 43896322
150427 27428223
355747 99846888
53629 5827904
137 697
448879 141547144
71632 9002008
51682 5512962
4466 138510
143917 25665557
188192 38391578
196252 40886252
330079 89231899
313237 82486272
114004 18088954
26797 2054592
429202 132337902
23872 1726888
366797 104537717
378016 109373210
220781 48793045
359977 101634073
376279 108619784
180902 36180802
240472 55469338
416329 126425849
490546 161717326
167332 32183908
254 1794
20911 1415115
232222 52637442
328456 88574176
7876 325626
20101 1333501
214841 46835776
106492 16329082
121279 19849659
29 64
73921 9437505
344866 95298526
214186 46621590
99236 14687226
34192 2963482
35512 3137072
83846 11403330
431057 133197233
84256 11487176
478732 155907708
11629 585429
70501 8789376
486592 159765032
1379 23479
95704 13909274
32386 2731390
31126 2573250
51361 5461601
119317 19369453
330892 89561978
299152 76982298
2927 73227
16472 988442
2486 57226
25879 1949704
10586 508226
78211 10271976
1771 34280
66431 8038395
161597 30542213
38782 3581058
365941 104171776
412687 124769643
1 1
131329 22370049
127261 21337765
441331 137990120
411779 124357864
38504 3542554
241861 55950976
52651 5668975
34717 3032128
48517 5013632
56281 6266176
9046 401130
483637 158311168
220117 48572928
200662 42273218
387641 113579401
359977 101634073
44851 4455400
218131 47916551
947 13288
2146 45826
492529 162699409
264629 64040704
481672 157346842
148241 26831985
216812 47482268
98347 14490088
79004 10428794
182107 36543208
15052 863098
46361 4682665
394717 116705253
76637 9963072
90526 12794626
431057 133197233
3829 109824
143381 25522176
469966 151643010
1831 36051
62129 7269329
458404 146078714
266816 64836776
70877 8859877
49771 5209576
25201 1873425
21529 1478464
83437 11319893
2851 70376
7382 295362
106954 16435574
5152 171802
49456 5160120
2702 64898
7504 302744
118342 19132282
66431 8038395
71632 9002008
51682 5512962
47896 4917530
366797 104537717
450776 142445850
130306 22108926
368512 105272168
339901 93246725
145531 26098920
123257 20337737
444154 139316934
208982 44931562
370231 106010051
67897 8306313
224786 50127726
5254 176954
69752 8649498
194377 40301248
43366 4235610
23006 1633570
428276 131909626
55279 6099339
460321 146996480
447932 141099212
77029 10039709
466 4526
32897 2796417
446041 140206185
76637 9963072
454582 144254658
123754 20460994
455536 144709240
42779 4149759
114961 18317440
341552 93927352
8386 357890
455536 144709240
7261 288101
86737 11998897
334154 90890434
6904 267034
476777 154953177
364232 103442458
190037 38957997
9731 447720
216154 47266114
254542 60411778
378016 109373210
239087 54990472
457447 145621267
1486 26290
28442 2247078
596 6580
354904 99491984
308506 80623426
14197 790413
368512 105272168
428276 131909626
704 8474
4951 161800
484621 158794805
494516 163685460
351542 98080778
1654 30914
367654 104904514
292996 74616826
91379 12976104
58312 6608922
136504 23706544
138602 24255702
9592 438128
272692 66991828
3656 102426
46972 4775692
292231 74324595
108346 16757826
73537 9363968
288421 72874880
131329 22370049
3571 98855
198766 41675026
103741 15699776
219454 48353474
367654 104904514
195626 40690626
17206 1055426
255971 60921576
53957 5881533
184529 37275264
250987 59149743
11782 597058
123754 20460994
146071 26244451
4 4
182711 36725315
317207 84060387
49771 5209576
2486 57226
373681 107496145
290704 73742424
80201 10667001
260282 62468162
258841 61949760
222112 49235272
280127 69752123
166177 31850977
6671 253576
86321 11912576
2557 59712
7504 302744
138602 24255702
243952 56678648
29891 2421335
104654 15907714
471907 152583912
476777 154953177
29891 2421335
40471 3817955
123754 20460994
107417 16542528
360826 101994050
399172 118687738
377147 108996063
103286 15596490
240472 55469338
288421 72874880
42779 4149759
170821 33196605
35246 3101826
160462 30220722
194377 40301248
308506 80623426
186967 38017032
208336 44723226
52976 5721626
355747 99846888
326029 87593664
7141 280960
277886 68916226
34981 3066845
37129 3354169
3322 88642
176716 34931260
55946 6210230
315616 83428360
289942 73452482
36316 3244410
180902 36180802
33931 2929551
297607 76386312
392056 115526426
29162 2333122
208982 44931562
116887 18780168
477754 155429954
47587 4869943
132871 22765576
207047 44308488
32641 2763776
95704 13909274
340726 93586626
236329 54041024
136504 23706544
11629 585429
6442 240578
314029 82799509
350704 97730074
291467 74033128
39622 3698242
90101 12704525
22 42
92666 13251526
86321 11912576
254542 60411778
214186 46621590
89254 12525594
7382 295362
162166 30703810
216154 47266114
14707 833512
190654 39148034
17956 1125370
9871 457451
353221 98784701
462242 147918082
319601 85014400
376279 108619784
421822 128937538
92236 13159290
132871 22765576
269012 65639418
95704 13909274
481672 157346842
458404 146078714
301477 77882077
59686 6844226
349031 97031176
5357 182208
421822 128937538
156521 29113280
392942 115918482
95267 13814007
278632 69194112
75856 9810970
66796 8104826
21116 1436026
71254 8930754
9871 457451
203204 43079674
326837 87919693
41617 3981553
390287 114744968
27029 2081389
24977 1848448
6442 240578
39904 3737864
261004 62728444
1226 19650
163307 31028712
326029 87593664
224786 50127726
260282 62468162
11629 585429
23437 1679797
104654 15907714
135982 23570562
11 15
39622 3698242
109279 16974984
43366 4235610
3487 95368
188192 38391578
107417 16542528
105112 16012368
211 1351
204481 43486720
253829 60157949
193754 40107494
3004 76154
1597 29317
25652 1924052
338254 92569394
1486 26290
26797 2054592
24754 1823694
405451 121500751
9317 419357
232 1562
250279 58899464
70877 8859877
67529 8238784
107417 16542528
443212 138873722
116887 18780168
475801 154477376
226802 50804098
15754 924354
466 4526
368512 105272168
23437 1679797
271954 66719874
104197 15803517
314029 82799509
11 15
277886 68916226
4096 121576
263902 63776802
372817 107123328
85492 11741178
40187 3777768
16472 988442
329267 88902632
165026 31520350
15401 893376
17021 1038405
489556 161227770
29162 2333122
61076 7085050
330079 89231899
53629 5827904
42196 4065076
92 378
161029 30381184
166754 32017154
238396 54752076
196879 41082504
8257 349633
103286 15596490
38782 3581058
244651 56922600
201931 42675176
288421 72874880
2146 45826
144992 25953928
381502 110890498
149332 27129012
73154 9290814
4187 125672
169072 32687642
379 3304
164452 31355898
158204 29584524
256687 61177547
22579 1588199
455536 144709240
273431 67264520
115441 18432401
80602 10747202
36857 3317312
283129 70877129
403652 120692548
243254 56435394
19901 1313600
220117 48572928
230861 52175040
101476 15187876
63547 7519967
1654 30914
2486 57226
947 13288
125251 20833751
161029 30381184
159331 29901495
403652 120692548
70501 8789376
144992 25953928
196252 40886252
435712 135361818
55279 6099339
55279 6099339
484621 158794805
50087 5259347
1082 16262
10879 529544
327646 88246530
143381 25522176
354904 99491984
247457 57905408
16111 956040
314822 83113538
423661 129782101
47587 4869943
104654 15907714
429202 132337902
120787 19728872
169072 32687642
385004 112421754
21946 1521730
33154 2829314
409966 123537026
376279 108619784
2927 73227
269746 65908430
4951 161800
48517 5013632
472879 153055819
166177 31850977
147154 26537134
10586 508226
208336 44723226
188806 38579770
28681 2275520
324416 86944026
154847 28647067
166754 32017154
206404 44102084
492529 162699409
163879 31192019
59341 6784885
100577 14986273
376279 108619784
410872 123946992
281626 70313126
17021 1038405
481672 157346842
8002 333502
1177 18473
2702 64898
333337 90557097
9181 410176
8129 341504
119317 19369453
163879 31192019
50404 5309434
456491 145164776
180902 36180802
268279 65371139
407 3683
704 8474
182107 36543208
3161 82240
230861 52175040
248866 58401026
338254 92569394
256687 61177547
114004 18088954
416329 126425849
127261 21337765
243952 56678648
76246 9886826
64262 7647418
126757 21211008
114004 18088954
324416 86944026
2927 73227
21946 1521730
234956 53570426
303811 78788840
190037 38957997
2629 62269
495511 164179976
4279 129859
65704 7906624
116887 18780168
106 470
35779 3172584
33671 2895880
163307 31028712
152629 28033229
125752 20959002
407 3683
85079 11656099
3161 82240
285391 71728776
99236 14687226
458404 146078714
155962 28957318
991 14235
12404 645114
47896 4917530
252406 59652426
166754 32017154
147154 26537134
316411 83743976
6217 228032
4279 129859
116887 18780168
70877 8859877
273431 67264520
268279 65371139
414506 125595926
3082 79158
60032 6903912
165601 31685376
41906 4023170
8779 383439
261004 62728444
58997 6725888
301477 77882077
5779 204264
70501 8789376
31627 2635752
46057 4636608
20504 1373904
113051 17862376
209629 45140544
315616 83428360
4561 142976
460321 146996480
5566 193026
90526 12794626
300701 77581376
35512 3137072
68266 8374210
43957 4322637
371954 106751374
138076 24117626
20101 1333501
195626 40690626
23437 1679797
213532 46408058
101927 15289352
20911 1415115
163307 31028712
492529 162699409
9731 447720
24977 1848448
364232 103442458
43661 4278976
7504 302744
334154 90890434
383251 111654376
223447 49680163
137551 23980075
3742 106082
118342 19132282
353221 98784701
376279 108619784
43072 4192538
259561 62208601
13042 695682
18337 1161472
208336 44723226
180902 36180802
2347 52463
8779 383439
2629 62269
254542 60411778
43661 4278976
135982 23570562
329267 88902632
392942 115918482
19307 1255087
216154 47266114
26107 1975583
14879 848219
11 15
309292 80931932
344866 95298526
274171 67537951
419071 127677576
1327 22152
379757 110130112
106954 16435574
62836 7393940
410872 123946992
289181 73163301
326 2626
229504 51715354
403652 120692548
129796 21979130
40756 3858426
419071 127677576
8912 392218
28442 2247078
176716 34931260
293762 74909822
120787 19728872
4657 147537
372817 107123328
16111 956040
24311 1774851
481672 157346842
351542 98080778
26566 2028026
176122 34755138
166177 31850977
97462 14294722
330079 89231899
276397 68362688
114961 18317440
327646 88246530
99682 14786462
394717 116705253
469966 151643010
31879 2667379
126757 21211008
1597 29317
3404 91964
8779 383439
369371 105640680
453629 143801029
122266 20092710
51361 5461601
40471 3817955
258122 61691638
347362 96335618
6442 240578
12881 682801
190037 38957997
126254 21084754
129287 21849843
455536 144709240
76637 9963072
195001 40495625
442271 138431451
79 299
269746 65908430
253117 59904832
269012 65639418
1226 19650
367654 104904514
742 9178
481672 157346842
401857 119887937
139129 24394304
61076 7085050
317207 84060387
127766 21465026
357436 100559226
10732 518812
2557 59712
302254 78183554
131842 22501378
416329 126425849
134422 23165738
191 1160
62836 7393940
172 988
215497 47050617
232 1562
34981 3066845
119806 19488770
227476 51030900
353221 98784701
88411 12348351
485606 159279426
140186 24673090
255256 60666320
332521 90224576
117856 19014426
93097 13344192
158767 29742728
76246 9886826
159331 29901495
91807 13067483
7876 325626
68266 8374210
302254 78183554
14536 818976
904 12384
176716 34931260
302254 78183554
437581 136234176
1654 30914
39622 3698242
6217 228032
144992 25953928
1226 19650
67529 8238784
121 576
5672 198592
428276 131909626
300701 77581376
49456 5160120
97904 14392184
62836 7393940
52976 5721626
330892 89561978
359129 101274944
182107 36543208
84256 11487176
356591 100202635
214841 46835776
206404 44102084
422741 129359360
285391 71728776
224116 49903610
24977 1848448
198766 41675026
562 6018
46057 4636608
190654 39148034
53957 5881533
276397 68362688
24532 1799162
19702 1293898
149332 27129012
126254 21084754
300701 77581376
9046 401130
420904 128516634
110686 17304226
264629 64040704
27029 2081389
487579 160251624
31627 2635752
373681 107496145
491537 162207872
73921 9437505
339077 92907648
129796 21979130
224116 49903610
141247 24953992
265357 64305333
9592 438128
122761 20214976
369371 105640680
198136 41476890
165026 31520350
423661 129782101
343207 94611283
229504 51715354
241166 55709810
228827 51486527
115441 18432401
18146 1143326
30629 2511744
48517 5013632
222112 49235272
140716 24813276
34454 2997674
8647 374792
222112 49235272
157642 29426882
210926 45560450
37951 3466376
20302 1353602
154291 28492776
472879 153055819
309292 80931932
330079 89231899
36316 3244410
450776 142445850
52327 5616648
90526 12794626
43072 4192538
379757 110130112
56 176
126254 21084754
97462 14294722
307721 80315705
448879 141547144
1486 26290
75079 9660424
8257 349633
1432 24858
36047 3208363
24532 1799162
455536 144709240
463204 148380324
201296 42473880
1129 17344
171406 33367426
23221 1656576
399172 118687738
10732 518812
328456 88574176
469966 151643010
95267 13814007
8257 349633
50404 5309434
250987 59149743
225457 50352512
181504 36361704
370231 106010051
444154 139316934
4657 147537
177311 35107976
31376 2604376
329267 88902632
237706 54514370
465131 149307695
107417 16542528
116887 18780168
497504 165171994
478732 155907708
2347 52463
467062 150238922
38782 3581058
59341 6784885
278632 69194112
31376 2604376
45151 4500251
339901 93246725
7751 317875
207691 44515535
469966 151643010
403652 120692548
14707 833512
40756 3858426
166177 31850977
96581 14101120
191272 39338688
444154 139316934
202567 42877107
631 7176
3829 109824
360826 101994050
67 232
14879 848219
409966 123537026
10586 508226
8912 392218
41042 3899182
458404 146078714
481672 157346842
562 6018
444154 139316934
494516 163685460
108346 16757826
235642 53805382
41042 3899182
67 232
286147 72014167
16837 1021568
188806 38579770
121 576
381502 110890498
60727 7024323
129796 21979130
1597 29317
160462 30220722
218131 47916551
4754 152194
78607 10350187
7627 310248
32897 2796417
392942 115918482
55279 6099339
54286 5935490
204481 43486720
5461 187565
7382 295362
667 7807
114961 18317440
7504 302744
40187 3777768
15401 893376
230182 51944858
389404 114355564
159896 30060826
92666 13251526
68636 8442476
37129 3354169
65342 7841282
12247 632867
69007 8511112
138602 24255702
283129 70877129
1082 16262
371954 106751374
75079 9660424
266086 64570690
5996 215930
821 10701
33671 2895880
172579 33710824
60379 6963944
460321 146996480
15754 924354
111157 17414912
26566 2028026
153182 28185858
48206 4965426
24532 1799162
248161 58152865
407254 122312554
239087 54990472
46666 4729026
33931 2929551
350704 97730074
30136 2451226
129287 21849843
4 4
437581 136234176
105571 16117480
87572 12172788
5779 204264
54616 5989776
49142 5110978
76246 9886826
313237 82486272
3742 106082
451726 142896626
393829 116311424
207691 44515535
31376 2604376
354062 99137922
402754 120289794
75856 9810970
75467 9735503
235642 53805382
172 988
22156 1543676
1379 23479
137551 23980075
7382 295362
3656 102426
91807 13067483
317207 84060387
109279 16974984
55279 6099339
143381 25522176
75079 9660424
343207 94611283
454582 144254658
191891 39529960
486592 159765032
904 12384
172579 33710824
381502 110890498
118829 19250624
106031 16223051
301 2325
742 9178
66431 8038395
2416 54810
12404 645114
52004 5564644
1177 18473
297607 76386312
287662 72587218
76246 9886826
116404 18663764
83029 11236864
53629 5827904
343207 94611283
116404 18663764
374546 107869826
2927 73227
596 6580
446041 140206185
2 2
407254 122312554
21116 1436026
12247 632867
26566 2028026
164452 31355898
436 4090
51361 5461601
7627 310248
148786 26980226
268279 65371139
59341 6784885
7022 273938
127261 21337765
5996 215930
152629 28033229
4657 147537
388522 113967042
39622 3698242
307721 80315705
19901 1313600
159331 29901495
86321 11912576
337432 92231962
14879 848219
51682 5512962
53957 5881533
65704 7906624
379 3304
116887 18780168
7876 325626
294529 75203584
33412 2862468
2081 43745
742 9178
4466 138510
266086 64570690
457447 145621267
250987 59149743
32641 2763776
15754 924354
93962 13530818
331706 89892870
4754 152194
222779 49457384
6556 247020
104654 15907714
1541 27776
39904 3737864
185137 37459793
228151 51258376
10154 477334
326837 87919693
142846 25379330
13862 762522
2702 64898
243254 56435394
92236 13159290
430129 132767104
487579 160251624
15052 863098
398279 118289459
190654 39148034
406352 121906202
275654 68087034
3917 113653
358282 100916662
45151 4500251
31126 2573250
266086 64570690
407 3683
40187 3777768
347362 96335618
596 6580
27496 2135680
8257 349633
18529 1179809
75467 9735503
286147 72014167
118342 19132282
27262 2108418
44552 4410848
407 3683
433847 134493192
152629 28033229
357436 100559226
41329 3940224
11782 597058
44851 4455400
355747 99846888
139129 24394304
54286 5935490
334972 91224588
389404 114355564
117371 18897055
463204 148380324
96142 14004978
180902 36180802
495511 164179976
14197 790413
76637 9963072
20707 1394408
8647 374792
3656 102426
279379 69472744
148786 26980226
348196 96682980
163879 31192019
167332 32183908
216812 47482268
61076 7085050
219454 48353474
55612 6154618
32132 2699258
24532 1799162
413596 125182330
432916 134060276
201296 42473880
208982 44931562
97904 14392184
45754 4590854
231541 52405901
99682 14786462
440392 137549728
223447 49680163
239779 55229559
378016 109373210
153182 28185858
114004 18088954
44851 4455400
78211 10271976
411779 124357864
67529 8238784
377147 108996063
183922 37091342
254 1794
263176 63513626
116887 18780168
411779 124357864
124751 20709000
495511 164179976
18337 1161472
283129 70877129
93962 13530818
80602 10747202
55612 6154618
1712 32568
365086 103806690
307721 80315705
345697 95643392
94831 13719176
43957 4322637
400066 119086910
109747 17084263
399172 118687738
141779 25095239
41906 4023170
290704 73742424
439454 137110274
64262 7647418
58312 6608922
44851 4455400
178504 35463194
91379 12976104
340726 93586626
14879 848219
102832 15493658
1 1
283882 71160258
214186 46621590
282377 70594752
59686 6844226
489556 161227770
43366 4235610
46 130
3571 98855
298379 76683919
22792 1610778
124252 20584748
384127 112037627
359129 101274944
184529 37275264
10879 529544
116887 18780168
48517 5013632
156521 29113280
34454 2997674
488567 160739203
1432 24858
38227 3504327
2557 59712
5357 182208
271217 66448657
8912 392218
24091 1750760
497 4992
97021 14197701
445097 139761088
185137 37459793
271954 66719874
96581 14101120
119806 19488770
179102 35641698
280127 69752123
52976 5721626
137 697
234271 53336155
3004 76154
127261 21337765
32132 2699258
128272 21592792
75856 9810970
250279 58899464
182711 36725315
134422 23165738
34717 3032128
3742 106082
127261 21337765
2776 67600
491537 162207872
390287 114744968
128272 21592792
60379 6963944
12562 657518
258841 61949760
161029 30381184
280127 69752123
21946 1521730
99236 14687226
366797 104537717
17206 1055426
2017 41728
275654 68087034
348196 96682980
482654 157828514
81811 10990215
82622 11154242
374546 107869826
30136 2451226
70877 8859877
164452 31355898
458404 146078714
385004 112421754
8912 392218
3004 76154
376279 108619784
1712 32568
153182 28185858
221446 49013826
381502 110890498
108346 16757826
371092 106380282
336611 91895351
417242 126842178
148786 26980226
89677 12614848
46 130
80602 10747202
61426 7146126
60032 6903912
162166 30703810
38782 3581058
27731 2163176
276397 68362688
15226 878150
157081 29269801
66431 8038395
375412 108244372
89677 12614848
63547 7519967
92666 13251526
110686 17304226
297607 76386312
366797 104537717
179701 35820800
143381 25522176
93529 13437289
449827 141996023
373681 107496145
46057 4636608
17392 1072632
32132 2699258
391171 115135255
1831 36051
200662 42273218
27731 2163176
104654 15907714
167332 32183908
7022 273938
191891 39529960
263176 63513626
8002 333502
69007 8511112
296066 75793410
42779 4149759
50087 5259347
178504 35463194
28204 2218874
352 2952
161597 30542213
50404 5309434
243254 56435394
529 5489
225457 50352512
35246 3101826
390287 114744968
485606 159279426
62129 7269329
529 5489
104197 15803517
135982 23570562
9181 410176
203842 43282878
377147 108996063
77029 10039709
234956 53570426
90526 12794626
4 4
8647 374792
207047 44308488
3656 102426
121 576
93962 13530818
277141 68639085
359977 101634073
110216 17194010
2081 43745
426427 131055848
50087 5259347
366797 104537717
128779 21721064
