81518942311 10971851829752840
62402849282 7348497128834558
125860224904 21048696199646234
266671601057 64916934532196608
127893807136 21560892213821640
4881856267 160792072646632
209621326306 45242431109504770
11358183841 570627584149760
68996280602 8543395449509698
32233747561 2728081735829465
30250743436 2480248370900476
250343573029 59046953061526109
400260597122 119373320225664638
26780732462 2065972825202818
69743094982 8682480628446458
23994408517 1752087706329728
375548477812 108490572378949268
128193895379 21636822050195944
43890474782 4334579399193058
74955144154 9673735889821414
39197900029 3658353075859909
431531183567 133632261615812232
75324195046 9745268598855130
128271884752 21656569875967002
499027972879 166180639878471304
425214892579 130709073643234024
284642292796 71588295684811130
11810692279 605065702453059
103025995486 15588794693292290
361297176541 102374036703027776
366251165317 104486818284083328
39743249212 3734964579133818
320762453629 85638335999401029
149565392057 27267117060884233
169068467 1036220646503
355197639826 99792540111250050
8328435392 358289290649882
7163386666 285802413484310
18230664827 1160363585701023
39925586911 3760697499567240
219985801 1537994077376
1203221041 19674268347776
67068615629 8187870733463744
83269336187 11327127801789672
310855480342 81701627806346282
10902992947 536670753266663
169033038896 32760462301860280
136265752036 23712239418975226
354513575704 99504397744392474
146561581937 26449822130949393
354573362887 99529570300789043
309369386701 81116446947268800
1939305782 40258048770058
444262933037 139589634875518997
93026019454 13375157042691074
73530947842 9399338511318782
44650132697 4447599718147392
7336056757 296198182349133
1594628102 30017279429698
113325845161 17983980571170240
401944435102 120127391560313698
32897535766 2812783171545026
283913903197 71313683481460288
77220373556 10115560054603770
10228146826 487623490642626
46924395379 4791700275795944
93570731102 13492805854465698
217492218812 47814359352945018
131139848779 22386927298687439
106740249781 16439350509745920
2366616802 54272045421598
25052060881 1869201067976320
70376452036 8801021044881476
117706366222 19036729080318338
125547347872 20970257213626138
112510365067 17790213931620328
75448837741 9769467605539776
35009887579 3088000454231999
163284694454 31103611592840074
455241663529 144795832722102809
5454222347 189883296858088
78317144336 10331832632501976
318852630331 84874637678870495
143142194041 25529601163827776
1050400696 16047671730480
161945657056 30721792908416520
395165389516 117101203981020026
173663469841 34115783435894385
208071521687 44741619308785672
13262585546 719999244229826
23567616172 1705549103152092
382994084029 111732906769478464
105247573004 16095721834953594
392720860627 116016287577483752
19499471422 1283585205603842
116658748936 18783147394008090
6690757682 257988925537358
10561639792 511665680913528
140864500372 24922686502837242
263018802971 63587688825555455
616549171 7216502553576
131977494496 22601761827756826
10303803682 493043875481858
257492461501 61594170900389125
310546470466 81579833183512510
5523372857 193505844742208
320148417206 85392547025055426
410961326701 124192238955428800
418038534379 127414104240163119
311114157706 81803630694706870
284541951877 71550444982906877
250407260404 59069486817126164
6732616 8231747610
381900855904 111254848141394714
257281523116 61518499232237276
20936206879 1428030756410504
77686768226 10207342164245150
394538096 3694060211576
136964097272 23894756410422042
31601357102 2648193725315202
419447853829 128058967750068349
16202250079 972194413110299
92976422254 13364461927218194
450251627827 142421643824482023
44694370711 4454211189010440
294311346154 75266791250807234
40311387712 3815338475837722
462319490572 148185725248715642
3910065097 115255685568192
133453020136 22981855629284890
110322431857 17273808316610833
157716094162 29526135132505218
58039437457 6591384140385408
117360677441 18952927882302401
104356189676 15891673632734876
81277660972 10923175783832442
5288495591 181294917423635
356517923906 100349456560308670
413751118957 125458993461144512
295652432167 75781828515179528
34388449132 3006146520763258
73654866146 9423108955510530
12396904531 650668063620551
156130117004 29081888504356604
6515396629 247913013608429
374002220629 107821224853117869
144138053242 25796483481114178
20978586196 1432368915564980
305996253851 79793419132231400
164629244956 31488580806701676
419444190187 128057289967812143
4263199292 131217011070028
486257252042 159842483891903682
346020901996 95950327380738076
117982117442 19103664456532482
132469111282 22728166986700162
188935114117 38713434666696832
94540521196 13703112818029980
366318781654 104515754763139434
92110826656 13178265266351176
98442609904 14560187032350234
341774729836 94189583871144476
1943730076 40395894301050
457639836754 145941496488100654
48691189892 5064857572773882
77067576301 10085551129660501
466141952927 150027321408245723
28494932176 2267474729753626
27563993822 2157268412641538
51999738806 5589763922904770
17190195491 1062457222640360
104953231091 16028247546060776
524216011 5657688689640
18885669727 1223457751607323
489203561 5100436347840
333439420252 90764988854974252
172172694646 33677438200334530
400914903526 119666149511446850
59196039322 6789391070200642
393704328481 116452359739448801
335271991279 91514278137435784
123086628562 20356764122809518
397531006954 118154298397797974
44332146496 4400172423276826
37684595846 3448555050646330
34846284022 3066380070687938
337970655247 92621421355413867
23929171996 1744947127656826
52646068829 5694304096898624
134910774847 23359440903038088
103527288029 15702708466677989
374840751562 108184038778057922
369099861706 105708231860575426
169683125077 32949634838257152
129685350971 22015514866527455
77316685996 10134490795017180
256933735436 61393802215439226
132256616587 22673501236012943
166636779052 32066304212512348
268309257154 65515843848771134
54118690516 5934890116529460
169041760526 32762997858494850
6970793776 274354177916600
498182155291 165758321862737151
160599097397 30339417886034688
52067160952 5600638879457648
310867307752 81706290721343002
222248778572 49391457306392892
29077987591 2337424340000776
71425179991 8998477493024776
355976015879 100120746298642419
46442224066 4718034581585410
59211868129 6792114444149504
35247647296 3119510779599130
94462701841 13686197068955776
79169964241 10501051277215360
166665067879 32074470093607944
173258237497 33996442598324617
26666064454 2052718087070274
194800024111 40529963150268040
630249257 7458369731008
94538126 433268240626
313613491 2617940901735
31010336281 2574250709081920
4087119667 123172163091432
176893222601 35071911672606400
425182616629 130694191702964429
217276604822 47743274761001642
76949056552 10062294679654848
17001587801 1045019595899200
108963490552 16955627159290352
291371077001 74141701512029376
483819565142 158642016312891882
107175008711 16539890394642440
347165696746 96426892378341826
158762462272 29820459130566938
121524253501 19970404642824000
478593655621 156078643909335680
177619026172 35287986374382988
124709918491 20760792691312360
326376654347 87896496782729192
100448567221 15007484703096576
441989430302 138519487457273602
60671596997 7044821813941888
61176347156 7132917373234170
473350391606 153520785809439426
11929486417 614217443750528
318380055379 84686017057477319
142811720704 25441241589077274
141540463432 25102295550328858
93124821962 13396471263631222
261208716721 62932406633066705
178010147 1119505827063
3031595912 78685071947872
196478923817 41055057047675328
141899827357 25197956443159333
454610207216 144494672092790776
31647380321 2653980961267105
150010923154 27389044353463534
173832063266 34165475210882526
187975541527 38418879787293923
459888930776 147018673057903376
289248193756 73332901731336570
133367273417 22959709588174528
476771761 4907252832640
5700824032 202905629292808
8147452727 346674113618952
206756972776 44318288195973376
276583146877 68569571830418752
286241073626 72192288697570626
195659841791 40798598890992776
253229621971 60070962104687080
341306937911 93996272008178115
50912564551 5415382812099251
249044707136 58588016398921640
41660710186 4008496325965590
310473182002 81550955806384002
307594225631 80419279914845320
31107038879 2586301426644104
231707898632 52577997818534112
5388725206 186473243339370
158919715879 29864775713982419
36058074241 3227714477145985
145520683904 26168548024764264
5541149629 194440787601669
182776323746 36836009182876930
295572465371 75751084860584680
7771654 10209365434
246891888254 57829980769979394
30824334487 2551124670091272
176257359586 34882976531154690
368478073492 105441228990553082
217082182417 47679206939234432
206814208231 44336692084851720
243184426102 56532272921643202
98273626117 14522712678488957
405044551226 121519846081219650
152160792032 27979935082380058
13245652942 718620824388482
56896945112 6397720096398618
1592313529 29951948289289
4934863532 163418005928412
286292526472 72211754814221338
181622740952 36487827034917648
7515931711 307158591936315
157456165036 29453172892736476
263551431172 63780939802217988
7883598529 329970644381184
140671892572 24871587747807788
6651369454 255714115859074
8756606954 386271446043074
496486693441 164912854598462401
31335487 82673465147
31472268829 2631983879311424
2558306216 60997695155776
115305384091 18457240312790760
337168706791 92291953825189651
207444321022 44539471241671938
418110772927 127447132101641352
130775463911 22293685659640851
13637254 23733371194
423972641 4115078472960
146420308379 26411588066381544
9986589802 470451601350102
42822450227 4177330019838952
134027612671 23130440719235451
3303259841 89495218926401
58247452642 6626851518942978
207388286497 44521426051316992
16846494347 1030752756743567
410931409462 124178677740243722
9899300279 464296981779464
218465457529 48135659406912064
418322952587 127544158306670568
46113959896 4668100789154576
35317510879 3128790061451419
237374624711 54518542181708851
202507889437 42959146131401893
112077687976 17687689765165376
138849480907 24389836984871912
363160343891 103166953653467335
341308590322 93996954622880142
425438091236 130812002541495290
416335881287 126636468675793843
441129564542 138115461010903682
424264648747 130271167506128367
32030943961 2702376003289065
425264692162 130732036567109122
10691533336 521133845649690
18280727656 1165146551586176
4833067087 158387663618347
294404954131 75302702898169320
50522098876 5353203712215500
75510226192 9781393340567578
392891039347 116091706234202088
145717661629 26221698920282944
56390054879 6312415523488904
662461801 8037428235200
507673181 5391996876645
205025021777 43762590898727552
308003791 2548012711560
110448355007 17303391537484987
54510571837 5999469876981568
211575450251 45876539604708751
19102208071 1244559795177480
510289432 5433731989712
16683977 32116659577
4957839254 164560600585154
32837284586 2805059361360726
221061630427 48996247142703848
448725904 4480677746714
365254762952 104060716710831648
41571275341 3995595415408885
479163230212 156357350861897722
2120535127 46031162890248
340737094856 93760967129170720
90082509112 12745383857000368
264934855082 64283793237581762
498164188204 165749354754629724
57535613032 6505743551131162
129800984317 22044966506791232
41174312131 3938501377540695
15406180346 901431018341830
29130824626 2343798177644750
258940504981 62114475708318720
7733761897 320608255364313
229019306506 51665534111903426
154364293162 28589913646433218
388573576021 114183381510561280
64973816404 7807275437283764
67294780681 8229321708569145
457473385657 145861881721415433
12636286852 669605264584698
114530176504 18271419001982704
410616891091 124036139270838760
36600680404 3300844562641914
44422713416 4413663114358810
5178312029 175658700715584
279032513204 69482444178452474
277879533779 69052230505977159
15075164342 872535437066378
1866207872 38003457146138
36431237416 3277949161667776
20242229029 1357619311470464
48518772787 5037979118394343
478237599011 155904500803039976
54397377721 5980792223592201
206481682 1398569272962
5312897822 182551169232642
6657483746 256066797399326
242246629541 56205578493307776
48589822717 5049049461769157
70059415651 8741616881825975
345946035901 95919188906026501
1237307386 20516206236226
127358773861 21425736338670976
2509967527 59277066476552
660643076 8004351533050
86755076786 12045768901860226
189117112529 38769386303080064
40790106254 3883503646314994
457082249141 145674855295368960
214846352296 46944500900719130
9199308262 415931390976322
153728193829 28413377094858624
47076773591 4815059479865635
183443210617 37037795701344832
79077276142 10482615521108882
6316486607 236647170806187
371180295607 106603228352435208
13830090142 766703317342978
23090897551 1654062567448200
1602600806 30242679847770
68379533146 8429099464798530
56171643077 6275776823001277
147706723441 26760420970764160
32472604747 2758461179814888
169872507127 33004812530938627
217670329307 47873106206245608
55222112947 6117321598780392
14500789552 823146986225848
661333897 8016909968313
18523986482 1188480448826958
5266612397 180170810169792
258262329557 61870614980801837
96989072236 14238901035879290
340121539297 93507007201006113
445698753592 140266894707326128
91637159566 13076744853233026
42610540702 4146360698338402
98739236306 14626045595831426
199850748091 42116413419286760
207075405286 44420711540220226
250501391021 59102797195184576
43084773832 4215773311700512
264304850041 64054632814387776
276331815992 68476129330577178
12936280826 693591632874050
387506740727 113713465560184323
316958063767 84119296639349603
237459381797 54547744430575488
45674962162 4601600188149122
361957971529 102655020958564089
163628324017 31201848764985728
117484737217 18982988031950657
336992997062 92219818611548922
224357884454 50096198946526874
171675439742 33531646890798082
260404155286 62641868780845226
6486092461 246242338326976
54736320412 6036777551259372
79931414707 10652912582951783
207898673077 44685879390715648
457210378132 145736112837131258
4446386452 139764747537402
58204455079 6619515070422024
366219499052 104473267592629852
189647551 1231065482376
275063524366 68005238759281026
54766102447 6041705145336267
299283021286 77181998598955226
494452970704 163900611458997274
93508014832 13479242676997658
186199785136 37875767227251226
314628730654 83193709455085314
82221410371 11113977668665576
28602459901 2280321581613376
170970082147 33325203462346167
450409167056 142496398591306520
193646380957 40170457107690533
703031254 8786953324994
68834784242 8513417280513678
431907515237 133807107758618397
264635763806 64174966630731426
241594169404 55978657553607034
375597878971 108511980025401576
322262786077 86239884815171648
301334430404 77976913225021434
101025799252 15137032254891002
392383271386 115866725413738726
251770692422 59552580732510842
53584740029 5847274001662784
483741857029 158603797675611264
415717430366 126354402938341026
1119993457 17668643478033
91887343706 13130333866498370
36167185726 3242376144786626
139168481677 24473937240599477
179352331 1132191494120
256130779951 61106230073433675
133095236017 22889496865154257
41257286632 3950412700063258
349980316567 97601927384235107
21685593154 1505384962765314
325658798404 87606667441458884
1571445892 29365085605882
302142341404 78290720648667514
205907733857 44045517442044833
167933016031 32441188081910920
36928243496 3345255721996826
477355853872 155473528657818138
182276653654 36685060073691114
45084189341 4512611763908901
2262996451 50746941126376
396459060571 117676714053237480
290303331301 73734530188757376
107258361221 16559189355774080
234592977907 53563050692775912
27966243251 2204662854363751
301854736 2472089685976
413979478004 125562873535565844
6521467 7847501032
48985908511 5110912107431515
182960776156 36891783996021420
338082477779 92667392912338759
272900529937 67204666436464768
128382832561 21684673511163601
2706235666 66364115207810
436344734932 135874405148813108
435356000641 135412840202664960
109728556954 17134516506721574
162540357562 30891174215872518
147333018697 26658927513459392
18685247956 1204033779501620
178490876461 35548123962453440
3120302504 82163805587994
200122694926 42202407566936450
451072842392 142811466193309978
443915175629 139425766192535744
35882927887 3204225850728072
8966546656 400245720870920
197197966046 41280633420624130
1845615391 37376172528776
1737521776 34141144589850
368037814327 105252312896707523
51827028082 5561938448566658
477125287654 155360899999496514
4225424557 129476867811733
205417745131 43888391391227695
2912409361 74090723391601
1170239632 18870894258008
202758712004 43038983521377604
382823437579 111658239647062799
27810842404 2186312294624484
295139755957 75584799601506637
270561403856 66342467910193176
488595286186 160996707021617090
42975936901 4199809108533376
170846720786 33289141852100226
73924162306 9474835241628926
281843187446 70534921620298826
135916206001 23621058662869376
7680499831 317301929434120
382962577207 111719119565333512
102339892321 15433333348472576
137588153879 24058251823170019
11857769002 608686951102998
190093155529 39069909620671609
367007282632 104810551453422112
294774160111 75444400281267851
1804052279 36120734770184
44178632626 4377336730469250
86940538546 12084416076197326
86778404902 12050627827668802
139018162987 24434295720823272
21566218087 1492971768386568
330548323582 89587079764902658
11868705416 609529235446810
194091601447 40309073183329288
192285879592 39747862837928128
416126030782 126540735661845058
380886865207 110812050506696387
379135435079 110048609657481224
147437260777 26687225407578048
52369321162 5649462715649218
192925152697 39946246108859913
309601477066 81207745031489910
392462137 3664942274697
213924271 1474865246155
66154666897 8021076949058688
101287128404 15195804013366964
272433080326 67032068603677626
8953963111 399403463272851
33134201452 2843190603098652
54071654527 5927154530620552
143422700411 25604681013931240
445163587807 140014335516312712
261234014791 62941549368215560
58866525004 6732780308861244
108346288754 16811768587402254
172680071302 33826414287788098
28346638357 2249797095518208
81919174066 11052753416385410
488955177172 161174621021983738
38398440004 3547004697634244
131722276547 22536232572491863
330776024762 89679665057990918
29304873466 2364834910829510
487614169417 160512019599064057
75499345406 9779279212007426
81803450887 11029341140828168
137462285279 24025245834557339
291074962579 74028707133275624
68267526772 8408397493542292
34188117817 2979916121378953
520079627 5590856011752
221055646156 48994257617951420
331234104082 89866020665349762
235840595446 53990908902378826
456362574662 145330943714624122
146984184767 26564304729116603
321750788206 86034444762615426
16614731 31916902095
52649638252 5694883221502748
30394314182 2497926316897858
124369048217 20675732421167657
61250525002 7145894583800002
723539821 9174243775701
36768347077 3323552173049277
16018262579 955681582107624
31215634454 2599856546936874
461452550861 147769104552655040
192561940237 39833491332466368
112159609877 17707086250037248
410358659146 123919150385975030
31194149977 2597172937001577
232786773286 52945644481351490
19107876817 1245113838571953
2508338207 59219356776283
66683876611 8117517211935976
18984917512 1233114690675168
499660557631 166496724460949051
301006137566 77849518365349410
17468328242 1088346722914178
156434812879 29167062281911944
31658451007 2655373684013883
117061459454 18880491611279874
283393443379 71117679080943079
198665203312 41742208085648922
296355682504 76052375808329754
115162803004 18423015860480844
110255740492 17258147299958332
20692187597 1403137241088192
499441655962 166387322878886722
13085656201 705639648861376
243376947004 56599418293119354
333066326366 90612692486372610
105612173437 16179432930276672
91195887202 12982403313328898
13368332342 728627586077378
125576412977 20977539788141952
99279902801 14746341803038001
246300571441 57622347089851776
373978869436 107811127120079226
2842843907 71452038808808
67862043029 8333594608292864
64303614272 7686789746699688
404603647021 121321482502905280
301453218686 78023026420484226
320108409181 85376540624410176
177814574032 35346277384101912
119492294231 19471627822150051
364433859454 103710101812175874
339469460254 93238229327965954
32080824952 2708690986949402
36653999636 3308060121329140
56536570717 6337033447704128
356257891672 100239689217160592
56849053837 6389644154657472
3660898529 104416147901184
173082862262 33944837864353418
8407051 11486836751
364339954379 103670019299478504
14012802937 781947100536393
294348941012 75281213409035572
24847443427 1846347261359848
431739307231 133728947805783176
83364448651 11346540589112975
421664535286 129075449787319490
147634444192 26740780819452232
6437777186 243496046581726
208278647579 44808443404633599
2819066329 70557471509824
178188679852 35457884196600698
308244001529 80674236568696384
176409937 1104443824768
178749678829 35625466406507349
290548739254 73828047246630594
151065531281 27678377707202545
80432382661 10753219724570240
416509275952 126715588878462648
427284950236 131664723992871290
371479332226 106732079644864126
50241488546 5308666404447326
271164204236 66564304199527290
477018816127 155308899199184123
134909216521 23359036173830201
10835612867 531703523481832
368140546 3329585829630
227898570629 51286750131941504
268573037254 65612482525986554
30953581267 2567186851846632
2210759266 49000005335710
5646071981 199989515709845
381636966341 111139554064475776
7602493087 312480205108443
37210329202 3383659268950402
128536921801 21723725234440825
6638803607 254989807818083
108048571954 16742522402679374
154278737461 28566148176157440
444219573736 139569199799550976
217219257641 47724374219712960
201517578676 42644411102049876
302254291252 78334237149995002
359017534766 101406656800430210
463964293696 148977233504017576
272457439837 67041059285077568
270329000866 66257007345078110
461048193412 147574918354382468
28312361821 2245717664892480
171753381466 33554484868241510
149648536741 27289857277607901
7191662416 287496294042776
54383855101 5978562215086400
265054247656 64327252283942426
31649644622 2654265796747138
397722737504 118239788078633754
894327779 12607338728759
9919713379 465733849809079
111647734612 17586006838166522
412217926121 124762289738313305
102458459504 15460161871779354
76604612491 9994808070928360
36403170052 3274161786606852
141065207221 24975971112718080
3478204 3056183674
103011924152 15585601112576048
390347530666 114966195659087810
112059697579 17683431163839599
310061193982 81388686284979458
185968573912 37805241443353872
32117817629 2713377469102144
79772761597 10621211388496192
122457313717 20200844204818253
425844057016 130999284404029210
245570481706 57366328665742870
466508933557 150204524888614733
194698296137 40498219088392697
383757645161 112067210086370240
259235641226 62220701664979650
404997750004 121498785004799994
358791322754 101310829432643454
480491594254 157007995960926594
198233024341 41606072236555776
495181166866 164262817156564610
59321351236 6810961168607226
54904861001 6064681136669376
65470787012 7897020858841668
23261195896 1672394694014576
6145357817 227095552843328
473819486779 153749053506250984
35102828167 3100305185771528
236003392879 54046822332487304
128770766356 21783034531474426
96368182654 14102391358968834
69975966152 8726002979403802
428364440407 132163994740122787
2256811337 50539033125568
208259285654 44802195345318314
149783148802 27326687306383102
37096113154 3368092132514814
126689923397 21257175557194813
315530516422 83551639334364738
223374267029 49767116571705709
489016490491 161204938113004776
245436644377 57319437552701248
31823482187 2676163911201768
404108141537 121098682666850593
7189623742 287374054130178
2468058154 57798631269314
389678072267 114670566326598632
2366616802 54272045421598
313414633676 82712629144693626
481725281 4983929777920
498242047921 165788214558869201
136267840226 23712784485115650
464740066561 149351036577662976
72264424366 9157540561044610
45875568061 4631949064328965
300081207052 77490970368244602
479415830401 156481007432985600
23147020381 1660096586195301
3855868837 112867707365597
11758954691 601094245996776
100428398536 15002964981458976
130428950654 22205137562332034
342681470912 94564665306072872
406364196856 122114202067348720
201346205491 42590024578514151
159699239282 30084781493277058
451140281671 142843494725464755
6652129 8084556544
468557981129 151195226467313344
150401169286 27495990833170490
12330388204 645438280772474
45231747607 4534784242786312
1439027129 25732683156544
234083635879 53388703281437704
20022906556 1335614633347020
38524911832 3564543150715408
40209800737 3800925237722368
288380252629 73003076446534144
477605872 4920136511992
304395421376 79168074378254376
109629733627 17111374257259752
307031327632 80198629653518362
433584878591 134587347824538760
30545392196 2516573772408826
68365850879 8426569682039419
246443068712 57672360497381568
10519533677 508608933845973
55917197737 6233183227295897
181713156977 36515077181773073
9831455201 459532047643425
383389779971 111906109317199080
299039364691 77087762947596776
224550176176 50160617155111450
146477134379 26426965153616879
214359584762 46785051172666822
827126129 11213348957969
31418100457 2625191747352512
153334205977 28304216638673577
1031828879 15623952916104
452827901971 143645765178607080
30722619022 2538507601223042
12640102504 669908579347994
394167666904 116657994086722064
285972534586 72090720920110726
370110955342 106142887179921282
373997896279 107819354854987784
278067154 2185700535214
121776306806 20032567798836426
10671071006 519638473805570
4314322496 133584367505576
277055630692 68745351884717732
408381579376 123024678533236250
15958357879 950325531266179
56718972416 6367725595424026
68719810357 8492096378320333
247745699917 58130225209994432
309175127129 81040056798196329
291480249922 74183375327074238
5172512906 175363705119926
125901870901 21059144305751501
472262246912 152991716199024872
776278504 10195383138304
35114222522 3101814846657542
213760892027 46589186417720552
139622567267 24593817111598007
220600414336 48842990671633690
235432132111 53850705487715976
31023785872 2575925623642138
499693546972 166513213787177338
94361888677 13664293467902848
120924030091 19822632865035151
259888416491 62455864474764776
129095761876 21865551636165626
3674002061 104977260946101
36374843782 3270340955140162
3644658754 103722128650754
17737955426 1113642055636126
6586937254 252007436831554
206294235616 44169590023424776
75570473297 9793102064344113
401636960641 119989577508043776
332682837151 90456241633342600
1421324587 25259306820847
12923576836 692570174889476
386039710541 113068328940070901
90740343016 12885249695680026
192859935517 39925992424433728
140816203396 24909870055027076
1076735216 16654940352026
97629630022 14380193638335042
202345001629 42907325044187429
128051651212 21600819623870972
329317657267 89087232189514728
379068387406 110019418843877426
211366040932 45808446132115108
3579722192 100962484759578
272003646097 66873637747433713
198795705427 41783345223713223
331513337981 89979681708683845
18037367212 1141957743229818
49847610386 5246361298116226
3278029966 88471843483010
137335950187 23992132711517672
21585952532 1495021486552308
43082425492 4215428644077428
121882434676 20058761059653626
479976096107 156755393228238312
480245571082 156887423571006262
210033331876 45375881063365626
289802167904 73543675753841434
37543891232 3429259025313562
107738731111 16670557516755976
222674340841 49533387547063385
28336876954 2248635088340774
58241309161 6625803123158976
379693815307 110291814131091983
20038918916 1337217098317060
136788820582 23848902887452762
308817440254 80899463675809794
58099757641 6601662428529401
48545877811 5042201417087976
161473068187 30587412712193768
77478389836 10166301096463226
35621021 100201937701
50022370552 5273975246372848
16829978312 1029237323792672
335332590212 91539090476617722
494558386697 163953029008132288
222278781377 49401459161482752
66932806627 8163013541795127
224643336617 50191836057446553
137818537567 24118703469700232
6873957127 268657157791752
53874523627 5894770793739752
70433114182 8811652138512962
258258017396 61869065421917076
327562965902 88376160637933298
148356943256 26937318544298320
243092377816 56500178698800410
465073703462 149511894189606722
21298725637 1465281328211072
64208973836 7669826133922940
454962128051 144662488008500200
19167938911 1250989143843976
447696896879 141211212123514379
141513862007 25095219205504008
243643532771 56692439066818280
138915360157 24407197254336037
153808050397 28435519664265792
6979888477 274891274597952
44684504932 4452736442498212
40480794454 3839414443777474
187949790172 38410985368210092
12123035617 629225958744832
13975997267 778868351804103
163955707931 31295537618835176
450465166552 142522974356131098
341006265721 93872091159472201
320840951776 85669774526938376
456947446232 145610416269480208
26516396617 2035460476066553
61586987242 7204856347718082
216512598082 47491677535395262
336885459031 92175679626631176
250301826812 59032184043121018
443278444807 139125895092936712
159145304879 29928388600006219
172724737376 33839539648148250
80498574391 10766496495056835
7803315202 324943050619902
880131991 12308352544776
11126963254 553291956892354
10833110416 531519340585560
1145122297 18266609206217
254831245372 60641766742908492
444124379216 139524338477610010
280173656767 69909117619438728
352722304279 98751193233145864
2743886161 67753866394240
250640850079 59152159635566299
36398043529 3273470177641664
109231591 538111237651
456250803626 145277555888013250
221080248677 49002437119700352
436767085766 136071728201420026
369979331737 106086270339069993
458060882654 146142950428748834
6055996486 222160193831290
371099309296 106568341251567130
221066949847 48998015654365192
475804514761 154716243854950265
74752397812 9634512627189268
84001422022 11476834286399042
96236961122 14073596957812638
300509769886 77657033544993890
390443845682 115008748740833358
102551279404 15481175322889564
387836941727 113858842331149448
70224589996 8772549415336826
40751556329 3877999603570624
173624575282 34104322949876558
313310134622 82671265362427138
4213115116 128911492008860
24502006397 1807978550175813
256725892291 61319321675372776
14306114977 806626449565952
7709901577 319125676190777
89764870196 12678031207284730
110883529582 17405757250565762
263894949787 63905680690736872
121074069656 19859537497862426
150292594897 27466222205450417
30653746607 2529976322627208
21496078186 1485694278604226
300978981871 77838983639340680
389183854627 114452485248811752
29107416004 2340973634754554
55600953716 6180379611478010
178895001091 35668920161260776
220789760356 48905888674925220
18703423937 1205791037923393
321323926 2715080083626
61133680279 7125456483045384
16994028262 1044322689555418
490006935947 161694938759130767
185607708176 37695255061578200
408161094266 122925060438505026
60608563204 7033845991454724
146238539267 26362421474022632
445386298529 140119420290449664
3175367587 84348347722472
203716317361 43344245507251665
25253696692 1891813344639828
412587558637 124930137464027072
179516425222 35854935287606338
92286457391 13215974417421960
62416981222 7350993518373338
59695317686 6875467910033090
203479575212 43268710791805818
265424972716 64462259049175260
226585992791 50844310680799651
128669289256 21757290577318426
796823161 10602794614601
283192467406 71042039963927426
117581219581 19006377045754176
222879930379 49602002799601679
182244654586 36675400275034690
109276488757 17028737370796237
294040580681 75162947274769145
420924686527 128735886744487048
71940124271 9095965432829576
118819593904 19307431485630264
148568912857 26995070512422208
173704726406 34127941302106170
266579590754 64883339753284354
123927062326 20565613375290050
19466900587 1280370496572847
74785267397 9640867961474688
1184019454 19205190249474
210772195481 45615529318626345
75126376501 9706903813074125
162878637377 30987660761354752
202533346577 42967246943388273
6339211102 237925384225698
344837303812 95458437170631172
328629000256 88807934228721320
27398244742 2137839373633082
77591801212 10188631145277818
108731601286 16901530055143490
6587740721 252053547802705
323625812941 86787597259092160
62770091087 7413461608066347
390869894881 115197045129952801
99305749312 14752100774009768
7126090654 283573276201314
476016222782 154819516298268162
484092084667 158776071938359528
487156060129 160285873143188769
171178903942 33386276948160578
97223522242 14290561456238082
116494094017 18743394919916353
461421809629 147754338578260544
330171975421 89434123212128576
479722368829 156631112405340549
2653057 2035780608
20634047086 1397227620548226
319349530892 85073118282507132
496556449526 164947611073559626
8945534404 398839633336314
468475700704 151155402577026824
28825565672 2307054148718592
135830192656 23598639628361176
474282970597 153974701650377088
186421980746 37943584273524930
19320177307 1265922417876712
11432761292 576256900262778
204397957507 43561974030843112
46642978879 4748659489236104
45126538832 4518971598836762
157727327032 29529289561100058
174007227629 34217129255815104
311595520601 81993556886994025
137042615747 23915306874357992
431421567172 133581347458463738
382604715704 111562561238565424
342288347137 94401985179779072
193847445227 40233037257278952
21816158287 1519000925240968
259919418502 62467040327709498
425299738061 130748197273755840
216467195254 47476739755253954
401926503332 120119352859895908
162629884771 30916700034809576
173995429279 34213649235145864
103499532907 15696394162535912
114258491596 18206443171355580
201846565397 42748882239288813
498817200337 166075367318866097
182940209641 36885563689549401
199158436127 41897756842202248
51000674377 5429446793264377
106857177779 16466370524518759
160516930102 30316137015378698
215123066347 47035224303433192
904336657 12819575032433
90895048897 12918216437973313
351165158327 98097986979206152
1903290754 39141808827394
5634070477 199352193781952
432273782956 133977351286131676
494892609761 164119256605264640
286880779186 72434432310251726
382534737904 111531955695452664
320414133904 85498880272631834
166922664322 32148860021697538
119955203722 19584886186677942
35046943129 3092904413625129
21359654642 1471573406698382
429564853279 132719932140826459
24054469454 1758670370867074
241012706341 55776686915703901
129488841652 21965494350398548
340079477404 93489662096122234
124010715154 20586440106376834
453271483876 143856886105285626
390029510446 114825727954585730
454315297 4564657247488
426073882522 131105348071302438
41794464404 4027816123735034
10928702404 538570097468484
149439624952 27232731547825648
87376003562 12175321840622018
31905274529 2686487926059264
360015581332 101829807154353012
237248550704 54475114224706074
130712566754 22277604177358594
169886496451 33008889631985751
5648091187 200096809249768
4573648262 145807906656322
400044104527 119276483466192427
6622566329 254054889589824
138807326387 24378730733700072
978257029 14423095579389
196590521362 41090040172027522
118564777321 19245355611884480
105492713447 16151989356176392
12613722697 667812525427392
17454499381 1087054585240320
271535491712 66701064326593818
94630988404 13722786609044884
270237096866 66223222010084610
297560993962 76516817727862722
219788146516 48573473431340026
4374444881 136386442562176
103309442182 15653171187873858
8593015061 375497572222976
85735471096 11834038497166576
466521490712 150210589580093722
235336760597 53817987097582317
73563931379 9405663574580519
5821798466 209398447297026
315694977301 83616971089995501
429869855032 132861308994875162
336590023051 92054454191462376
55959007612 6240175469062522
97826366302 14423682491805602
32759168596 2795055943672826
216822648904 47593727822327834
146317508404 26383778025758714
368416266856 105414700825234970
87400251187 12180390339869672
19804380691 1313809412253160
157620630917 29499331559014528
2239912847 49972455661192
247009252681 57871221456177145
214356965704 46784193740875424
282933637162 70944666406749122
63681488761 7575507448920640
441356906 4370757459926
171150234581 33377889898611245
4855706332 159501860228012
416226387467 126586514994559503
117303515704 18939082723624624
18954726457 1230174383673408
310772694772 81668992368642042
236927661007 54364631336255112
111894537517 17644351235937728
9064839982 406845126548562
236984799286 54384298674740490
19177142404 1251890248644484
13890527827 771734575299527
55529614141 6168488677203776
38258344037 3527610612115997
5517803776 193213256358376
18383168386 1174954079796226
58071808802 6596899408325598
316300753204 83857761123559124
131829571504 22563773686204954
294228492496 75235010141051930
41729727172 4018461447583738
217748853004 47899013608190844
107136121961 16530889346646976
101007370531 15132890584130551
71405149754 8994692499314054
483153838546 158314696174464130
53030637286 5756811538315226
12271099471 640788633747080
316396999387 83896039289320168
459394193846 146781498270568330
94691468972 13735944489368442
2076546791 44606301660435
52658075551 5696252217562075
301367812981 77989871306556301
451100387404 142824547691367484
319601324252 85173752913691002
11347183982 569798843756562
207872236154 44677356100300614
135530661931 23520623548275176
89063312276 12529693961205876
116775671357 18811392899221312
32875479991 2809954942948360
270206955757 66212142922082133
88534005616 12418163275338360
228990205654 51655686921949034
267140056 2058136053520
57464059556 6493611122232676
470943374287 152351280450364843
188100644629 38457239495022829
138410334454 24274219909780674
35552311186 3160043478404590
34440919832 3013029430757658
244726726246 57070925165636930
53604056452 5850436061483652
208630545904 44922050970418714
135289714879 23457928759788219
2487769454 58492435449474
58746493379 6712198094232919
21297602 46322288702
53611587526 5851669037622850
331227592742 89863370821818178
157762151471 29539069717501576
297271002646 76404989461925826
236939363467 54368659200111503
410675797471 124062831253740955
443578856996 139267348679663076
174105759466 34246196640583510
230936575079 52315678909124499
253885484491 60304488218179151
316950898111 84116444052604040
97685254 455083045954
174314715577 34307866956491273
1549323946 28747189413826
348496862092 96982030095932282
38793519241 3601887743500985
224755959197 50229585541588517
259032627029 62147625942531584
339606254297 93294592543495488
46869269029 4783258874048384
195305937556 40687955767499770
199438121962 41986045832731222
186093007486 37843191661732226
110751240121 17374617633416201
248988249976 58568095108908400
30617607154 2525503532131714
50166389882 5296768109512258
111218607529 17484714362817689
433589534701 134589515758243925
61440372697 7179143708884288
441239467907 138167079544216808
49728330029 5227541509518784
14063909042 786228771195778
208689978226 44941247684747650
904761992 12828620312928
299109744182 77114978696797962
16708377004 1018102675024604
82387349851 11147640071459775
400319650721 119399739344292705
32667085816 2783279267808026
123552465157 20472437556071037
96045774904 14031679423858864
350478292297 97810313553830592
169971610582 33033699230982762
372662006182 107242187726256962
30669842947 2531969331216663
183657089081 37102588793636745
20869551452 1421216454017402
72487756147 9200025197504167
307284489541 80297841528602685
68737977254 8495464085023554
140723878387 24885376114513447
176393943821 34923531361740480
244670760686 57051349294185090
76837684106 10040457020076470
41789260451 4027063872813800
67693785226 8302620193619126
382066925879 111327424997057544
158049318652 29619759393415052
154122687202 28522817855866398
101684490131 15285314241282695
334460317 2883270923328
104676687577 15964939467257152
175735857676 34728275829514876
17000297029 1044900589947709
373416931111 107568223788755976
488948254942 161171198363432482
21652076657 1501896297451537
289859269529 73565413029159209
38103319541 3506191257707776
81670834091 11002531427340776
276955891879 68708233162775379
111231341971 17487717430767080
28198731422 2232211579523842
43071565252 4213834800683002
40463155051 3836905190182376
317859989861 84478603085859101
234793717481 53631815741184345
239122430129 55121785226507729
9322336786 424303051460226
17296022 33900207042
70700596562 8861895575718018
242869302776 56422424944173850
77260070596 10123361297099076
6767206954 262423262811074
72281152792 9160720555370778
409628800757 123588695848197133
10462172879 504454589803179
63134146154 7478050209739734
264819855967 64241942673237128
71140108601 8944659274981001
404376090472 121219146681240192
48261807904 4998008914014664
357529404467 100776813237677032
302805791156 78548730643758676
75459714887 9771580319836168
117207631531 18915866168637295
174192514162 34271796520053122
227377670191 51111013801776776
46027752122 4655016711060742
112970492779 17899459101361839
269330659081 65890309314474176
43163480206 4227330536784370
349868216254 97555037588786754
65470425154 7896955388416514
162429195667 30859489740631528
190378127986 39157798336459790
9168678821 413855824712576
170015925004 33046618735141244
350206244872 97696452455424992
18306741532 1167634486274412
129355571 693475226855
298888579381 77029465049060301
145702546291 26217619044931560
386568857404 113300883836268364
201495359521 42637358386744576
69861537911 8704607900883976
943755736 13666841427226
3208765996 85682608855930
2757830779 68271020260584
84450019826 11568892666257550
392182204547 115777677333728488
322541426036 86351758203171476
116539471154 18754347474721614
7017511216 277116839658010
12268582 20251342658
64736115754 7764471302479894
405380339254 121670990151075594
195706761266 40813275115112526
37595973367 3436397285837832
312375960079 82301798327861099
485991024887 159711230509272072
487796996 5078454546180
27424234504 2140882008122394
2487910531 58497411058920
49047276601 5120519328261001
993353879 14758258610019
108151796071 16766520591006355
11710391242 597374381602678
160170359092 30218006897272532
10216279154 486775052945934
212330051971 46122192336207080
5604281386 197773222088726
113151667042 17942535277611778
46411752116 4713391898095610
245078731 1808517663720
50593645951 5364579196785800
2448495232 57112783663208
52796413726 5718713948166626
113544916 570298274810
390971579951 115242000963786376
344939458756 95500858390296570
431845246576 133778172072257050
146066611772 26315945043650938
272477371156 67048415895058676
435791876492 135616253005550332
240830145154 55713324673528834
452971613956 143714152969916676
444700414741 139795874145137901
33535449691 2894992408681151
178003069454 35402496474895474
109036794637 16972740144703168
89606472781 12644488849706176
21895396954 1527284220803174
9376898041 428033516234185
28837091936 2308438046728840
139051911691 24443193946316776
223771468592 49899918639119032
110096608129 17220797659679744
172909340017 33893804103417728
324121586681 86987103190810176
398235732379 118468625866385279
123888730879 20556072486455419
10606014547 514893723648488
101547443131 15254423058291551
76943172187 10061140490881768
188841074962 38684534835550318
2404121812 55567268860922
185573590372 37684862002292388
165396173086 31708872191508226
333667297966 90858050126417026
99623671 468696173576
277448806156 68891740847191420
189117112529 38769386303080064
394409207936 116765240419252840
429240502154 132569641369374134
181080717302 36324610810465098
158662739587 29792367050525847
212423901307 46152774573669608
38009518471 3493252125421576
429788263412 132823484078516218
159137406562 29926160624975518
270293707882 66244032417723862
293986902616 75142366339721360
67952701532 8350299775304058
340988923291 93864930218659560
456021572546 145168083318640130
51243369181 5468248250010176
142279383521 25299124022375201
230017974671 52003843821919880
434145653932 134848534416259962
5092473661 171309116532101
289767909629 73530635444233669
461599546529 147839717964309089
128965206647 21832390868402563
185418272167 37637560618859528
268189866011 65472119230289640
208552392367 44896811441877707
461883996757 147976393384329133
104712379636 15973105622992890
1111726282 17473372581058
20661887404 1400056377926364
28091017879 2219433868087304
30320639386 2488849470404390
158875180972 29852222837865338
199383810941 41968896516824901
1072007057 16545356948608
166280776222 31963599344285442
77278546954 10126992945364674
246165833617 57575070382924928
9548583529 439842768910809
136705145942 23827023412309482
145391776147 26133784051379688
5162448467 174852129645032
181700497379 36511261344732904
1314127012 22456240457572
20193164167 1352686219243528
1013152606 15201679447970
443796529 4407047485009
19053179237 1239771319902493
29860670011 2432430272145640
219456106261 48463442922518765
28742308921 2297066167586880
10137812029 481177730968709
31479294071 2632865197677576
9912531202 465228131174402
37830514646 3468604227045826
88917342661 12498903384338365
143223534029 25551364918198464
103132696531 15613018285172295
42223456 129316377370
131466280066 22470567165969410
100967372507 15123902728123112
205470307582 43905237775061762
445537320529 140190694104121984
383972314651 112161256897886975
72625274404 9226218026839034
435402657866 135434609145788610
20070962836 1340425872493940
174941744296 34493147095407130
147327590432 26657454213127962
139552822361 24575391570946665
190723835306 39264506698693270
494013527011 163682160589919976
112344399092 17750864434448378
40902147106 3899515266933470
117858766279 19073712727341064
476335337177 154975225615850473
89824199326 12690602412258050
1551217151 28799897662600
224169692572 50033180917899642
247740772561 58128491009804465
107423309371 16597402606905576
961301629 14049743770944
306710910079 80073119531816699
147608362792 26733695005134528
1701223616 33076890804776
62873239529 7431742659043264
136457410079 23762284019275099
163471044367 31156872682205803
31478541329 2632770761300849
180501649031 36150509265031176
163288694716 31104754597702010
94139161006 13615943071273426
56654660806 6356898446187770
10470130279 505030224147464
280903981492 70182642525689428
204609644254 43629664680069154
88795090406 12473135144702170
189829961696 38988796173228826
154229303746 28552419593099326
124360569841 20673618223653760
79841878211 10635018019849815
3250477507 87358750039383
189160976 1226330620376
230755833532 52254273910718412
14150582336 793508055185690
168783695516 32688000743580026
134626788857 23285722534996937
41927853832 4047114043229408
290731719454 73897800809033474
340057210396 93480480261972076
107075491231 16516858516485595
470647415707 152207688005234408
448921237286 141790874954940226
453707662237 144064584103650368
150166522352 27431669471016952
3883756912 114094421448218
377456677654 109318499707160514
214037560676 46679665645825700
113286334007 17974576185537987
89406769817 12602241833067328
48194413346 4987543448557826
85374351154 11759349295759234
53828578217 5887231599812032
126343339861 21170005798551040
353147425492 98929778051421178
244273589242 56912489312662082
421543324504 129019798129370394
54056857222 5924721646512442
59927393101 6915601188288501
136862580079 23868195274086024
332568649021 90409674086633280
283057018216 70991077578432026
469794023827 151793894255324648
107908693642 16710020906418882
241057836686 55792354185764226
7784337926 323758398763450
305303528992 79522613732753178
134380425832 23221833453620762
393834781279 116510243798525064
6181107706 229080093135426
3763431904 108833432812314
194589108562 40464156495521922
461631254546 147854951256669826
276792924562 68647597749734018
7977044896 335854862325530
4893127276 161349240949626
37819787852 3467129051515452
379948315061 110402721752801101
300510545141 77657334054763776
331971112552 90166120595604352
3144522557 83122309324608
8503318846 369633601443330
20821568212 1416317772529972
154365404431 28590222375575176
166128567154 31919721388597634
410764618154 124103081789617814
118718706451 19282846322726376
242283521887 56218418523862043
67773285862 8317250596706522
141768806404 25163065267957764
7635081379 314491547110519
12631041271 669188356296451
295205064772 75609889223682042
88725149377 12458401000151873
204515618791 43599594020512776
557295806 6201587751426
842735986 11532280171790
374020383172 107829079081375738
187252110529 38197308357737984
305623992577 79647853708699648
421438656487 128971748208911368
59145470146 6780692994804030
181621535557 36487463791243837
457100415592 145683540021600128
45848613521 4627867351784576
459775769779 146964412897288039
314911987306 83306082327821270
483767431162 158616375283569218
105583221157 16172780289843933
76694273777 10012360747574673
1012837529 15194588640064
294637503904 75391942711968584
278188999279 69167614565897864
27674692481 2170277059209345
2593764301 62270228798325
302670397667 78496054283466807
4913428016 162354401998776
418370517481 127565912313098176
9323702291 424396280972776
36398852956 3273579372581676
182620972129 36789055709447329
46352969527 4704440132447427
192481272832 39808463564133658
172245466712 33698792089793818
5880972379 212599111897279
9585793492 442416322393082
45297640546 4544697176967326
3277706096 88458732172826
713456426 8983129884950
355939734586 100105440128154690
10140802492 481390654925178
14285654966 804896657862026
93886361129 13561133774483904
265693892167 64560250341099528
65938779676 7981845320835450
50316643379 5320582504393704
413437341802 125316303611974102
126394618372 21182895408693242
83232612002 11319635232544002
459005111257 146595063411750633
39507902254 3701837764184194
193505138152 40126515481867802
154164329902 28534378598151298
126738754846 21269466823597826
162565445504 30898326530988904
70096853101 8748624676461525
257967748042 61764787967928182
285549935617 71930980615544832
118410948047 19207913526820488
146001759752 26298420973929498
147546428701 26716871213109925
273241215391 67330551930255835
31257875497 2605135537004992
244336499827 56934476735154152
26947623782 2085314918901058
73041286529 9305605986622464
461338237081 147714198558069801
321268053737 85840896350738368
22499674516 1590944485276276
415923529597 126448378262805317
61822355897 7246198334921792
137763941779 24104373208165864
12248776 20202317850
471154968902 152453969063111802
1906315132 39235142649612
1432864279 25567552608739
82957438802 11263546253613102
19549070779 1288485771532639
486480150079 159952403105932424
10284146237 491633610955397
5784092791 207367438752776
11784118441 603024765044160
49576439056 5203609145446426
181728228502 36519620191554498
15411973529 901939514981184
21871756676 1524811388563450
363410094454 103273396095713474
140022880222 24699662677166338
18837502051 1218780103661751
235850210611 53994210733213415
43823245327 4324623926550152
228120741697 51361765194766017
1994308591 41982854960776
318227660872 84625221097353242
137036856961 23913799440137601
14055692281 785539845081545
200898440876 42448032471553500
218632063171 48190733609883880
339354937042 93191051089839278
6783154576 263351454387800
405587462879 121764251343745179
291927079357 74354021730790208
11715288986 597749190034726
18378566782 1174512941276162
180175542779 36052585583849759
328973644231 88947674611955720
29826955162 2428311843085122
356243542006 100233632962149570
81937389706 11056440179954870
442867073546 138932272509816630
40989714361 3912044675566601
299387475916 77222408805084026
134334290279 23209875671880339
7962904504 334962232346394
16193970562 971449304183422
268363468037 65535700712463997
21239738566 1459198359273026
61002974572 7102616998300538
284711711902 71614485934252802
121301027332 19915404836075012
60246667882 6970941118631362
216004884176 47324726079442200
25011114997 1864620308367117
1848289601 37457437094400
1906562126 39242768280626
6565605937 250784261516672
190853556401 39304572259190225
213530144752 46513769668768248
338804836036 92964546025521476
178881841912 35664984622568218
270927125779 66477027616716264
263664702226 63822062603671150
29288897407 2362901324402683
101580794746 15261938786383430
318792740806 84850726007432770
188413584454 38553250455914874
47812369529 4928355614146889
6291222707 235228817089512
238205620426 54805078718098626
104521177867 15929375911161832
490877494031 162126036974231176
1149887 580693947
174292279256 34301243434812176
120778015387 19786740186472168
12336356351 645906945930376
89796651221 12684764748412205
159802113781 30113856064466176
25964989022 1972300566263042
70964065012 8911478046951418
125952055951 21071736976918251
184005134842 37208107662119878
75159328196 9713290938996730
6872667421 268581552001701
80905561 343012618601
209916037541 45337875704574685
4511217592 142832667722032
236883607279 54349469397718664
19261250857 1260135235365312
4070230201 122409459868425
369610394311 105927628533880840
21863809717 1523980416780032
36756145147 3321897878082792
410679422617 124064473962368553
210434713141 45506015702843085
11143677406 554539104295170
24578216329 1816420306987449
435995686 4291360225090
407837703379 122778996819245544
161565143236 30613578760927226
25235720812 1889793776970268
335161453279 91469023935402139
153318700627 28299923505735623
225218812232 50384826578929312
478063531654 155819390089914434
347994456671 96772386478367880
142385024342 25327305745286378
404459730301 121256757505019200
4743915716 154025455532026
166822143391 32119824274125960
40612072502 3858106275807498
42418669547 4118386207842863
298681408279 76949390775903459
65684457577 7935711532045273
470240018437 152010101853936768
274344540481 67738776283378176
236438481631 54196349947089051
14960953711 862638617122440
200963101277 42468527377784677
30526857596 2514283572344076
370260673381 106207299436322176
54733342654 6036284939264514
307837418926 80514671695672450
226995471367 50982199222434803
11874252566 609956605913026
461563035616 147822177893508360
61634376157 7213173765848037
449225450912 141935027343532872
160561694504 30328819598627354
234236243476 53440920870757876
250076174506 58952373867442070
9985600541 470381699178560
281540700079 70421399923660424
1936006426 40155354658626
335677453204 91680337912107124
34280223721 2991966499802201
176132698441 34845975638164160
216520494712 47494275730003568
302671953742 78496659625040178
34157007766 2975849602102210
277469664154 68899509695344934
191720729152 39572756170128552
493481882531 163418005846450551
295539405337 75738375971901097
15816467297 937679263821217
315308125442 83463322037528578
78320310532 10332459180738308
18547096 37644426576
305142579029 79459737864830464
79004516257 10468151073995008
89872524667 12700845101239528
8951688307 399251266373608
210971566807 45680266884040712
110184844331 17241504071539176
81376470452 10943100864301652
78649151137 10397601295261793
381579307256 111114367956300570
1339057126 23098289105626
3617389154 102560217350914
332530318829 90394044280062549
223324808722 49750588730665838
78936160447 10454568210400392
3597597901 101719682308725
20311302026 1364574204147126
118230958402 19164134868343298
290977308371 73991455836936680
2826880837 70851056761472
133468519471 22985859444627080
6520534504 248206319482394
408025579691 122863846505996776
55790859742 6212070472102178
137334377917 23991720706811653
375026064541 108264274433907776
352135453237 98504845768780493
162232617772 30803485679524188
16259905279 977388326409339
282705001954 70858689450262274
390228257896 114913506853201280
201451559632 42623456739961112
193158782741 40018829767477485
117918491266 19088212998662526
4293632779 132624591761384
42395080079 4114951262822024
378371269096 109716064652834330
394804535701 116940840272204800
228866378521 51613793106921280
784812772 10363975889188
66714556561 8123119930739840
131208483512 22404504602433072
136582295227 23794912200478952
465159542716 149553289526083276
395321869972 117170766781160442
461896491512 147982397951255322
175311633046 34602601070537130
50347101827 5325414348860648
347004062057 96359557993163712
180831057037 36249514248075968
112848840427 17870554288935727
53170768051 5779644763771751
250903591537 59245195993859968
18751613654 1210454164722114
445183403029 140023684149808109
477764366317 155673148573495232
1372487029 23968656013709
287125494322 72527134198257538
37583086531 3434630584382295
250381076836 59060222245983226
21306156379 1466048212368104
416394283879 126663116011856019
105691237967 16197604983701128
183243380272 36977292516758042
437401930396 136368508238897530
112600986736 17811712019826040
441073209152 138088994955888552
102081274247 15374869039738888
112224031921 17722344305258880
42351413204 4108595297940474
406626579916 122232492092124026
58224245636 6622891492831226
288722865152 73133213020643048
22219479416 1561318379744026
74907141212 9664444452289068
110339342731 17277780220094095
324303572842 87060375141881282
369028552754 105677599567077454
71636234842 9038391507757378
264100586926 63980391954474450
27933142981 2200749914106301
31186157641 2596174856078585
258105677482 61814330947223958
247647162107 58095547759150312
326516236 2781156476540
63487494281 7540917595946176
14879591287 855611218163843
499094909966 166214076961553010
136654430656 23813765498278170
57881118442 6564432698677078
19426077496 1276345094491930
212106591587 46049401566929847
111129015404 17463591384006684
101160244901 15167258999041501
490619910601 161998442441885376
63818961481 7600051212100345
4818036367 157649362017928
329612320702 89206827829198402
36685413886 3312313791476226
71456175704 9004335613064474
327512785117 88355853314761957
144472206881 25886241084882176
60260206381 6973290995905301
331417261732 89940568851475812
29187816856 2350679747748176
279759854056 69754296224690176
11509858504 582095747462944
276799620904 68650088912840384
41634446767 4004706409518728
175128711226 34548458131266626
144030153829 25767522630929949
394039822192 116601243211678328
375497346701 108468416552708800
444208262962 139563869238186318
478267917352 155919326623381952
202095706681 42828054795025801
130028325904 22102908321906714
185758229482 37741118678362562
342206440279 94368102728836259
282225469351 70678476891323400
123799645622 20533904421779138
141586223731 25114469974943720
193793900896 40216368706220826
158056627681 29621814078411520
51362528779 5487332883161064
23090682652 1654039476765548
1417861127 25167035039752
389205028951 114461825904826376
247882277566 58178301054913026
330791478754 89685949941546754
97611071881 14376093592880320
249565826279 58772003391696659
205243439779 43832541558909559
251082844567 59308697187051107
77517759386 10174050884156226
408572292781 123110867070609301
2990621792 77095239227528
53731828837 5871366490285597
487921341629 160663715214938944
81698318977 11008085964776448
25069747322 1871180870516038
10827664904 531118618969114
2093853829 45165125085949
215822857504 47264918030003994
185490745904 37659629669057464
141817799026 25176110227246350
66012156277 7995172327991552
186508697377 37970062308074752
144731953172 25956083750271988
366413797432 104556421373656858
38042611531 3497815236531176
237158321572 54444040619873892
16336094636 984266038034140
67993628231 8357844776028595
415381032992 126201065444237082
65188841582 7846063784208658
9183309527 414846824663048
11457876511 578156810261640
34765292 96612752028
66697389529 8119984758598889
69245020154 8589637015291334
36784076996 3325685185466180
297932944927 76660331571827848
228418039357 51462203570850437
611817691 7133590361151
477961844042 155769676821315778
210681957376 45586238300345626
364079644504 103558935443168144
25416669454 1910155904073074
202109693654 42832501047435114
55011284057 6082322621983337
258798035962 62063219664646722
367608107629 105068033818590144
65159958502 7840849846689498
109020917776 16969033171533850
55840308392 6220331153549632
347014892071 96364069110950355
140151503767 24733703799313507
136532125291 23781802733452776
20907568829 1425101706658624
11503207 18385962387
156180413279 29095942453010459
154447093654 28612920053075114
123174464281 20378558185146176
181480531954 36444980920914574
30771223004 2544533972812154
24642111001 1823508000185001
90986741237 12937768683738368
393287379496 116267416905200576
257159591381 61474771798880301
21195037217 1454594209302753
401640545671 119991184061263880
15602346277 918702554382173
355492698401 99916910769337600
69994672477 8729502236005952
261797394602 63145269781090198
183848655391 37160654602850651
5871974266 212111369158210
44920984717 4488130451583157
482657546261 158070829058678765
389821983826 114734095508853550
399010757861 118814630401139101
15565095704 915414408661274
45865572757 4630435340506112
436910095937 136138564434016768
226711221662 50886467258593122
189690117892 38945720715092228
41301248122 3956728405692742
67723960529 8308172306061489
109817114227 17155263527806952
304846573207 79344145073021283
211008594007 45692293300094883
11928250741 614122013419776
91375773766 13020834551801210
53419220092 5820202093308282
283144303982 71023917211346562
422152309231 129299482903175051
16063399181 959723847587520
432313765732 133995939898430458
484171788991 158815286585346235
191010516082 39353068916550158
65429541641 7889559560854585
397266227296 118036271143084826
119013691141 19354760207051901
143058202652 25507134475005548
272137162376 66922882423348250
283704456746 71234784635941826
213027900086 46349758389546690
460522121906 147322408364734926
70207351841 8769319489301760
242382379376 56252829753184376
473340661801 153516052359037376
355541605654 99937530739685314
86998509886 12096504810853890
43428907687 4266383509854547
88340966281 12377570573866176
327257084711 88252399805808851
171639697951 33521175796988251
115143127022 18418294598759042
156422507476 29163620857541626
12074813102 625475318787202
3914930342 115470870496282
62002170154 7277835400301334
42592735046 4143762007349826
305888306042 79751199151791682
186033225379 37824957506291319
25839350786 1958002645311490
4973884192 165360095952328
145979064947 26292289387964392
144406516 817966653460
324412305757 87104163409115237
59301719467 6807580420923503
248187953531 58285948135410920
10724753197 523564576586517
5437837042 189028278711182
127838180191 21546826982443035
421288104241 128902644690175360
247328456222 57983435948698338
258071191666 61801942719616526
28132987411 2224409671108615
173164065257 33968728861531737
394510006 3693665701570
234932846779 53679492917194984
7501838806 306295077304770
11650171691 592772385911535
134762254904 23320877735993114
442169027029 138603924499569709
54942644306 6070942425456770
168436433029 32587172116596864
259452421426 62298764107746126
410054321602 123781321160539198
40143186227 3791483796142823
113911702087 18123617596331443
460306212356 147218815286034426
352270578766 98561550386446210
54148962242 5939870413355582
52386475142 5652238735661882
198392989096 41656443658914330
424795400779 130515696519090639
154884247597 28734487011144213
463188206371 148603591478168055
304874683681 79355120041586145
429059845379 132485957176435944
418715443829 127723702839876749
368674687396 105525632882367076
494584245166 163965887849415810
491785518877 162576096116082752
18569631971 1192876018681576
339705982981 93335690883838845
388123229677 113984935712997973
19596951326 1293222415086050
16424603147 992275974643688
296467325254 76095355420316794
7496695129 305980110670144
43853447782 4329095422709058
8541571754 372130656693654
313733780257 82838999385073633
4869315271 160172879695155
79004118754 10468072069876254
1834937911 37052289631240
37330458662 3400058175117122
150699676502 27577890100555498
110151516931 17233682147407895
230852310817 52287048040489953
349705117279 97486829270934664
31307401336 2611329474001690
157549894454 29479475851451074
43042220102 4209529126171202
234978089812 53694999955457018
33869585779 2938367204292584
266032238879 64683610626004104
174729456826 34430381224805126
254162040997 60403049294978013
144484570462 25889564081638818
7680004081 317271208674176
262343272129 63342870503787329
312458168387 82334289661343447
140546741654 24838404012639914
103160402426 15619310210818626
198961574267 41835650221542632
34609884157 3035229157604037
499722538504 166527705305918944
1068121091 16455473558760
82159783567 11101484729032328
215307422579 47095699693100199
332205008942 90261429750120578
22003509532 1538610073171308
213717476 1472727140900
54842911267 6054419751482103
144765312241 25965058148800401
465214522579 149579805159438824
159040386092 29898797383741532
4309215031 133347222791176
193266324904 40052255485086234
300008389529 77462766193683264
382698321016 111603504904125210
155016739222 28771365161206442
296466555232 76095058953761562
236773490879 54311576885265544
396609562507 117743728276234383
207164867771 44449501194242655
200163186542 42215216694875778
238396851254 54871088063039754
18595464826 1195366067050050
215161768046 47047917686679826
77236486966 10118726412182026
109315294411 17037808910347240
73126543666 9321903656136526
39508464451 3701916780269800
26502350879 2033843411309704
142060756966 25240834408632026
286730062357 72377358107533312
146415979231 26410416723395720
827248151 11215830458376
300840894722 77785421739837442
74522126954 9590028951586774
290650133666 73866696920786526
450086525926 142343314488095450
106659870046 16420784739949826
397609477126 118189284539805626
45101006617 4515136940972457
581285657 6606311514537
438445422101 136856792500652525
1744780129 34355302372769
79074094682 10481982917216358
96086539501 14040613556029376
3739265482 107786820419958
8819314456 390428111284176
33601003762 2903485135916418
497438788331 165387453467379176
134759139977 23320069173365952
40502991421 3842572800288576
212078585902 46040281599623298
12410922476 651772004854650
259933117654 62471978919952834
73538129 297241125504
44069906287 4361187306296968
20801574497 1414278248612513
45359665807 4554034847780587
194828113201 40538729769305425
51788722696 5555773330688480
145326535004 26116195626323244
4171726154 127016546271734
432067389667 133881409520078903
315263656654 83445666049878914
345270112579 95638209924411624
434018003771 134789065269746655
47021557781 4806590658136045
454819054376 144594254491636250
29661102142 2408086012730882
204078396757 43459855112474112
374678856686 108113958776179090
327321809551 88278582929174251
12714463381 675828824814445
145968258517 26289369920133632
305339475071 79536658503865480
499599580201 166466247057252800
421803214441 129139131532797401
323353138291 86677934466442151
55938936922 6236818540779842
94085797579 13604367263157224
351375540754 98186155730431854
60237990157 6969435064746037
200767883947 42406660906103663
6755461967 261740373988907
115011197422 18386648446845842
11425957697 575742582494913
129614570086 21997493557628226
129799965296 22044706906351130
1736284057 34104670248233
405059852212 121526731960997972
14050998067 785146353765607
9436151377 432097098563377
27591307 68306883983
453641936356 144033280575389220
9584962741 442358810539776
113892133279 18118947627496584
257603705311 61634090797384840
146668258816 26478705216288026
358279855252 101094274210981748
35225613452 3116586150342652
175788625331 34743918642566120
186577107817 37990955078843328
294761875111 75439683999128915
23061680467 1650924206961128
55029197126 6085293706005626
223420388492 49782530964233082
20055939061 1338921121219840
193288707382 40059213464472258
68979193879 8540222022148104
310091906404 81400779255075834
40041811546 3777130736052326
495186142726 164265293072350650
485142542966 159293157985742026
205444666522 43897019488405542
303359351582 78764222045269762
119502560522 19474137262991042
11220094901 560252998791501
200285951779 42254060199301864
1263410779 21168868772584
292576928582 74602435558062658
16415542222 991454975550338
20721695677 1406139732617477
498996004511 166164671510819976
471535570522 152638736213518438
122869407061 20302899866621101
261341725997 62980481206773013
288890827141 73197039248760960
1054897279 16150829004539
49513167271 5193650672323155
61060272154 7112626155515714
7332060061 295956160422976
213753699721 46586835091062201
470714362129 152240164953069169
3491763529 97264237077184
441393543529 138239455373749184
202544166346 42970690096837826
162787329937 30961607529964672
84257382766 11529330885265026
4961026246 164719300836930
381393255377 111033111472211377
33779073241 2926596386391360
491141091652 162256645312759802
430433790536 133122841002430490
57921954262 6571380862477418
9467499211 434252098068815
8413963504 363822586653944
254811256382 60634631757880258
9617527396 444615085767076
474027446 4864943698826
67995472066 8358184747857410
33741914977 2921768654556577
74384752072 9563523599567392
132764210866 22804156170268110
194921758126 40567960962551250
174462949651 34351638478042600
87420320731 12184586023551720
353822599937 99213626135895297
97775063156 14412337634678676
8594457172 375592102599092
40812673552 3886726944792602
54617603779 6017148585081064
293107281482 74805374843939062
317536360156 84349617794197420
18282066154 1165274520695234
53209581091 5785974374998760
12376128457 649033054023033
264538286377 64139512018308377
204816320326 43695786867202626
40750414387 3877836600200168
94264602901 13643167350425600
127654697122 21500455120938242
190913490082 39323087930901762
146880645004 26536240690223994
315158849776 83404058217049626
25610710682 1932072014000962
489925762876 161654761559111500
434644321547 135080935472605967
12975557872 696752856346138
100471427512 15012608151521072
113965166911 18136378674145851
406249712579 122062601141512424
45726357667 4609369274227432
49020971287 5116400475051747
763994506 9954339109570
86395139041 11970881667418401
34559913872 3028658052347992
324319680272 87066861366358042
91156600672 12974015118594842
69102191162 8563074426851718
471052077511 152404032141196851
45246185791 4536955705959560
28557512579 2274948567227624
35974605262 3216513439724418
237542086217 54576244477160128
4803813172 156951785291988
429135809236 132521143160247290
79677725222 10602236829206338
17169249472 1060515924593192
80367821822 10740275340737538
430109111461 132972246160493440
60482941702 7011989041550402
424749315404 130494457924239164
79680120401 10602714901545600
172584293806 33798275290281426
8179141051 348698594132200
410372248276 123925305860985850
102821374982 15542376221206458
142252712746 25292010733314326
27400351561 2138085966262976
372359041936 107111436687397976
219335547004 48423512942853644
499630568266 166481735109057526
448246712 4473502205722
237171407176 54448546745753626
213493550404 46501813023615684
20627953171 1396608693593576
15349885292 896494700710778
90555976379 12845999141479519
348235599427 96872991598891223
115438443257 18489198264577737
78499304566 10367900316558026
17101864154 1054278619624934
52131397754 5611006603273794
1642991827 31393192540648
64000580879 7632517274125419
287048962279 72498138426551059
346200142 3036406062978
152308119161 28020581606774601
30686191246 2533994072146930
403909485079 121009396819337224
6898756 8538362820
492839322892 163098931280345978
11661470122 593634910975638
16092090301 962296272059200
184243620997 37280468418340992
382753439779 111627616607010039
311987711 2597609698440
311618414332 82002593477601658
84860258407 11653293552251912
5478375476 191145998802900
283933495666 71321065487847810
75467484757 9773089587947008
156613295612 29216993363269772
107178712579 16540747807675624
371900083142 106913464002153978
164656215154 31496319001520514
393951940981 116562237663422720
182720099387 36819013627380447
5730806 6464351426
482420791717 157954537238496128
114157648577 18182345319771648
181355241386 36407246063882390
137880495886 24134969681557890
221639160737 49188378942806272
16242597967 975828214980907
52290652 178223979052
62465748697 7359610402135017
42195270251 4085894604408751
97232782654 14292603242808514
228242296 1625389484826
31267627486 2606354779432226
418445529154 127600221733458434
377268159121 109236612157481201
344922847166 95493959775543810
83280763141 11329459497464960
450734772154 142650944610715714
115212240326 18434880150402626
451426242206 142979330842055426
127821494467 21542608606157032
365891827 3299124658152
472184500792 152953938368032432
16447991879 994396245149619
91165567504 12975929496876504
28642655497 2285130150813888
6994546951 275757682106376
440256460547 137705617012818967
392574211 3666512291351
371369872577 106684908775259648
182637290011 36793986687825640
126017813497 21088240970300992
260634419056 62724974315615770
277182935404 68792739218049914
130333459291 22180756325292776
206614883036 44272610677850490
342169213129 94352704295255744
6953919347 273358569609192
376560549226 108929427357746626
412143474754 124728490958149054
41070496504 3923615123038704
49777539527 5235302942423048
492200158366 162781748909220610
827858396 11228243452076
42801089332 4174204771357908
192076329901 39682905732516501
260475605566 62667652293201410
81947915221 11058570683654701
214075510279 46692080905892339
233959807082 53346345412258262
92868647879 13341231348640819
318842249077 84870492667345152
111700665532 17598514321992058
205568399401 43936682186801600
269525921302 65961977140465602
413884851472 125519824637840088
126822847529 21290639174961689
312946898546 82527539562991630
119283153529 19420529987433289
158738796427 29813791615973352
189199879 1226708961779
19098885404 1244235087544684
51405806404 5494269723942084
91398432379 13025678056922344
118389536701 19202703926868800
12964444801 695857931837825
140809835182 24908180301979858
46784498996 4770287871333076
233703359957 53258658701056512
61767865027 7236620120355927
322021984027 86143242222307048
144860029897 25990545131095417
37166421121 3377671962851201
308012420629 80583338864357869
457835981779 146035332660709864
3349179247 91367842698888
137634844792 24070499223206682
19508359102 1284462877339202
15639287654 921967285896514
392412505657 115879674529439808
11304290342 566571032041282
247153360916 57921873051298810
305082429016 79436244232133776
443571321904 139263800082715064
128405635996 21690451240296826
470688165136 152227456032051226
105770332081 16215790638754176
486240487441 159834217669500785
17192791462 1062697902250818
199916504327 42137201283440648
388803697111 114284829128162851
9236647487 418466314489147
434752481629 135131360432980069
125879290891 21053479240908776
141328785341 25046004680915776
220724642737 48884254501810897
18787069721 1213888936012201
111301630337 17504296101784193
348875992271 97140333536509576
261137888642 62906811684896382
358421234446 101154118680893826
401419200079 119892006294592299
200276458279 42251055985973459
356635307182 100399020650953858
217644597731 47864617578039095
334046449766 91012959517990210
739489654 9479271403714
344355801442 95258571427117982
52168860592 5617055999396378
131032834927 22359530307507848
25224938356 1888582726550676
379530004421 110220447174496701
224004336446 49977831509249730
18676936357 1203230496701312
8125638941 345282775604901
3484747387 96971227176168
16379685511 988208266579976
339659001529 93316329005286464
427204528654 131627553740805234
3460745611 95971090175976
186176596529 37868692087598464
230965799341 52325609795555776
205540187591 43927637812000776
169070834251 32771450658817000
55929237379 6235196457104279
62502867142 7366171235810882
1868285629 38066942493504
31236626432 2602479531348712
89210246402 12560713483436798
99313325651 14753789032358376
162375053647 30844061565931563
129686369542 22015774237738682
67101948292 8193975477393028
327352556092 88291021726743628
482627089102 158055867162061698
135245503829 23446431035149824
498739295692 166036462654512828
20843204879 1418525994586219
306782969861 80101340214199165
465830132926 149876808075098626
13459728557 736112554891712
40115989379 3787631369385879
498483651404 165908818246504764
341354033192 94015727822291482
309134238151 81023980775155251
577201277 6536804484677
28876201 73133796800
113582597272 18045132254980688
402443995591 120351413474080776
1698541471 32998697556955
407203037791 122492510345009435
25649879266 1936506035015710
189670408372 38939650956529492
466188300407 150049697311142787
4411093702 138103992049402
84009619852 11478514392718202
83733982607 11422068833711083
6862588436 267990941092340
3924226937 115882421508672
156443762567 29169565306040328
1936193107 40161162864583
377487957172 109332088694943738
6927410072 271796934253392
8403588904 363149889787584
18917945356 1226595435140220
422428931542 129426592239327682
191003099212 39350776838566972
191208970801 39414415042211200
468002486602 150926433906581698
342407501881 94451283221082176
30158329216 2468891515878760
176443245904 34938174080415384
127266431329 21402438179078049
28939488491 2320744400719151
79314873187 10529895441153768
49595963879 5206683480155144
356015674291 100137478083523560
163004797879 31023670816970819
440535196532 137836414432344058
400545168167 119500648197380307
17902009591 1129127483722760
360295656127 101948658365501627
21532378961 1489459250007601
42728852947 4163641860860392
105484445642 16150090565878978
391260791504 115369895808999704
201105771302 42513760053665602
282791481379 70891205454687479
603972391 6996818848776
206186338204 44134941709567724
362627034772 102939782491043188
203087435222 43143691651551338
187375762 1209010887918
50805403231 5398294250253595
6672030887 256906549380947
442190656321 138614094625112576
203012238601 43119731808531001
231707898632 52577997818534112
54297152417 5964270707465057
362076246907 102705341277383912
381818708317 111218953363019328
297657431962 76554018831101222
42670698779 4155144635197439
353721661157 99171173530843037
2319315779 52653106860264
6501933596 247144997993580
259712533117 62392473248064832
79820301026 10630707151812126
191634047242 39545921379350582
111754081762 17611139488385822
4452140704 140036149719624
187264350079 38201053516223624
257071388204 61443146637892474
383020340704 111744396972718874
83125342192 11297759216718328
217133580556 47696141328251770
6784435856 263426075494426
23755569436 1725992571610476
18749096191 1210210411367035
69635201456 8662340520569370
11400122504 573790965971994
381842302996 111229262774873076
203999184379 43434554342208744
182968886 1166609629890
5057313307 169537999828712
5149551871 174197324242555
75031825891 9688584560868151
96484118122 14127847803170242
9232434556 418180045826426
13512282637 740428047675072
237596541154 54595012425672734
104330607616 15885830415216360
561275761 6268140629265
383290836832 111862791911941512
292028713967 74392854740032907
246792115291 57794929255852776
197162171129 41269394174627529
213608571772 46539397952402188
30559482254 2518315254270194
257815279 1951317923464
75856098754 9848675440520254
48993107879 5112038862519304
77005557904 10073379383396184
123893708654 20557311396164114
106551359266 16395732475842526
140323623442 24779280918564482
254580725791 60552365070832776
209249832071 45122215288557576
105663194254 16191158687559154
22317189547 1571628561482863
223161768776 49696117450941600
349484366947 97394536370925288
22638621721 1605704615361705
8492628629 368936772987904
235338818771 53818693109922280
6604394986 253009969060290
244525556 1802397888020
291374130511 74142867000917640
11876410141 610122859472960
288312665762 72977413645517918
35763547736 3188248753747226
335596341217 91647109899920128
228605977226 51525729813396150
461701400392 147888652863469728
54966182581 6074844177012301
71792646202 9068009487616902
4508558362 142706392190118
266272274647 64771174595493667
143679893771 25673585498722280
1168015279 18817115515339
138049639427 24179394345989352
350063148481 97636579494258176
14646417977 835578145701952
12048874996 623461004188180
60067686316 6939900116188026
226004065771 50648565825369576
232865247791 52972419433199435
27947562832 2202454268404762
30969507251 2569168382694376
221408856736 49111731754387226
117505581811 18988040313380840
917011726 13090036746626
13207919186 715552229929090
774391 320856835
54914471311 6066273512180715
1074879796 16611908984826
102062749504 15370684096520104
11332274879 568676218078344
418386068129 127573024736300129
340941853204 93845495215079924
319095440147 84971605661837063
5824496416 209544024632776
122719612 640800917772
328954988287 88940108442010747
52907930572 5736842184092538
8704879 12102686219
32698788586 2787331936010690
167893030186 32429602103336726
389079461 3617660846976
71540881192 9020351240147482
1368298829 23859026716149
256602659537 61275175481955968
11798860921 604156740608576
4090465577 123323446741273
2539132 1906043258
270883697177 66461044219170473
18727801346 1208149192760830
230038322906 52010744656207170
18241550516 1161403038380026
8648031856 379109537913720
205629317866 43956214047841110
115786103591 18572785732938760
270580530067 66349502745769607
32695464187 2786906875030047
165119879 1000131119219
217506069236 47818926828043540
462924523156 148476714167778676
126903945322 21311064140889538
35353399279 3133560329737864
453909632411 144160791435103976
363301830256 103227249942797176
3055391707 79613323297512
212840607904 46288646354266184
133661303029 23035679055806989
410746490704 124094866687593624
241349549996 55893659584936826
55365107942 6141097773148482
360719370001 102128551392309376
428843107442 132385582640392578
350110844029 97656534429181509
56880416971 6394932559301455
411203424412 124301997827067372
254450875252 60506043260565498
166903019921 32143184994890880
136868335202 23869700791242398
282703498081 70858124042514176
81570634279 10982289536633864
235269531862 53794927422944618
39595934756 3714217468104676
198168175129 41585657607298729
71609741347 9033377911866088
65121698279 7833944938109459
24492267151 1806900681034475
324961080754 87325274746516354
56927309177 6402842172598848
22274476 49545863900
117665128387 19026725812467543
121577503279 19983532110960264
118048676152 19119832532400048
68959138252 8536497697221498
237446288251 54543232833257375
51946863976 5581240328281626
495044838029 164194986743607989
5473143001 190872213467625
47842060457 4932947011867033
1602544192 30241077303578
13969811977 778351357429952
96454249292 14121287913638778
476328504862 154971891295819522
460637129 4660265854329
81031906307 10873671507604712
62599780531 7383310248371176
121204015076 19891518138541050
158207343779 29664193373625064
179045169622 35713841576283242
74369324612 9560548525752772
105964513904 16260466587903514
304108356904 79056109830736064
67747884754 8312575129048194
320959518202 85717267702163398
158924226091 29866047087495151
55456988204 6156391174724474
24316850716 1787523590663276
463092925306 148557740609871426
193453507172 40110456723949988
441225376967 138160461064926003
416485546129 126704759957641969
259927349546 62469899480968130
127253314342 21399129428944282
335547187207 91626975618662408
356386207412 100293850104240468
235402626629 53840582555162429
376702018067 108990818185885703
191556669242 39521971998422082
487426555532 160419390824572412
349318014091 97325005617845135
1756970282 34715975841558
290946031972 73979526424103588
37688713976 3449120348410650
435378395797 135423289004223488
89711490737 12666724223402368
32108092 85750016378
82696141271 11210371607109155
63794312611 7595648566495976
480147571432 156839403962963712
310130495962 81415974684629222
17976639692 1136195535219578
112922964529 17888164452343889
385007951266 112615339089825026
2969853916 76293567250810
9285097129 421763157046169
21274790951 1462812076346376
225843410927 50594570133369227
429429537632 132657225618207112
10030732342 473574279002378
157204300282 29382531751748162
165475552687 31731702300677768
43670024812 4301963257777018
283876227272 71299488747046938
142448534404 25344253310136314
148329708781 26929901391625045
172010186779 33629768954282239
4687201432 151271614279962
316885614754 84090456788264194
3332340704 90679655291674
94757192779 13750247830181839
374742052129 108141312607720704
329258415796 89063194192501076
12463284022 655901093903042
231164981327 52393311853236523
191822915137 39604398469315072
13565268542 744787504139778
2561812411 61123136299240
1400765986 24713247404290
179572154542 35871632878633682
145920714977 26276526829128448
186539236202 37979388491134402
151696103456 27851859683199176
84161762129 11509710103749169
34940857777 3078871917959552
356347372579 100277457251326199
266193466777 64742421484965673
47076466747 4815012403398888
493148136251 163252252173329375
300014586421 77465166282488576
9900425971 464376180121576
452289422872 143389617260026138
417909617797 127355169960126592
32673220636 2784063348416890
99767541472 14855120878701338
188806661254 38673960716157754
478086021721 155830385798532201
12201953654 635380130775234
170206076077 33102074823354773
9116888029 410354169237989
398777635271 118710519133878280
159430904182 30008988227302858
178494461356 35549194916674426
127388552636 21433251369896140
318983608357 84926940184586333
5273129 5705527744
44508598904 4426469178399514
58404562652 6653681395794298
208153456372 44768049553754388
49770282751 5234158146096251
13390743076 730460571323876
329300614654 89080316706181634
380504676262 110645305957211418
6504328541 247281562547776
178753266322 35626538913549038
117069201382 18882364652695258
3395827667 93283386067432
1013963029 15219923082989
146465768297 26423889258822592
13577295292 745778201673932
51874366051 5569560477101751
491374028117 162372090721782957
264501191476 64126021530181626
48830781287 5086653656093843
304452382327 79190297294576648
288343040902 72988946744458298
443547775154 139252711105776514
81050425654 10877399391972034
159476081662 30021744484105218
2609922877 62853032746373
143555554879 25640266249888904
449954655931 142280761692115176
7643115704 314988084475674
3460995202 95981472662398
478097755879 155836122895330579
468745801162 151286144839677122
37456255552 3417259048376602
367169225581 104879931051914176
17042733754 1048815516255494
309238038529 81064793293324289
52335021629 5643913402730304
2388960004 55042434858244
45515819756 4577571508881820
432445815011 134057337762399976
29134928137 2344293434491072
17488146691 1090199406077160
126288553736 21156237387850976
39461815712 3695362270721818
151233225466 27724478181395010
429252547291 132575221568172776
117696662552 19034375054883098
15351287032 896617504699162
237899258872 54699383595369242
28738952386 2296663800436226
132935859379 22848395143062504
124344611329 20669638948737024
21375365704 1473197329579424
438739508692 136994510385163828
156062509222 29063000884421442
10285580452 491736458871652
26903996596 2080252888952826
400522792567 119490634859060232
51557261056 5518568923372520
46429119902 4716037854248802
17153131591 1059022909130760
170756712637 33262838433035072
396894614827 117870688799351023
104641916551 15956985377722376
387839583902 113860005844616802
13725179722 757995925557442
10854464131 533091678809320
89862349831 12698688287834120
3278110936 88475121512976
196784324926 41150816486418626
396248939977 117583174615328448
207647267962 44604848062858818
371733651136 106841703430611226
117327735079 18944948492774099
56905378762 6399142621228918
266929460497 65011114986965617
23033340397 1647881949945792
8242702211 352771169311976
77953063826 10259870448786050
393035542922 116155759178044342
353364285457 99020917952272512
70906059911 8900554076639240
48056045191 4966079672881160
453030628129 143742239009894369
488858270411 161126708211583976
208343839342 44829482807541378
183632241277 37095059374794048
161069838952 30472910211599898
417789862051 127300431704261751
42188298527 4084882005070427
5732581351 204603471930376
144358271827 25855625111900648
5241600079 178888821964424
402469116337 120362682245085568
317134045846 84189363728571330
256032735079 61071146921890824
72494609926 9201330035371450
18415011917 1178008312458432
160303466 956691097026
5383847029 186220090339584
162851242457 30979843257945408
90373922941 12807280240585285
449309814991 141975012120624776
1476227617 26736942559457
187402072579 38243203418962199
27584424641 2159667358574401
303925112129 78984665990828544
156753243487 29256164109381147
132320912962 22690037299298818
9714716356 451371627902970
298576304147 76908777304220167
236864335061 54342836936163840
337609824904 92473131627486234
465618772522 149774814526507542
34297245466 2994195259017026
180600800501 36180300167167501
114775831171 18330235858873576
167101828357 32200633725998208
372635243696 107230635632267576
162591675877 30905805131657373
301279314382 77955520464669362
429319261879 132606130119914504
42738792796 4165094805864826
99610813654 14820130059344234
208568538592 44902025445440282
367010709626 104812019487693126
334090589177 91030999195958848
545903404 6012398145884
268728435056 65669436403558520
86424654877 11977016755314752
66568492 256000238428
301937153872 78210982259418138
3650466736 103970159987226
144914937262 26005323626878418
65474405647 7897675582995563
396616687567 117746901177672107
492587180521 162973782241849280
95309722 438583579942
491480106847 162424673364862088
32209377337 2724988478093193
61762241531 7235631882315551
38845067086 3609069286434690
5165192342 174991551422378
16629682007 1010918369327112
397676361226 118219107725266626
289914853846 73586574756837826
243953569757 56800685461267008
451594440704 143059248087931624
4257753061 130965645715840
35263845236 3121661372003476
44222636504 4383878402112794
312352248154 82292427416595814
402637804507 120438362210747112
63090801811 7470350509737351
36388870652 3272232804690298
5266920296 180186610314880
432372348487 134023177481716147
7652638756 315576966222820
37392236779 3408501807850984
409223137 3902215445793
19058254996 1240266766008180
6428022421 242942822129005
4959930602 164664736122198
20118274346 1345168177730326
419108119112 127903415791210522
80843612357 10835792738926208
317053613587 84157337292071943
74056877941 9500361901291776
19287167407 1262679417820808
300410545502 77618574694596002
161074947154 30474359860583214
191925747904 39636249556549914
89934858106 12714060912441926
41047571504 3920330411823544
124353089161 20671752874951865
10285381 15544642176
403503335281 120826921732706176
39380948336 3684008955123226
11574430879 587001120273544
158553529 941068057664
274953762904 67964537535173914
433765553992 134671480725553178
4511407567 142841690252203
304080281782 79045162449281162
24826715866 1844037423383526
177734076367 35322277890653832
362168242 3248890594178
453285765871 143863685277517451
1102174726 17248667101626
362610854201 102932892739188800
34195701404 2980907682963834
326962667497 88133331962134617
97186044127 14282299068457627
443440409897 139202152833034688
409907627767 123714904316341507
380785627541 110767873552865901
91390309157 13023941567939933
461780200711 147926515569668851
1226635216 20251338570776
368993330392 105662470136089882
94152612712 13618861587037722
35934004 101525544954
30514010242 2512696516215678
154917643507 28743781051161383
227495697716 51150815162008276
4991353742 166232045090178
896528341 12653899875885
348810079 3070807683099
355611599471 99967043562653451
175750679251 34732669403814376
1637836762 31245557892418
53004912437 5752623147004672
136188500254 23692077843201794
31162935727 2593275634914952
75147697361 9711036339431040
265583101267 64519873345286632
340109992636 93502245586056140
15491432191 908923637249160
24785509336 1839448313683226
30019482907 2451861279581183
56387032472 6311908028107088
248267572879 58313997832723179
384192303601 112257661446165376
41888190962 4041372664206722
41802560086 4028986478028226
185409746776 37634964826989850
4603920904 147257944818714
385308116629 112747062984018944
310241552779 81459710858303464
21998684891 1538104050348776
64298235107 7685825235519208
1057701022 16215261831938
107171767879 16539140182544819
334793943187 91318619140193768
43549235251 4284126985190375
2808788726 70171968791626
56982997667 6412239744694903
416899089376 126893521363065626
22278544156 1567548071682426
11809770142 604994841526882
60277218446 6976244154297730
358715934592 101278900397444378
270863088211 66453459774481351
388304746886 114064907703096890
145546040686 26175388080105090
35583249836 3164169325344476
12293362 20312735118
6071964901 223039462793600
47612505406 4897485789607426
13970982062 778449149624018
267943110904 65381780950246384
74723787821 9628982022659605
25269880456 1893632185294176
216904312762 47620618852960322
68331836041 8420281605513401
26672300131 2053438151872695
489222214867 161306674834749928
96108897952 14045514528494152
81535094291 10975112902403560
271117811162 66547222339259622
426655645627 131373957560950623
18292010816 1166225441712410
395720323636 117347960025808890
183061205741 36922163769922901
19875095626 1320852480213750
331407492046 89936591907838130
50856099427 5406376314031848
70181123926 8764405905792450
3885872404 114187655941114
81687405307 11005880262957087
155001149032 28767024918567808
896570686 12654796404226
128363071222 21679666975925442
9212779 13177347759
153415621927 28326762710051848
247657718792 58099262540478432
203031355066 43125822452875526
2949542416 75512218624026
263857173581 63891959154429120
251708250922 59530427690281238
35951809027 3213456578566423
261547089379 63054731313965879
224475795742 50135696250974178
193278759454 40056120929711874
164329278829 31402558314636224
167309431954 32260660439566574
65447630116 7892831481093860
159121046386 29921545885589890
95797429471 13977292014781576
170232915766 33109904906739210
156844523161 29281722281362240
158708934902 29805379266036298
346126560154 95994278691584834
388674961976 114228073250676400
86772572579 12049412973742824
24196370137 1774255298639168
29797165141 2424674786792960
321551876954 85954675332862274
205188343922 43814893019811342
295233495572 75620812322828788
264818400442 64241413035708482
1359107317 23619020025357
72817484632 9262869495342362
237242351207 54472979018747283
302962231667 78609610251155432
157690260079 29518880799282824
412444953496 124865372483449680
2000376127 42174596719752
474394006654 154028776182438914
4487596954 141712328407874
140481536771 24821120806274280
111805619251 17623323466214376
123028088821 20342243383890701
356804237882 100470364520328258
99255841832 14740981349976512
261427766329 63011585948405824
15987849154 952961078226434
364969349431 103938769429875395
223364241254 49763766037906754
350167748231 97680343872840051
184851760529 37465200269141489
179036193637 35711155970547072
305401213492 79560782730153428
33583896529 2901268042784384
392966390657 116125105137250433
329043405926 88975969310178626
382038079556 111314817278894020
154539367327 28638565882818523
388176094387 114008224666269543
337760215951 92534927910518251
165231147512 31661427255485168
80545928204 10775998096896124
90090149527 12747005407107427
454663606492 144520131732860332
26045493496 1981480372509680
43830054776 4325631936095600
139588221007 24584742778175112
47133863966 4823821040077026
30791816881 2547088828622801
225598169617 50512182171592832
53929355572 5903772389848788
299477244082 77257142913829762
494053287631 163701921906327176
47704199404 4911640272241564
305242581781 79498802464946176
4795779017 156558206075257
283670560811 71222018715002351
3996135301 119082167939200
107889182941 16705489160772160
378016429252 109561761745451002
11075258866 549439900688526
5385818792 186322401178432
281388392021 70364262697663405
4307358521 133261057984576
489508124879 161448101223876779
261097419766 62892189116510026
134665708907 23295820984167912
297423693217 76463864159824128
421189892579 128857572166553399
179533203032 35859961974011162
24646107172 1823951592149988
35152658977 3106909176093952
392072392441 115729053603780160
364217895871 103617927474458555
187074682004 38143031063567354
104373093829 15895535116023424
340012678567 93462118397249107
141297951004 25037808520995194
490260397579 161820412849693199
459463210922 146814577102600342
31754394046 2667453778416130
247918892404 58191191867013114
375779911276 108590874601589626
271130329537 66551831442195968
215063380721 47015650849997201
132400147579 22710420781038824
269431217629 65927214452535269
362483976976 102878873237980376
29807419042 2425926477927682
135481206071 23507750509344451
407 3683
274439362817 67773898405603328
411486415432 124430337298056608
56513370916 6333133236345060
16044942817 958070277293857
25269430837 1893581646207693
217206734551 47720247179049251
17821115237 1121482781990272
51488244551 5507491566856200
11366474926 571252508106450
460131602557 147135055532684608
70191239827 8766300927643527
28067793986 2216682097996290
84700077154 11620314151981214
2080802306 44743492028926
68506436629 8452575341800429
44651626867 4447822971799207
452152475776 143324497512045850
4350812404 135282710681364
22661395387 1608128154788072
354317408111 99421819033915915
145797570011 26243271007199976
454041127712 144223439971585818
122492453321 20209539903948480
619502401 7268415193600
175437780379 34639955819187944
436615688747 136000984272737263
41751974936 4021675481952976
8594850496 375617886363930
376060847626 108712672661229250
408518960852 123086762905310202
99621526162 14822520842064622
48849846166 5089632905679810
215202441379 47061258956815479
52782116872 5716391227648992
190948713232 39333970986069208
271137693422 66554542778628738
65295041879 7865244859859619
1092944882 17032453072258
366448896466 104571445041326510
385459121191 112813348890545160
30084941161 2459885185878976
1778434981 35354101838720
79381798927 10543225927753352
327111477221 88193506708524701
325500637282 87542853896469662
61692671954 7223409881312174
4096527871 123597707965576
145558450129 26178735775543729
130978576654 22345643729922434
3290186641 88964453368960
225623695376 50520755374260250
17959009961 1134524536392601
249079290307 58600220419557608
379826283991 110349537592111651
16795137727 1026042955760827
318048185347 84553640155340567
454936373129 144650204391613369
239893440112 55388596565521272
112204134904 17717631323710234
46541021872 4733097815194138
62406735406 7349183579607170
76592870356 9992510114558970
35784679051 3191074898098575
49625888404 5211396503104884
27723178186 2175983014916726
272634632677 67106470244030848
438869725004 137055504161573754
231244542146 52420362770445826
110041713016 17207919595473776
174463540351 34351812940992251
6371116522 239723877743042
26968289404 2087714166646284
277159110076 68783869757237626
38766505129 3598126095902144
286144990252 72155942230726748
460245766754 147189817928936094
110226158527 17251202134951048
381276231904 110982012675275784
264680143807 64191110743704712
230159752747 52051932322785263
209425830079 45179155088934024
24613259386 1820306415718726
5901705047 213724346644488
481675541761 157588663089003265
3683523197 105385598723392
485341539529 159391176777888889
35681489092 3177281984034628
353907567904 99249366466801434
406815981121 122317903465560576
39258962156 3666904842443676
166764386441 32103144976596160
106347416267 16348681955617103
238276718957 54829617522936533
55223109946 6117487266116230
230613192817 52205830235043857
50781817396 5394535534917076
8478559091 368020335990760
76664511379 10006533128656519
470148863206 151965903622146370
94646215504 13726098952496154
272511329897 67060950618195417
727539586 9250423348226
65863992097 7968269673465088
320712796496 85618450291495576
372897730216 107343956510717760
318909330931 84897278200115176
402061898086 120180053916218690
354646630111 99560421333795976
306544108501 80007807956544000
442271535752 138652126458879002
122883287627 20306340397404623
456619604431 145453739687575176
361060049977 102273267990301577
239392903597 55215334834033088
137361631871 23998862789427451
237057781081 54409422894909801
56704490704 6365286998214424
43686280667 4304365548035903
74876566711 9658528011154440
280624473196 70077917612968826
102635079779 15500155018686184
499606577422 166469744275305842
365556533827 104189704750162152
398526725032 118598497998559808
20462543851 1379843898791400
72174106 289009186470
217474411772 47808487312337292
22368768829 1577080221404549
25619085262 1933019761034418
67541171881 8274559022282176
163045910491 31035408621884735
438290925671 136784461829583880
409121181029 123359036746829184
209966580254 45354251101357794
358466955841 101173474639157760
130576085966 22242722212047026
347811777821 96696195787905701
150511428841 27526232493475776
321529423096 85945672205890330
310914619642 81724944155490882
187862126167 38384114860267528
271235642602 66590610556303702
168648348379 32648689979193919
482412933641 157950677907523776
117346143476 18949407287257876
28464144907 2263800884854287
57400343254 6482813900780394
239720304737 55328644935284897
34762120976 3055277574877400
413160952754 125190660811737294
99738508507 14848636946616383
21441787987 1480069446779368
425317261552 130756278126489848
376795766657 109031507019281537
329836450504 89297831645807904
414135999466 125634091387943510
317036891329 84150679350132224
131655046954 22518981391604674
15484392211 908304124286440
40921312322 3902256343216642
296620579532 76154367589559162
346623452806 96201064304275770
160503898601 30312445282365376
236983422379 54383824707207279
176109551941 34839106925859901
303340657754 78756941654505794
394997385337 117026533683361097
287109580879 72521104737925419
16506082279 999668865239059
398423169454 118552274956587474
110872227754 17403096187129794
26915828137 2081625288556697
12876514004 688790487208954
201282117961 42569691880309440
115013595467 18387223507629032
84720657529 11624549660047689
409966483252 123741550195499002
188733307 1222173997983
386269959154 113169501390177934
288732466 2312650824526
60671945341 7044882485538885
60437040616 7004008345859610
44547990806 4432346893432770
13548966806 743445357721770
13680151346 754268824723330
2121446954 46060856308674
37327453066 3399647558105526
113135969041 17938801539468401
10663475704 519083779400474
70958790841 8910484589597760
418839908377 127780656541384873
245478683587 57334164991502568
298550803727 76898924719693448
9543332936 439480025127840
129777547846 22038996212277826
39850129 118567423104
120536326537 19727376989127872
53945777747 5906469259960263
472830959927 153268155660985352
333399406754 90748651323729154
307820156879 80507899470970504
243734288956 56724118579669370
298170744797 76752131418710592
72531168886 9208291254401226
64347731912 7694701782276122
38750078467 3595839364916503
4779730879 155773022655419
307620893752 80429738558537498
438776042254 137011621920135554
936730687 13514525893768
16930668106 1038487676852470
253898311102 60309058265925698
239170149632 55138286296622362
82058879056 11081039557274520
47197747942 4833631495023578
13164072671 711992034591880
1633489904 31121249689114
300972775027 77836575835416552
124684449397 20754433147676813
144598555336 25920206835186976
264864251401 64258098016295225
2777099602 68987782662702
34955927437 3080863968787893
60554262022 7024395318554042
148594533826 27002053840600126
1622363204 30803810192324
183235510397 36974910407903813
162771353767 30957049716382728
381553973581 111103302536397301
32962206904 2821081465452314
290917808372 73968761957173242
279720958862 69739749743013618
2364897152 54212902358298
493204745972 163280363202152442
77770750079 10223898347148424
153960611872 28477837777313992
77855961107 10240705988511208
225042335287 50325617327784968
314324986376 83073264974828000
55188220336 6111690688817690
255790923626 60984648847693250
13770779947 761776595478767
54759483517 6040609892786757
18266389681 1163776041890176
218145647027 48029999688963048
4457709832 140298987508762
82071438086 11083583570908226
6860245546 267853713924630
9300502306 422813235591426
4459881791 140401538725435
70131304387 8755075154415447
35304223504 3127024524745944
17047903576 1049292782591376
261434274157 63013938824334037
139336472 775268141338
153181955252 28262070744363002
246363742486 57644516952332226
263388102322 63721659187313538
488941332761 161167775753336640
2101107901 45400039198725
443277503236 139125451815433476
196794362662 41153965110900122
68499403912 8451273789832218
376471168504 108890646269064944
183885646462 37171870480542722
246772444129 57788019361858304
290786624746 73918735441940930
46454110837 4719846054167693
266085489751 64703032896441251
44798775457 4469827687272033
162533515732 30889223776053812
1824472622 36735756284242
346456949906 96131756347922670
259896347062 62458723286998922
148772306027 27050524543722927
51727270547 5545887584640488
27040797736 2096139545455040
37067246227 3364161489000327
1426768072 25404556736288
80384260321 10743570750196480
37672242806 3446859527960770
275888919154 68311567790594434
482430614402 157959361490615298
371437959754 106714249650552054
109753386871 17140332765805576
108671919302 16887616259841602
190573784507 39218179114107112
135865116004 23607741403714554
616478942 7215269560578
346886608916 96310638759820276
162046975279 30750628201565259
2627581279 63491998213659
169278493297 32831845906163217
67792063654 8320707503719234
69684916 274186924026
69080630851 8559067135809751
10418533426 501301627266126
447536048404 141135117403998964
71486043787 9009981815759247
24789739781 1839919276434045
33709191076 2917519251403876
163322984686 31114552930921090
109303605236 17035076179947540
166339026154 31980396615094614
71096851 282562592775
167531635282 32324949808655662
492089041654 162726628769694914
254032297292 60356803675567932
104232419911 15863409939679240
3447364096 95414994383080
128826595811 21797202358367976
28823884951 2306852376481800
352608925879 98703583432004419
84142070201 11505670821628425
47696786512 4910495464118168
2371986127 54456848211627
132651385351 22775093219770376
399302033482 118944755237603062
144948855832 26014454319380762
77197188916 10111004748120276
504555262 5342399320322
306273250532 79901790692312058
354937247071 99682824403879451
172495591121 33772221803607680
2106232157 45566226527808
22421889967 1582701421205128
33131112406 2842793012760170
106686659927 16426971775907848
93122664142 13396005645994882
116758757467 18807306055177407
147552404231 26718494253703176
377961652642 109537948463280478
141838037579 25181499678017999
5955606092 216658994093628
232815832 1674489083408
214059152279 46686729230790664
16920548821 1037556773460480
448134172256 141418148873629320
463454852942 148731931406788482
34988457247 3085165532025992
11290311047 565520390133363
28829887751 2307573045637875
236544393206 54232769575191370
319186517654 85007987687769514
5947750712 216230477207472
200826819442 42425335030276482
101127861857 15159976643420833
32482289522 2759695317959042
73737024277 9438879845890048
401357377597 119864310533601088
12000180661 619685329377101
295209675079 75611660465596424
587919196 6719720460076
60600903871 7032512691147451
32032462606 2702568192749426
30287404141 2484758444288960
363768248404 103426103362462714
478155450917 155864332336066432
366438623404 104567047721343964
160603064626 30340542091618126
492109875082 162736962847903158
136886647762 23874491494284418
88687241062 12450417461597018
66600273062 8102256219600922
190945623352 39333016251772698
16884695731 1034260780661095
177908212757 35374201575723008
364544853779 103757485372855784
11171612027 556625569344927
70110333031 8751148399068051
32245936129 2729629242134529
50358526121 5327227044447680
499673553302 166503220126172098
91772490832 13105723507700762
14787614326 847690132943050
179000890279 35700593894240339
11473019461 579303347405440
3047033081 79286847852745
367137254 3315983696194
159456880451 30016322633353175
263927642917 63917556682718557
281715567511 70487019190346851
5493458972 191935963092588
401222997322 119804117072953538
386039710541 113068328940070901
51474446797 5505277875897717
6183887656 229234654186176
1663058629 31970084769469
18686021222 1204108521653338
1013512754 15209785929294
25975016776 1973443241369626
65304076504 7866877344320794
20489053666 1382526214986526
70722032096 8865926109901576
43313749976 4249425382841626
404722397587 121374897962282472
477563997472 155575227517109192
171137948447 33374295878833288
5190938887 176301587800072
36294241754 3259476969381094
212315715704 46117521239931674
265010564326 64311350361442626
14849245279 852995096173339
233697890617 53256789098788928
379814953529 110344599929733184
175739414797 34729330253553717
182805950812 36844965933780268
11343719377 569537900101248
150983642371 27655875084985576
132901830142 22839622516346882
323414258897 86702511596938417
52081683397 5602982221186688
794509454 10556647141874
452514860116 143496836453732276
351262379029 98138727727632384
418103457347 127443787248378088
30919006129 2562886724533969
151656998431 27841090667664520
11786574881 603213329362176
155873173654 29010127884088234
18776797579 1212893498677224
67186232597 8209418575039213
429070961621 132491105955719680
167679852754 32367856803617454
84531823552 11585706318115098
380767301471 110759877256275080
374718677851 108131194899554751
243409738951 56610857763834675
226828402571 50925925146871951
47179315432 4830800192356608
170160570136 33088800546944976
230838721247 52282431136964763
180831658421 36249695079133005
11795788811 603920795647976
248993895404 58570087034667164
260904513067 62822501956516328
35596589611 3165948814650351
90472583377 12828258384947377
119677154942 19516830751112578
240960638116 55758612941356026
37416579347 3411830787938567
450620844454 142596863330827074
193704884254 40188662587834594
47505178204 4880935369834874
2215283204 49150488491524
455207313247 144779444657699867
5001350092 166731675200378
1809754 1146782054
345487865626 95728699109181250
90326738062 12797251377606018
10943195771 539641813153951
1214825987 19959590999272
278055497857 69117830750632833
6296608091 235530922326760
80457652654 10758287748026834
213268172254 46428196742568194
422326910776 129379708341203376
297466114222 76480223608304338
463344141982 148678640520062562
196701523372 41124846462023388
3809117404 110821192104364
289810542457 73546863619561033
171878828587 33591253451176943
288270143254 72961269348141354
285457746256 71896149193196570
488928477412 161161419605998372
4349786357 135234857901312
330631262791 89620799882249651
4266708877 131379077565877
66775206736 8134199550387226
402083419882 120189703649272258
385978205356 113041308343795676
54495384454 5996962747588674
472066921946 152896811215893826
87072774779 12111997117586664
55702708426 6197353366712950
177268740166 35183649563164026
495678876616 164510531908163610
234985630741 53697584752149485
434689075811 135101799451756215
5829406 6631923170
333399406754 90748651323729154
101386170754 15218098025865854
68817346537 8510182464167872
55003323629 6081002450672469
42525340796 4133930904314380
50703449791 5382052887477435
16294005982 980464653410562
4755709102 154600176789202
167807858827 32404928130844648
444210148081 139564757655654801
127896841681 21561659584250801
80279243254 10722523885235394
69933325079 8718028171247624
116362357321 18711610081872576
415984639627 126476247155894248
365286387481 104074231706298176
330855738697 89712084974465017
569548126 6407226590626
164933504971 31575914770895951
148358926 851778058626
92589157327 13281050453376648
169312824571 32841834332857576
194456253007 40422723231747883
21281598587 1463514253366943
18281492506 1165219675644070
42446053204 4122374836051124
452787933154 143626747266060034
2491650529 58629367544609
88904270302 12496147155876098
247291885012 57970575838123572
231144583322 52386377219968038
2902648529 73718564741809
211614482081 45889235283144801
167641055131 32356623572627176
10667565146 519382411925826
160988686166 30449883067874026
377998169941 109553823601289901
72009176254 9109064784148994
125512774801 20961595656707825
78113059886 10291473753303890
180942931666 36283159172551810
213405344779 46472997392498664
168614084542 32638740754571778
415460333927 126237207003992723
175841400907 34759566152287183
305418407581 79567501737387301
134638204822 23288684444218538
63815746141 7599476857523776
125811563011 21036490142339351
11440928279 576874485784584
263085533377 63611889591597377
264929759656 64281938713977920
112472419187 17781214639265768
429084857126 132497542117412250
29631638521 2404498816800201
419337035737 128008221319806272
1568588056 29285016180176
197906996954 41503472145636674
22083507721 1547008605350080
180762505816 36228903449392410
26279042141 2008191842483776
120123756326 19626179680137626
32798855261 2800136670368101
231581297081 52534911987169801
201270697492 42566068910681082
65190646987 7846389732027368
419034878992 127869890107949082
90742047046 12885612659608130
158054940967 29621339911901907
10559459827 511507273756648
72197910016 9144900140489960
80751958751 10817370890634376
275623797031 68213122907108051
123901673302 20559293755237098
315304948996 83462060812967930
323941261417 86914520242922432
435601445654 135527370982614314
162799312579 30965026183718999
125318953204 20913059819079674
189111577502 38767684276742498
100578143261 15036532995961765
18319181167 1168824822519432
206294877947 44169796317660392
137078218201 23924626964884800
304768495357 79313664358715333
7891385636 330459664976890
100059892879 14920464280247944
103013285852 15585910149710202
235895541886 54009778320356226
384207205529 112264192834541609
325336061404 87476468636199084
276533317771 68551042453792655
4817545562 157625273308518
27225994576 2117710460929050
237134906129 54435977646713969
445429714732 140139909037038458
196816321102 41160853286883202
13604498677 748020685700352
147414454672 26681033532962842
51182881432 5458569000133712
304433654851 79182990671495400
3904849379 115025148216119
96348427879 14098055245116819
149201905717 27167777140624128
111940429381 17655207208810301
135276577 741631298273
254473703716 60514186042412026
145854661 830301978240
193253269057 40048197035878337
34870575656 3069587034022426
5057313307 169537999828712
6554380772 250141387858938
686925646 8486737405826
227456576629 51137621565629069
372693086404 107255604102379514
5865257279 211747518358664
100688056876 15061188049296250
55494627826 6162659922090126
101920029842 15338454891372782
44092472321 4364537465364480
440620618141 137876506979138085
390891115021 115206426251460405
8499928537 369412560923968
391774914337 115597367408141568
214048683487 46683304373339272
255871753204 61013557748399124
313233354757 82640878041658237
36442845352 3279515948636698
87377257667 12175583969886807
174115201106 34248982403546926
228720941341 51564602543582885
12317357536 644415405887240
25376327687 1905609951477768
257125168829 61462428981855749
270333412651 66258629330112751
40982842957 3911061008315637
14113428037 790384901516093
279089290942 69503652778584578
473370824522 153530726371991542
338144974897 92693089524255313
281839433506 70533512415623426
1864131271 37940042422280
96780860947 14193074559605767
59807667586 6894887086104190
352555182487 98681018207430243
119144479027 19386673334856423
30747164191 2541550343138651
152785351721 28152381693831705
56671829446 6359788263093826
90598538629 12855056845865469
21392116747 1474929404198888
12195549577 634879985166777
91805910751 13112883048613000
57291632752 6464405895743002
344578246936 95350888476773840
492632839316 162996442279468026
18215773886 1158942182076226
22677790997 1609873705228013
284436348967 71510616554877907
75868952881 9851178897442176
300014586421 77465166282488576
339159715402 93110647202244802
109219929001 17015518365949376
42689105111 4157833459795976
24383054866 1794828541148526
231676585351 52567339991067251
15164198326 880276658207626
66198687181 8029084304822645
11863929742 609161381992178
340523320141 93672744013763776
87331697629 12166062354711104
166587135079 32051975609079699
17836032886 1122891231841226
492242377 5148034880377
321659345557 85997770430835712
330721531987 89657504917111272
133738351972 23055600291304442
197221203082 41287930163630262
387551639801 113733229526427200
29252362504 2358481477833754
164403814654 31423925928261634
21174247579 1452454570901224
109202169454 17011368354963074
120137971111 19629663468076040
126677842841 21254135150041385
82712409451 11213679769984175
191902205441 39628956837212160
47120662579 4821794574363624
168896429401 32720755658721600
368214572936 105328146803487840
308401840397 80736209396213813
127464781966 21452492758257026
152565422692 28091617004941732
342597861496 94530058741676826
496008498001 164674656000830001
206500475227 44235843468638952
358510139836 101191757533494476
39543890926 3706897060778626
49266448051 5154879836980200
97535973616 14359506131971610
72624512171 9226072777433576
195069762967 40614174882689032
438618677746 136937920842732930
239892054781 55388116780719045
433155692662 134387564345622218
91768635079 13104897574562099
380082571876 110461244063662500
4015379306 119943395309270
37024511141 3358345307736960
172489130227 33770324390870823
81404712757 10948798191564237
337999431337 92633250817537472
193722934927 40194280282185352
38984277607 3628487627976083
148077092101 26861135148453501
459468003967 146816874428241032
83305660291 11334540370912151
45158990186 4523847001073090
132512866222 22739428698815442
3022336879 78324867716744
311724999667 82044669104548903
106803096401 16453871425653376
159433162904 30009625954307664
472715245279 153211895719773339
3902021971 114900239690951
45193858336 4529087448723226
345101442721 95568137296580705
367183793629 104886173045293029
496458792379 164898953375613279
94608802537 13717961005479872
325691887987 87620020113979368
422604509629 129507292844589829
472077610327 152902004005477027
12750847279 678731851050059
6697121512 258357089019418
317887896691 84489728659916776
298493624926 76876834104456450
25322738536 1899576790515226
15010813279 866954524648584
365821647842 104303068233281282
71879067436 9084388018773340
119551453672 19486089939170842
146041750129 26309226563766144
187855383629 38382048417335029
61366079947 7166126262844392
351298421156 98153832766808676
30485607427 2509189052527848
252562525282 59833745989948162
35083223606 3097708311691970
25855266301 1959811948923200
69085463042 8559965213003778
487640833267 160525185528266728
1581553162 29648849981122
136251657172 23708560440999988
279044465932 69486908788308858
399502235386 119034221214678726
65190646987 7846389732027368
203170932526 43170301532702850
460350349747 147239990364885992
138926429404 24410114587591034
36230147521 3250846600227905
444755115092 139821668328136628
167373068879 32279067945183019
413071873351 125150175447876275
483210854779 158342720722046184
13420216366 732873542451026
135320406797 23465911743014592
190914108004 39323278844391844
55838971654 6220107795657914
201195203654 42542122227450234
475389040582 154513639841841658
26138696404 1992125894988084
75070181461 9696014590973440
64535849746 7728469174621826
484801782271 159125357791308155
675373129 8273545979129
196277752154 40992019704524134
345378980522 95683447385388438
161645303992 30636365057142832
325227980287 87432880899646843
150124875226 27420258418769126
24393435004 1795974783461754
177508184029 35254959599791589
342810630254 94618133625067794
429074667067 132492822245124328
61067261504 7113847427356954
67553301097 8276788075018713
106112800861 16294610958655040
88747898254 12463192761050354
302922533981 78594160209491301
101336193337 15206846959761472
316782926497 84049585218876513
95558148697 13924956397431913
285639872366 71964966364011026
151091366617 27685478381376832
13868535241 769902488324985
517534879 5549871552219
19938746972 1327202753577338
4584749404 146339088040314
448745011121 141707392082487680
49417863772 5178662671090042
114944062312 18370551612460672
144087587791 25782936901287560
192845030281 39921363972297920
3146188151 83188360953475
358653258331 101252357768678120
201272600881 42566672724676945
14239546904 801002992556314
15598460252 918359347454252
247125238936 57911987493368090
421799540527 129137444329124427
68096552447 8376829302961288
485271590542 159356720046775682
102896686 491983364226
143825202616 25712542364969776
3271312942 88200049158482
442153040501 138596407769989376
32352175636 2743130188287476
192990380902 39966506641663298
131556030041 22493581572782185
35021002186 3089471097353590
296291786116 76027780970377860
251140956122 59329288333777638
46858859912 4781665501064218
40812959254 3886767757466154
450457573196 142519370668968826
239135569807 55126328670936712
418221428879 127497730144375019
391588162879 115514722697653819
96076895482 14038499763067458
45177266 143121585026
18255496582 1162735173593658
366056054431 104403335359575176
39689418154 3727378786896534
33767637751 2925110364474376
405518115601 121733023813685376
359587192862 101648107678795522
105042590426 16048722093361126
100261300504 14965536440461594
2056617046 43965673713130
159696978676 30084142701971450
178558995622 35568475770979138
90498533204 12833777991009274
365634347654 104222973896299834
267322698416 65154828608117560
67450421117 8257887607178053
4428863671 138939358573576
301315799072 77969681431584538
81196238711 10906765961362440
19868516812 1320196713900922
239986959202 55420988445510402
105987533029 16265765377556864
336065776 2904056409626
189664249357 38937754286320437
431500526732 133618021607923708
165040349602 31606602285412702
5473666136 190899580228890
101378065471 15216273151792955
1384879507 24294017973383
208361914112 44835316679050522
24808669876 1842027199328250
1972830706 41306471753870
78734445077 10414519988379648
67807897931 8323622894969551
151474758437 27790922456044893
300882007246 77801367376170930
37960456954 3486490822609474
361792928842 102584817204357878
94923562756 13786476766658820
177994119629 35399826500452544
109709819254 17130127748571594
295745484071 75817608042438355
446451549581 140622416184554176
73499505311 9393310278506715
497277216902 165306881552095298
116537540032 18753881321664808
22718273062 1614186310501018
350088250996 97647081752696826
6788163904 263643235223834
344050470922 95131904829821238
479430518506 156488198773258070
235088473666 53732840258277310
16589766629 1007280860534429
6960525079 273748170735624
102264352877 15416248932156373
4852 156948
3254026129 87501847337969
388177856606 114009001019339426
15219454279 885092436862984
229380852541 51787926760906560
334735847579 91294850861699199
449494685326 142062645466352626
112431634504 17771543785402394
22154809252 1554506961179748
155274647816 28843197480080410
391676665129 115553885894719769
195027916241 40601106631383985
57974721842 6580362828181378
233058419629 53038347533664704
80888654221 10844849723216576
88411596757 12392417753451008
316863324416 84081584314262810
1944228904 40411445887514
229239991717 51740230264284032
434726372791 135119187742074435
118924913452 19333107838925148
86547761129 12002616609169344
432469065211 134068149186776351
255431994379 60856332085280744
41244074029 3948515175382464
308156854097 80640026364896817
223958154746 49962376826421826
11574430879 587001120273544
6205258504 230424000942304
12521610376 660510773569376
354528732541 99510779117587776
186973157317 38111985144047232
372209763004 107047031560841594
183841985266 37158632307662210
412908283141 125075837316073085
364793371562 103863603958330518
68730561904 8494089403340314
567457517 6371980480853
304928565712 79376158226721818
159632558131 30065940950707176
485675590807 159555764011208712
2772406417 68812975590528
205886557361 44038722846830976
12370307987 648575247863272
2755677442 68191075470078
2191120702 48348539080898
59340297251 6814224354453751
4549101421 144635647010005
1124636452 17778627943652
256412136904 61206944610859034
251101978117 59315476672588928
421326657742 128920339580894082
465518417254 149726395442910554
5822877571 209456670137576
4473586756 141049208088570
23407014796 1688145116584826
163767937279 31241791037846664
8666453686 380321542462090
27294967 67209312003
15400739257 900953513811008
229857255254 51949348688642794
339495004037 93248753264388093
280864257356 70167755687234426
45529654 144799482634
412596642602 124934263380491202
222294116926 49406571742144450
60485724146 7012472914822530
148411419706 26952156935124870
28205856317 2233057644775232
283809170311 71274226780441715
431975365306 133838639449800770
287505274366 72671079005444610
393817031329 116502367289274624
351969309556 98435139480982676
1671316021 32208488184576
489829351 5110226363400
42656677571 4153096785184855
15471372466 907158767537026
81421256954 10952136115665474
400629306016 119538303355528776
21620249597 1498585980705088
147605102779 26732809366367839
495417050122 164380202926226742
5100954511 171737236225515
1730690362 33939991831618
196887223856 41183097501601720
146885523022 26537562635541042
17561160346 1097033979499330
263932728697 63919404191476288
16119729682 964776568073858
94895977 435730703577
487171853417 160293667758600153
120722492 625221796428
108991501942 16962165795041482
182544227426 36765867757818626
210714414901 45596773193413376
6894021754 269834309537094
328702779416 88837842787744026
4080431954 122869967059074
140363358367 24789806660479707
120773100602 19785532433349698
127102013392 21360976207684632
494221293911 163785431024062115
383174397992 111811822032241178
242599658204 56328486839876524
9632928202 445683478238402
455527011787 144931992494160872
247594382057 58076976227669337
381860431 3517443735176
366230624881 104478028512872320
13498970206 739334098635426
357236882746 100653158819701826
4249636337 130591324697472
59536479916 6848044684114810
89153653981 12548763130607845
151016065526 27664784060139850
39735073561 3733812147543465
419846370379 128241514037715944
49057925996 5122187111377180
64311145481 7688140197910720
2234427826 49789010482050
10321755682 494332963803358
151410367487 27773203708507272
7087106041 281249440947776
196537853404 41073528806670714
184333472611 37307743078072040
3400031954 93456678374574
4900648502 161721400632002
484013370787 158737347759540968
10082639011 477254995921015
82259938856 11121790513418176
39016674841 3633011666889385
647010379 7757870138319
182216280404 36666835457258164
237915813916 54705093367964026
169517138512 32901298885618072
48021949096 4960795400354330
43019044504 4206129717848144
121542988204 19975022911044474
5577950632 196381048654362
2472697327 57961673856648
54137216 187747872026
341924391677 94251458566316352
223879188379 49935954462797544
699510907 8721035672808
169102236682 32780581316017858
484718087701 159084153238732800
434749684216 135130056181130010
85283054507 11740491698981487
302660283277 78492119639098048
180398320117 36119471919772928
35870070247 3202503785210888
93792785717 13540864474252032
186769579432 38049757083244608
298736286167 76970599076587528
279470448877 69646085310605248
77122942912 10096421533348122
12754999622 679063424982138
262311401587 63331328116907943
325743543379 87640866021933544
22622665696 1604007325096730
54998348654 6080177440618114
18131125952 1150873219930152
1554449404 28889960360314
129978354871 22090168019612680
305255864629 79503991695098829
5403061129 187217869209529
126302123504 21159647355207194
198824711716 41792490478796260
187889710537 38392569262793593
142763091032 25428247959520912
32804746297 2800891108839488
64650506321 7749074338381105
290045840704 73636451310651674
3828256252 111657474075002
75502842716 9779958720105260
122814388246 20289264443604930
14239546904 801002992556314
135008447897 23384813260585792
269163347779 65828921082335464
349253657029 97298110640723584
438245050156 136762986721123676
134442643612 23237962806534522
34936628281 3078312900186176
295946249186 75894823711764226
67601828851 8285708289139751
275224498004 68064944928369844
287209615561 72559009754681465
5941753567 215903518852232
51385928491 5491083190119151
13179654191 713256525616776
266415326129 64823377908216529
70519089026 8827791121792126
195568521346 40770039266403330
403720761754 120924595738553154
28325927137 2247331849329697
252670566502 59872143650610498
156812600254 29272783069321794
463870859222 148932233545894338
349635707201 97457806661471425
370396650472 106265811296589338
199524655957 42013374739537408
130193317 700223067357
3599464282 101798849058662
73736640254 9438806109249794
7345144207 296748722806408
249310847647 58681956283462792
7417193707 301125702595887
47391814516 4863474384009210
20337310361 1367196026463040
123573344092 20477627187619628
8076251779 342139638366359
5915619607 214480648290312
39174664096 3655100626114330
63196346404 7489104096291834
317634388204 84388680746052474
39316987154 3675037423445634
69012626404 8546431637283834
96929623366 14225811553855610
67545214832 8275301995387512
250758393932 59193775713666108
6218522482 231163209138562
48175476811 4984604176395215
357654565921 100829736788634880
5244672154 179046114509634
385488974432 112826454993240858
132598337879 22761432885638819
349968603754 97597027747649494
440680699837 137904708591250693
25845261691 1958674542316776
165699989302 31796281414204098
131014918217 22354944480789753
126051451852 21096685273845948
7411957382 300806878472258
33043135129 2831477263753769
366431774776 104564116243175600
419113612379 127905930453658344
91304396129 13005580793691904
40773256267 3881097535562728
49549677401 5199396298929001
25213933642 1887346979698882
3817151626 111171996397750
280566790417 70056311778199153
329244620602 89057596923589698
155013955202 28770590085862402
143988829931 25756433920755176
274404543337 67761000591227097
235827546607 53986428061554312
65695331482 7937682223441958
36780551032 3325207017147162
3936905746 116444485912430
189549709906 38902487445914926
1821513904 36646431103514
154295402296 28570776779919130
450295280516 142442356381539460
491229303646 162300360751185826
35109982546 3101253055137326
206620668542 44274470234939778
107042637472 16509257339373338
27890141932 2195670017182108
133771970882 23064294359964862
463700389637 148850143576067197
6258175627 233377799498127
397107580079 117965571954022024
554128696 6148796742576
5974611329 217696913067649
262909296412 63547981309092218
49883611871 5252045959660680
1996709222 42058683094338
219489232736 48474416539420040
30757828277 2542872695138048
351195328829 98110629452885824
259858137242 62444949812282178
187863352096 38384490585132826
39043775962 3636797585126722
413602855787 125391564186695343
481001484154 157257983894650434
9794610742 456951239910082
394582417076 116842167015469050
250764059392 59195781800646632
110649605101 17350706393789525
7445843497 302872094060992
96170287462 14058974040549722
63290237872 7505800276937242
13998242182 780728627408962
443011078829 139000042116172224
260497980901 62675727372601501
2732268004 67323994423844
6495891172 246800558670842
95702468752 13956514324156248
124497755516 20707836173064460
62958728977 7446905367337073
45056267579 4508420246690024
62182950841 7309688782195776
141884911351 25193983464277251
5104793404 171931143511884
71017571251 8921558716134376
273746352629 67517347905615104
40332970154 3818402950608834
14204466976 798044833402650
218206419421 48050071853568576
364885626512 103903006577994072
423394602367 129870649015325832
24440504596 1801175573689076
69575130907 8651134119197183
13581909706 746158428234870
240437491427 55577126143813352
136932172861 23886402590164101
104504718901 15925613453253376
150405008492 27497043652873082
61536459154 7195991485090434
446610312857 140697433301222208
223624984529 49850928801619584
472460528486 153088077822267226
351790623004 98360189138313594
3260240876 87752643472250
7624457842 313835392288782
345097288811 95566411801828840
248600280251 58431258470945375
40433575007 3832698575103112
37774147231 3460854778105051
2586782629 62018975839104
107541074566 16624703023417410
2111362654 45732818916514
221197960757 49041578681917133
35818930379 3195657511801679
454880096392 144623364833917978
210408115457 45497388438161408
26889616657 2078585294151808
1379989381 24165454082176
180641670847 36192582390731963
186044815037 37828492241879872
10678084454 520150850020674
2393662646 55205041650826
23245884391 1670743700349960
309341856331 81105619514284495
275182210046 68049258358349826
62789580007 7416914489263112
280917473347 70187698912036567
484948511362 159197604114543618
55691026931 6195403982188520
258089152741 61808394714939776
207372186022 44516241553462042
132072044276 22626054337529850
191496634681 39503393943275145
54597444682 6013817536201462
4234070254 129874459675794
1855702 1190743402
25003958501 1863820070772125
112208398402 17718641177978302
224829044896 50254087887660826
190494769147 39193790766355688
279021307754 69478258780398294
14108220254 789947468573954
476604764651 155106731213436975
6929999857 271949364466833
45875568061 4631949064328965
47865572311 4936583890119715
1019554747 15345998230367
28532902171 2272008423264255
241200893077 55842026762673152
45873832 146444569408
83603898506 11395462178335926
157195328866 29380016559201026
148371650912 26941324372964122
480129932557 156830761474247733
97332029029 14314491733550464
88423371247 12394893437113992
7493511832 305785239572762
88926198676 12500770737093626
11488020832 580439911318408
657266897 7943070474417
313350507191 82687245188596035
6101865686 224689000229226
57582547 205953583592
39629992747 3719010619541992
408411403654 123038155602541114
237846148661 54681067423772365
90854974676 12909674206971700
136081010587 23664034138058472
105149871821 16073314556735605
40337230529 3819007974983489
642091531 7669569331176
302853263857 78567203221181312
51531254062 5514393851558018
141977616376 25218679457398000
373016915779 107395424561479639
348670534916 97054535417634810
11634454612 591573235606522
382504124629 111518567530668544
167643371281 32357294140321920
357801743212 100891981413501818
144390513037 25864287559307968
45275369987 4541345986746647
18446498851 1181030940230376
48412606529 5021452374608384
360905407216 102207569211520760
135498905026 23512357162380350
200670562 1339944246018
18099719192 1147884191283482
231422073302 52480740673514602
122790600142 20283369935786882
4432534936 139112154005840
113990949076 18142533476373300
17719313627 1111886930219752
60536862947 7021368049139767
367819069972 105158491254713338
261267988412 62953828148295372
277296864406 68835156865472426
346472765962 96138339172314818
9461583142 433845125762882
152526758087 28080938797975347
45749343829 4612845339354624
168687262381 32659990702672320
185413400491 37636077294604776
100388067241 14993928260725401
481527345982 157515941345363458
70822852 280930654202
49529846954 5196275303847874
70256073826 8778449587426050
59357868077 6817251148873152
84006340672 11477842330515738
54465676129 5992059514777344
66412447927 8068005549241352
424875826 4128235170126
82316328376 11133228535572250
6162109606 228024757970970
118471786297 19222718667135113
153277172302 28288426181300098
78918678829 10451095412684224
108809025761 16919585888094976
98484767579 14569541061630399
88402766404 12390561207053764
125016750562 20837458606006018
70895516077 8898568859849152
428581983197 132264685835043392
263531103046 63773560656904826
65544989017 7910449938065728
54910163137 6065559654211072
224788812766 50240599372065026
116904740492 18842589168082428
331145392579 89829921027245399
77578014152 10185915680406048
305303528992 79522613732753178
22534265072 1594614733696538
110923090516 17415073108780026
387590378347 113750282631450088
376544928529 108922649416257664
35263314097 3121590845109713
49985370472 5268124812156442
303217604431 78709023613648520
20282289122 1361651480339742
32914723879 2814987873624019
4484565866 141568775321026
599254891 6915001961960
48845782847 5088997886123067
11571388129 586769663605504
413463712691 125328293664076776
497875761002 165605427128194498
13545180937 743133776916672
28184246911 2230491905945851
17490952096 1090461747915080
71930262406 9094095122735170
213319116901 46444833621333376
878664161 12277574349601
239558998837 55272808978125568
150986939482 27656780995082562
8331016822 358455883880642
12997637066 698532008945526
246566646496 57715745290076680
195635445887 40790968645085947
411606171706 124484661348737926
1150248667 18389408887528
9866823527 462014011745427
397705792012 118232231516076668
127123190107 21366314926363583
69048668306 8553127591980270
281822916467 70527312138033128
159694152941 30083344225555285
144152013331 25800231244998120
98663705221 14609266383976576
234061056916 53380978905299060
89929344754 12712891797880194
40996586341 3913028507737885
321369061196 85881382438308730
221243857004 49056842901654394
127708262579 21513989330920424
3240084751 86940114149000
25077809036 1872083522495740
39341387261 3678459050477765
354655052116 99563967837996026
231797085004 52608357350181754
143513763376 25629070567412250
359050582937 101420659112196393
25877556254 1962346846004994
100810153732 15088591743213562
59910776629 6912725080532429
24120535342 1765920673783378
51312541777 5479324252967552
181782491167 36535978146747528
30990167362 2571739698813118
104433411691 15909316315037160
119174257946 19393942041425730
157871143096 29569686091970330
138246754052 24231199816814852
302158666132 78297065801083508
189659938106 38936426653819970
149543515717 27261134893672253
53867302336 5893585637265690
1526529886 28115118633890
135375286 742443204490
119037598486 19360592451684290
314449479997 83122623707868992
12329131936 645339643320090
194044253029 40294324044569984
398353544821 118521200699582605
24629672 57608807488
223298745061 49741879584403840
224336449366 50089019847906026
373574231254 107636199905378754
244719030602 57068233217822198
102487885654 15466822613261034
105508790662 16155681874456122
3825456716 111535016070010
15143481497 878473361756992
230865221279 52291434350589064
398331230521 118511242151049280
479937885779 156736674924701639
89666596504 12657217207324954
43206681742 4233678721822082
259121165996 62179492356378076
165798444091 31824624480615135
58838392321 6727954421363201
241382205079 55905003764844899
408871558487 123246153875339272
284468027782 71522563530944058
327734580856 88445622091288176
148078724707 26861579381362408
71264261686 8968084728849090
206638025546 44280049218629826
239228249366 55158379000281026
364394588587 103693338777514472
95920029011 14004132395839976
153062975542 28229149474620682
209989261654 45361600317246914
413447344454 125320851472747074
39386280781 3684757241133045
699099529 8713343521209
183380222029 37018720914435264
177597570154 35281592486381014
190077124462 39064967415048722
144441031504 25877862616572954
122284658531 20158136820530920
111200686216 17480488405201760
24953668301 1858199863851200
78689213696 10405546862568730
275447861977 68147821004592448
151791408637 27878111304911168
146428966867 26413930856253928
46168640386 4676406195353726
253625459221 60211867605016576
94501390141 13694605951646085
146549671192 26446597913121232
66075758102 8006729988252202
352257148982 98555914171339458
3462992254 96064559512194
191771509087 39588479326460443
36771601267 3323993411112103
279204358279 69546641331736584
331435173197 89947860219303413
396075365407 117505923082958683
38527410079 3564889884914824
421038467129 128788088402964544
10009639306 472081282136770
23168971954 1662458690740174
178865692672 35660155038927592
427308985741 131675833702019776
316773374947 84045783885843767
420638467867 128604603038041832
161570827741 30615194437939776
33093540547 2837958632139863
185068283467 37531045924951503
100142221747 14938882833109992
236639321129 54265419203797529
279254427446 69565349675998730
33145014247 2844582461215763
218849010079 48262480394482824
2251238551 50351951889251
20187738517 1352141079771757
97269828712 14300772333913472
308991148022 80967731437060938
41993903722 4056681089577942
122693984662 20259435237694122
495383206879 164363359338782619
133388965766 22965311458345026
106643705366 16417051935466026
13165046246 712071021461826
132269474612 22676807805722618
183554678461 37071559450886976
204703051477 43659544459894573
9379911062 428239839626922
71404016051 8994478286132200
167352240917 32273042900024557
270159909581 66194851205936245
103338081037 15659680570514997
408604836007 123125576242651987
88899631954 12495169236732974
1183289629 19187435796544
130891070482 22323253919262062
21699132004 1506794959540644
408420441529 123042239757248009
12549002677 662679367470848
65950037791 7983889591874651
302672731781 78496962296993920
143739938707 25689680979201512
476729742379 155167744559223279
450225029 4503150760064
1005514591 15030096964635
262812202 2008323258902
235369006357 53829048666974208
301048813276 77866074855145850
388398165481 114106072910643801
81530652337 10974216043018193
237537950654 54574819239117314
110455875079 17305158767565299
93924931237 13569491357650397
262484539879 63394041144206344
228185590129 51383667866195729
262629469379 63446552472000744
194411977904 40408918431717914
8090492411 343044968803615
12033356546 622256900453630
74876566711 9658528011154440
194255496472 40360140743242192
296884053767 76255856746782728
423334790732 129843130339978812
274538647504 67810679882451994
25982310904 1974274554962714
46522107997 4730212867644992
255689368279 60948333797984264
38818592296 3605380275922880
420615537892 128594087374436132
64007020946 7633669339321326
182609489612 36785586025802618
363845871677 103459209766051973
1721055116 33656953887610
404761085246 121392301837812930
63432274291 7531081341802151
450462319036 142521622966326476
187814318056 38369463502886426
422825183029 129608744296220109
15465142 28662066882
459957985004 147051787512313244
79252753129 10517527197677504
456308120396 145304932627057530
47836183396 4932038071489530
464045213626 149016209862815750
36154757 102462587008
155798922946 28989401726985730
48790788391 5080405895805651
1055953991 16175103264776
315451876366 83520405745322610
377599183732 109380414216173562
122275756982 20155935781242562
279390458887 69616186292136947
117196980154 18913287723235334
3197800379 85243764756319
31520457661 2638031156370240
892636879 12571600286379
418145522806 127463020953880770
58025128792 6588946791654682
53799380254 5882442170317794
439308293186 137260997590004226
454743711286 144558326800105226
493242487591 163299105680714760
30660927529 2530865381809689
240660834652 55654582859858298
69625901 273838676501
243487890367 56638123991883707
101884365529 15330404635628864
191056874782 39367396420493058
3969004061 117871482662976
23609970952 1710148896101402
498515603356 165924770218602220
382946824282 111712226388597058
187754872867 38351248426925303
157346194826 29422322317082550
48249070762 4996030447376322
9789013082 456559570237762
481847320361 157672971253103040
248957201266 58557140324512526
173758956772 34143924604352292
115945442026 18611137221047126
430448635936 133129728054419226
36656707231 3308426673509595
90956456329 12931309715397049
48081470152 4970021298251802
131868598682 22573794197121858
17527068379 1093840968233704
892425629 12567137735744
104661131404 15961380732115834
228193021267 51386177944842728
322751891029 86436291520975789
43370867941 4257833761612160
348372478829 96930113392500949
366207517579 104468140609504399
436554016004 135972169703340804
15944247452 949065385451898
313026016996 82558838169126180
63239371342 7496753435555378
49285911742 5157934950382082
16657231504 1013431517235544
395311199866 117166022988076610
107613898702 16641592652084402
823591406 11141544567426
381554847142 111103684090370882
170669649404 33237402212870284
260278599757 62596569444373237
175019832262 34516244520224322
71593090801 9030227457891200
5650429666 200221091809026
152557689379 28089481147024119
12391394026 650234271154626
270350324827 66264847184636648
437152238404 136251755383794884
119166446722 19392035319694338
24293039254 1784898668615594
106323896954 16343258848900674
123653893651 20497652553247751
331006245262 89773307132200322
53725600504 5870345647821594
34123560662 2971479662621122
154186541642 28540545604470978
390412033904 114994693350910584
251583391154 59486138088662734
218602307506 48180895851429070
470401986226 152088645379954126
175900115629 34776977327917504
169806065704 32985450885631424
1743657932 34322162772858
346809150704 96278381945794074
422895994616 129641304526115610
355255798822 99817050725776538
91448462281 13036374575111545
3795077882 110209061751362
10124146957 480205163843637
204503467417 43595708345270057
30951093202 2566877329718402
158976662002 29880829452506498
61939152667 7266742683895528
132564351872 22752682533893992
157131975529 29362257098299609
16352547436 985753362959226
314305957676 83065721413014876
211198328161 45753935413789601
424550255312 130402733670971672
25848217397 1959010548452813
89818689367 12689434736236707
10296627257 492528868307008
396256061797 117586344631774592
15004576297 866414250758592
14309159866 806883985516610
422699208241 129550825938619776
6380376167 240246684267528
423850229572 130080341873309892
147893753317 26811264155859328
159730324237 30093565790717493
52284240136 5635700816394976
32559819706 2769581677455426
196897891747 41186444669749992
3861491141 113114660051901
8808161902 389687762902802
17056398557 1050077177284837
384327308086 112316837388458690
271681424147 66754842727650792
449753567677 142185392721750848
362227735676 102769804255619450
477516110654 155551828078413314
402622549336 120431517505367440
33873750187 2938909148897768
452203828507 143348915106572008
271188506954 66573253007107574
73634525647 9419205796810667
157511164547 29468606264307863
149469148129 27240802069924129
379605806129 110253469544299904
487573681261 160492028268374976
142206311557 25279636789012608
326727390796 88038220178344826
50712366629 5383472704447069
466433594176 150168140167742376
29646246751 2406277146036251
81927674446 11054473804043826
22123035379 1551164000083944
56422970776 6317943345209626
159101302466 29915977004360510
485011542754 159228642804737794
90794879912 12896867922504218
7594480147 311986307507688
3674087782 104980934948162
3363681211 91961923136351
40260861967 3808167571349128
8339021797 358972651055488
26115151531 1989434833682920
6503644226 247242538971650
2879456329 72836807711424
475361738776 154500329344583376
105148496072 16072999109871642
150840252886 27616487139830890
321457255291 85916737841507560
440299626004 137725869781218804
85682061742 11822982093182082
163038486997 31033289077012992
31675312361 2657495356630976
52448965261 5662355323816640
377176088846 109196626658473330
21395219512 1475250307669168
362583603529 102921289641493184
32686514722 2785762694877442
31213635586 2599606830856190
149684099086 27299585570468226
443224776856 139100629777968720
183221587186 36970696158244226
9253644862 419621949099522
10073694712 476620075901722
198145511887 41578523972267947
397842258067 118293090873376232
67616537671 8288412649110451
257681949217 61662173826326753
24102528347 1763943537221567
110025763157 17204178456357037
287428691722 72642044878534338
40567055221 3851693147554701
161343667 966018327528
5056508767 169497544942728
1315255117 22485163096053
405385741807 121673422446617483
3883051876 114063354565626
20345983504 1368070712937944
2673669376 65169799865626
87050658886 12107382857664890
410246330956 123868272932911676
11931803482 614396402265958
33868804981 2938265597096845
5090657254 171217469262554
144600706426 25920785232634950
213178707281 46398985176266801
10622041382 516061258600258
208057974986 44737249955844726
220508760187 48812554184637672
167875327 1025270592648
9840852487 460191065227272
92543118437 13271145899744797
278974247321 69460681943964480
37207055656 3383212766278170
175238808067 34581042254976232
48221738182 4991785745505858
108345357751 16811551896221251
2657678872 64586026102992
66220156927 8032990649971848
602444117 6970278456832
46668332806 4752531895946426
30637902031 2528014997814920
128328112579 21670811147590999
2991936691 77146090316776
163208698786 31081899820383490
66065943251 8004946080193000
230649867646 52218284319325826
348760728254 97092196660644354
2863314976 72225211443400
70442872879 8813483521463944
442225452379 138630456305721279
151164487091 27705578358892135
430885762087 133332572077883347
272917522222 67210943335567442
121750152154 20026114360763714
19197711379 1253904918087144
499879507261 166606173987704640
44006396116 4351763174511610
348882674827 97143124567836648
105413264062 16133746029278018
1004654 474197634
49810359379 5240481496662504
442724032654 138864967657558514
14653949611 836222750015976
222198111766 49374568349930026
6829707502 266067191802498
79762776122 10619217199268742
424918921912 130572627316749872
818161927 11031550009352
197761692872 41457772485640992
292899828001 74725970985989376
363867198202 103468306168760898
458323177237 146268494912092397
17223958402 1065588893260802
176992568062 35101461086065922
93441861151 13464941044860251
24595291156 1818313478450170
79078866896 10482931832599576
214942722997 46976090349303117
12431570041 653399177603401
31636563112 2652620361898522
161581628576 30618264380873800
88091463412 12325170284464122
378441317 3470306895232
292436194066 74548614421665410
189977253811 39034183060698215
271030190629 66514964577103744
115777441802 18570701665361602
14136622732 792334143202812
55410705652 6148685893366548
54362420246 5975027971877930
248247843001 58307046626767625
220886125471 48937910128211080
77912399632 10251843397841112
34974067 97484388328
179792759686 35937755908396090
122268833779 20154223972569064
12332586827 645610920498152
113643135886 18059561058596226
1751047432 34540578000608
420170820052 128390196914500602
113460615704 18016070786108624
1775990602 35281237342198
447888060286 141301666107919490
5197156129 176618421570529
42333952754 4106054745709954
253227486997 60070202420091117
127624277 679599285677
364130845654 103580781732254314
41167425271 3937513280136451
303231621904 78714481649676314
126189566752 21131368343113498
16583756141 1006733500416960
248520607567 58403171180740232
262106462326 63257123093522626
120604092886 19744015643965890
128607407867 21741596729885928
1979494661 41515941567101
357342548746 100697819981174326
12204453262 635575380780418
76038105466 9884142637715010
2814379 2224299119
482355964504 157922699637978394
123000808106 20335477602879426
263772187004 63861092879461644
467212394497 150544399068143617
258641940701 62007077506077925
1478075636 26787164787476
311136244904 81812342189297984
123775264741 20527838848675485
324138494747 86993909913210367
458615235782 146408327871684162
387825176 3600181127376
291743723317 74283981327299328
6692955754 258116069715394
161985497521 30733130478877905
314029 82799509
248082283856 58248727920722970
384713165866 112486026092700610
8716554596 383624284412580
113583550511 18045359420651851
164951310007 31581027976623112
101521757107 15248635598943208
142214311222 25281769939683338
31762962947 2668533569197288
363903881287 103483953228621747
5082890726 170825791586626
299994446756 77457366175128570
51939128452 5579993700241402
45141861629 4521273435376069
139177978216 24476442353989760
231180620407 52398628819835912
172094657827 33654544460609527
10374408991 498120331526235
202191717917 42858578447290432
40348024486 3820540989427226
202598386 1359300117890
15090795857 873892897398833
268244064832 65491967258597658
123429712826 20441935319722050
6112364896 225269170860826
335857737154 91754206692017214
135474439129 23505989301034304
215208632 1488167704112
149638689454 27287163697496274
14957494321 862339434372480
110454935056 17304937857225176
325281212026 87454347676353350
258061133737 61798329798367897
218878120897 48272110376801792
9266845592 420520186210128
164102335387 31337528973668072
435667718332 135558301004769658
153405651466 28324001323577026
457099459454 145683082922140674
187620083597 38309957249996213
449027368654 141841160023690114
331635488906 90029417809343670
404117131672 121102723788721488
404011054451 121055044278915751
347068211527 96386279743583923
66500674472 8084087991757338
392635785091 115978590501100776
305785851466 79711134545889526
51188960596 5459541529592826
351760426942 98347525234516482
484809659779 159129236233137559
287083059454 72511056379983874
158605286506 29776186410010070
33598929926 2903216337218626
49618327672 5210205576293488
43665296404 4301264577571834
385258080946 112725101872421326
211161934181 45742109344655645
364981310632 103943879078515008
38415346337 3549347509645568
302549036141 78448847228626901
90283389847 12788040282845192
352279811891 98565425408978151
298577849662 76909374457601218
475229036 4883453594490
60463118641 7008542088757585
68081053502 8373969580992002
55919873101 6233630574241525
271247427154 66594950414969134
9806511082 457784281586262
1499027636 27358753421140
104941777516 16025623864181276
384326431357 112316453062027333
343124522602 94748118175051202
830627662 11284630567218
302823690262 78555695373844418
42782366356 4171466110159220
77431946629 10157161409970304
7031378992 277938692667832
676329032 8291117627808
242464543897 56281435680438313
232855693666 52969159391386526
110050626676 17210010468243450
66885616879 8154382277252744
168134756329 32499663769919424
119714602 617408117698
24757018904 1836277606295834
437368259902 136352762392311298
61074950251 7115190987841000
177244328356 35176382057470970
208408395692 44850320386931578
21915281404 1529365218011514
232807243621 52952628381367680
299537613001 77280504463032000
65036555497 7818586307830617
168969668476 32742041186101626
76386356092 9952123714300282
18828317 38503912357
4490723836 141860469134476
181317301337 36395821897777472
22610542879 1602718184729179
125217344396 20887630436374780
454272720077 144333799987100277
396923125691 117883389868941151
1940302366 40289085136610
203314383976 43216031058134400
58107598157 6602998809199808
131061504211 22366868934654440
404245701542 121160521666767682
331498681382 89973714607838362
22348679654 1574956152717634
340565852 2962582363948
280100302346 69881664232197826
272091423829 66906011360065024
188538833212 38591699539184972
81251859404 10917974852103034
157530248254 29473961958780354
322530984904 86347565237721114
19558167532 1289385233457308
117898095667 19083260860540903
204697292881 43657702161224320
310775848306 81670235464151426
2051169226 43791095571650
14407446376 815211735924250
429610272212 132740981908681722
87139139312 12125846931239672
483480252812 158475157267372922
79171953851 10501447131015775
463165107031 148592475249958051
216669899756 47543442764098426
141125234629 24991914842548669
309190854379 81046240450147119
36470928004 3283307450716154
127409248411 21438474714463976
258956337292 62120172565666682
278096514437 69133124910448768
57434230504 6488555612441344
38704714426 3589526822338626
343591071131 94941428366541695
2064641671 44223248207880
181202903002 36361382536136002
11215002262 559871604689322
200216338004 42232032608281594
156868607504 29288467101622744
81261131371 10919843746859951
143319352192 25577010458128232
370422471727 106276923570509448
42381104231 4112916641395720
298866158147 77020797616578792
34658047561 3041567148763840
312470026247 82338976616873992
365748090451 104271610771366376
142586277121 25381022730520576
44811348136 4471709493574976
11046107296 547272022007880
2711535262 66559152280322
246433942036 57669156801375226
25693157956 1941409272850426
125950048357 21071233173713437
141616557307 25122541239021087
5649842 6327825282
493162040092 163259156337611628
17979007 35928052987
444395851904 139652285253164314
398334800767 118512835481326728
171160180822 33380799532168642
22375326197 1577773751596288
164098325171 31336380273361255
7029481736 277826206730976
120701847457 19768025535496033
22630323886 1604821875076226
12996830926 698467023178626
494720510572 164033655156836892
2060531111 44091244755976
39373090654 3682906402508034
29046886852 2333675301328452
21583667029 1494784054787584
281352384317 70350756937044357
335942159456 91788804344390426
91724085587 13095355975455943
423764608192 130040927826231578
4548719891 144617451558151
16793671547 1025908601256863
200712758572 42389196525771642
8242317029 352746441975709
118773774967 19296264620272003
73048548652 9306993836425052
345077350391 95558129716128776
49179849877 5141294292917248
344257881797 95217943268903613
132350237296 22697580412403576
66356698552 8057848737708848
7451091776 303192375538600
262597581457 63434997492833408
496570401331 164954562954539495
311718682991 82042175332976651
198619821316 41727905847484410
27810370721 2186256673647201
88261960879 12360969938769544
1734634451 34056078215751
265003284121 64308700295840576
236014385447 54050598469217288
90717766129 12880441067088529
35578181377 3163493294282752
543460997 5972092918013
289743549421 73521363273071701
333386341642 90743317044274882
377394991292 109291702503785932
56530181891 6335959316749335
272746146026 67147646436779350
499891505887 166612172607784072
355448010232 99898070862915312
156588111632 29209946344206362
195300312691 40686198042186151
12397376917 650705254806528
103625598377 15725080928414873
148068385021 26858765988990405
32489681506 2760637407840926
279711235486 69736113438612226
454641674267 144509674733098728
380341991 3496483941651
73639898336 9420236715091976
88195590056 12347029825759770
2059889206 44070642975426
20384328829 1371940072865349
229311771154 51764533471727234
447640123529 141184352041306809
343194940342 94777286716966282
7997140747 337124799701263
74876566711 9658528011154440
157087131329 29349688356490049
144653413129 25934958658061369
256572572312 61264398817136922
337077561916 92254533202962810
192482513741 39808848527299776
19833049867 1316663292669928
47118513691 4821464738321151
12347982676 646820260627450
85482234982 11781646024826458
25755761242 1948509190646082
44826916754 4474040080666094
72187270562 9142878753283422
221143423582 49023442712473762
103591002379 15717206714920719
262162215254 63277307409694954
11529439027 583581772184552
592832962 6804141538818
142394096341 25329726363275776
5408780029 187515191968064
35188994117 3111727560949053
2973245942 76424313744578
306029111312 79806271648464922
147149598772 26609160046034938
61256125154 7146874634200834
175221640154 34575960587063014
45165902629 4524885733883229
1298467 696845032
27036146846 2095598778335330
75689094202 9816169086712898
331230034487 89864364507038147
330354839221 89508432386394701
255939717154 61037868759187714
261740956961 63124851813637601
437065283776 136211104312557850
281633755817 70456316693239232
32040562654 2703593357100834
60582453829 7029301341405824
89650505081 12653810190445120
264749995279 64216523355381384
105259960901 16098563680465725
265674939454 64553342555766274
463187243887 148603128290924168
341990550997 94278815130900992
13406785627 731773642130623
461680259987 147878495675776647
115963260079 18615427523122824
293521642579 74964057747522024
446203066129 140505032228345969
478432239916 155999689354036060
426539261254 131320206340175994
736262752 9417291465498
345083165704 95560545275027424
276633724291 68588381178723560
254565027812 60546764475393018
27434540162 2142088896005122
18795018022 1214659364831042
69265489504 8593446044058394
359026207 3206702423387
301881205732 78189244826477562
118583769502 19249979999046498
41791862387 4027439986565543
179335514387 35800748737476072
408259582306 122969555316026270
208485230779 44875125519148639
59765480779 6887593145298639
33198331651 2851448970118376
228999680147 51658892846412167
164423311427 31429515979653352
7927356571 332721725177576
252612278237 59851427083166272
4261998976 131161597881626
142888690072 25461811979919642
4454688856 140156390642970
334456077386 91180419185748726
266606608006 64893203684448570
40203278581 3800000490572301
4599412006 147041668758426
76813773082 10035770662606658
68042682754 8366891165985794
229908787852 51966819772477948
432337942261 134007180358544640
338007653302 92636630848849602
118357423312 19194891293269018
307072077302 80214596321660098
337218800662 92312522619101122
86031386611 11895359087077415
492342048829 162852143605846149
3428872267 94648304198632
79960204951 10658668666833251
67814895061 8324911308003840
400291018129 119386929587910129
304719311446 79294465517413826
237779252029 54657999625363264
408457497862 123058985736471618
19554014404 1288974557624314
134288162647 23197921995847688
155057945641 28782837903909401
162908888611 30996294115655415
38079030529 3502839246505984
55395726232 6146192756146458
18966020942 1231274079684482
168620472451 32640595541441175
20476100162 1381215336562622
175105630792 34541628573142432
310741948654 81656872848473234
155677257037 28955450885063872
63482149361 7539965326291601
119521627661 19478798225122101
5160079 5523006699
365563374271 104192629226374280
23237691572 1669860516507642
6222649462 231393368751818
136527422332 23780573967840012
103070939407 15598996469016683
349404947327 97361339168278523
285793326562 72022966756278018
497698155361 165516821138910976
37570750141 3432939629232960
35532048332 3157342282910908
248452931071 58379316484797576
110330417386 17275683861836226
64045668152 7640584165104048
21911303792 1528948867441528
26058961072 1983017447168538
233302900156 53121826083842426
195577902601 40772972859892025
1398543829 24654463015424
468700294916 151264114879181060
250778931529 59201047994614464
290778998701 73915827617636800
408468343936 123063887286099226
240031300546 55436349007629826
13337119504 726077231613144
427332097441 131686516704002401
4032334307 120703895205608
60588023357 7030270702438208
377097924791 109162684367002435
2306800927 52227510899848
341174757991 93941673538937235
41990426116 4056177185337860
169580611501 32919779681149376
27776420057 2182254441935337
259871113847 62449627369053192
71578712342 9027507200825282
66205600787 8030342142100968
199038540712 41859928189921818
375213155857 108345300175325312
446023596404 140420270785711764
342033557987 94296599736219368
298074995779 76715164230828264
4183151779 127538720266984
284839253836 71662612926684476
354851313142 99646625230363978
115054366057 18397001375557337
436236376954 135823795498632774
73482253121 9390003197575680
486599510287 160011274365556843
25954279696 1971080468811480
691417892 8570124796132
425552480182 130864763899569858
9120804392 410618613817882
26901908947 2080010763421767
76941603061 10060832722115840
50455367281 5342601112406545
127328493931 21418095735795176
10187996141 484755044480085
46056276751 4659344646086251
5660320402 200747036674798
1606793017 30361425289353
492308310782 162835404566605058
94580965129 13711906946855104
2693596504 65899736384794
327414053506 88315902827123070
40504983754 3842856327205494
58103507387 6602301544612072
119404315541 19450127171745901
57451516852 6491485190344698
11462115529 578477688028864
162981959779 31017151093242039
252529102 1891611341698
312606012457 82392733087785408
350138458726 97668088528866626
88548734036 12421262215914490
255020465707 60709321998465512
200786894452 42412684218272148
220599750107 48842770071883583
57017099206 6417996732450370
75733455079 9824800149718024
433806537154 134690567291059714
407209354927 122495360785225352
117652030822 19023549037368642
67361199536 8241508041075226
204075202412 43458834730073372
125478707447 20953061963371267
30763036991 2543518661618235
327732152029 88444638892403264
231738157 1662875782933
50668745281 5376528120306176
13616377777 749000631282048
44215201879 4382772932851619
294322087297 75270911679470592
61969777276 7272132706980876
188920976017 38709089328730353
9098397961 409106431606976
88805204642 12475266343184478
112229243336 17723578795666976
204414581504 43567288585536794
170592538106 33214878947241926
253437469177 60144935393996352
108625304152 16876751422059802
108946218656 16951595838310170
389897923331 114767623426838551
37133711461 3373213971395101
199131929822 41889392757776642
172854654436 33877726105085476
350840069617 97961798132396928
179481074546 35844344879055630
64649067991 7748815739951651
417216917602 127038657385853698
348289012579 96895280359746999
388308271912 114066460927371968
278754684446 69378695902893826
129566714827 21985312061234152
210180482129 45423575256705329
195567270529 40769648131236864
51774241156 5553443171250170
447738532957 141230911682145637
12171978326 633040248882626
118360829071 19195719805449451
85393360217 11763276943608128
182279068792 36685789183928432
2951847031 75600738311176
300113745397 77503574445970688
266638738412 64904935065997468
12986836867 697661534493928
20727192607 1406699289859208
115487459102 18500975461001698
116739428807 18802636101121587
26465757347 2029632465337463
398524939477 118597700947788077
4363134406 135857824818170
30043010251 2454744267415375
351485366962 98232193064786818
72386510296 9180756972258576
42862260079 4183156560025224
96610672666 14155653387775810
66766436332 8132597055056762
404320335391 121194077119935835
178875262504 35663016961783744
1381460767 24204113646728
79116254221 10490366984529205
15552218431 914278633166395
250420706552 59074244676088602
176453938831 34941350149731051
365959374004 104361976536329044
65779453406 7952933255387426
10953554056 540408194190176
257924652652 61749311217473052
342686438129 94566721407316369
424180827646 130232563278925826
353162553097 98936134833664192
389891741932 114764894166100858
97326293416 14313226457322560
7205220947 288309711053288
108158307352 16768034758474448
454319426926 144356060471338626
93889827781 13561884877506176
196706541152 41126420091772552
485174064454 159308683035697274
229659993047 51882489029699592
226273744687 50739247386153547
31949496154 2692075195936614
212743405072 46256940394176538
30259353016 2481307293280026
293491762027 74952611001077423
292816408012 74694049492944572
11658568651 593413372058600
378205134622 109643811689927138
175000900246 34510644197972930
406411978529 122135740612093184
418677009986 127706117617569726
117685988977 19031785851053952
68614756 267894886820
249057722 1852740408838
447644854504 141186590251386394
481327170676 157417730285459450
24650103667 1824395256048807
34584894502 3031942418184002
187323105487 38219033684639368
16198290046 971838009149826
32817810916 2802564477505060
103275807961 15645527550469440
4843002154 158876300061634
383398536616 111909943254403610
201932984761 42776339205280265
85329729496 11750131297819930
235434190702 53851411786170898
142443730627 25342971297345623
82673368507 11205741272236383
177191342651 35160609696662751
274984167602 67975811247541198
352561060471 98683486111341576
422797595704 129596059968335024
351653073662 98302506824329218
54094018741 5930832152303360
9387171691 428737163677160
1171304201 18896650707001
193243943722 40045298311445442
353238195982 98967922829490562
20348807717 1368355575064157
361437449311 102433662239149851
133413759182 22971714711337858
27684809779 2171467283442664
293349275704 74898034856347824
172288315522 33711367551388542
328101437017 88594168758161728
23839125482 1735106909227458
21656655022 1502372691209938
511760029 5457238383909
35871945176 3202754881327376
8492367976 368919788121626
445810168897 140319493677908417
31412585926 2624500612560450
198128515306 41573174281400770
79841079004 10634858337292204
92131000654 13182594939197314
42231009377 4091086802581248
473749399711 153714941061411976
82726645421 11216574946322880
120118854871 19624978469532451
144213230932 25816668033188858
474690166342 154173036826313282
122784157927 20281773703080723
5663296 6350444826
102308678032 15426272988429912
106426755481 16366980494293801
296108281 2401832986176
195380943496 40711396942715930
20470029617 1380601147653457
22350159601 1575112597915025
322278039904 86246007945390984
283768487926 71258902204023626
398067968981 118393773402892845
53311083716 5802538285118276
83534276 359865669626
242225052301 56198069193030325
483959258707 158710728539299783
45691889254 4604158451510594
131817761786 22560741747777990
13668905812 753338962428922
108416125379 16828025733262679
137728250381 24095006491504320
147535021207 26713772863590408
330293066231 89483327796910595
71375298577 8989052686571648
341774729836 94189583871144476
383551794091 111977051331265135
21844366672 1521947996366488
1805253829 36156827229824
124293750406 20656958417807426
333993322861 90991248251966165
342106345207 94326701855509512
449210285176 141927839865227376
132502055506 22736646047543426
25160067682 1881302127624962
187292502562 38209668309750018
88720936942 12457513771826578
380850208636 110796054046480140
279624480536 69703672010590490
312650293421 82410240242194880
85212446726 11725914369346626
365935419766 104351730021195210
193626466957 40164260752083637
90347565904 12801677887629464
383847010472 112106357879036442
366633836206 104650617883145426
269585394904 65983811118990864
5318568817 182843531715857
39220302629 3661489792722269
48498526847 5034826066302088
267050032432 65055168234471962
71037923986 8925394204316290
294322854529 75271206001557889
379354034242 110143799975263678
119114703829 19379406444685824
497483673941 165409839200329901
387165240781 113563179371389301
8282424161 355324279016865
27207096547 2115505930231863
117720922477 19040260482368448
69917244541 8715021392047685
164439368461 31434120049141440
317773885079 84444278899769699
218784840796 48241255184876076
240631697047 55644475731267592
614233726 7175887899650
112536456572 17796402706155788
185524246954 37669832564596674
261807525079 63148935010462499
140755180601 24893679731085376
39139403437 3650166857656768
342491088067 94485870557995607
373734158204 107705325850912524
6593897 7978617792
76996139572 10071531367736788
341597823847 94116463097170067
256834820279 61358352234771464
269078244437 65797703112668672
665340482 8089874944958
217159281907 47704610026214183
223101127 1570780682248
90487046756 12831334691424676
207679490887 44615231215708168
240171972847 55485089568845963
442762613777 138883120114514048
221039023606 48988731442891970
296753842816 76205694410029160
297172314454 76366945139150274
486326285797 159876524281182592
307309576277 80307675021109677
359480347571 101602806477337576
37029409454 3359011790572674
386218103287 113146713018280968
202960628641 43103289933256960
145892084536 26268793804268976
3726736612 107245541786618
2034103654 43245721761114
15759959492 932658642895428
109637225779 17113128389188584
34186810387 2979745184712168
393588980066 116401185732250526
493123308451 163239923792685800
155485367129 28901931013044544
185290411882 37598636271736258
268778289154 65687711607228414
19174204879 1251602615008904
79556017717 10577953746626253
381983012327 111290750642054152
10914661879 537532544756744
218825855129 48254821095922729
46017622 147133683138
7508209612 306685335366522
172128100012 33664354792471418
44499946957 4425178558812533
111220494067 17485159240077607
70180749277 8764335725043173
57980510716 6581348444763276
103245814492 15638712351949178
20460723196 1379659745000076
106602144671 16407455893055451
433508521954 134551797033340674
75475643551 9774674486714075
17588532791 1099599893152776
88658183506 12444299059005570
263371409336 63715601461276976
76261722154 9927776410842134
11732745521 599085719149905
13223689252 716834154977252
140356636 783798252140
389161798652 114442755939175052
22341703421 1574218764888005
26638128337 2049493197522097
181632986971 36490914703481576
20022906556 1335614633347020
140177976842 24740712023081782
8428368862 364757328783618
373511134361 107608931321114665
307649916256 80441121054007176
154723997341 28689903505988901
286088255677 72134483512406848
60923710712 7088778360127472
328663051147 88821737344769167
193464081631 40113745518167176
9791671771 456745585413951
60929994071 7089875040328355
114895641296 18358944731724826
12611022706 667598116441870
153947294404 28474142889098564
7549562882 309222546165758
232820208632 52957051835681008
22806392807 1623587104072712
124418428031 20688047376471176
290161621156 73680547019570170
29332963156 2368235891178676
18057046 36162248130
39151714879 3651889256096904
11412960904 574760515546464
71777489942 9065138092477482
38007037072 3492910052162392
481514588471 157509681579168451
417772494322 127292493870560642
62434726 232527738650
94656222551 13728275925529251
3142223176 83031152663200
4606032211 147359253246440
245904883987 57483545364215272
253780033529 60266921022841289
480201470002 156865813534640002
87994529806 12304832401741426
107337576116 16577537268392276
386928567587 113459063874122472
5922474196 214853544796980
148230596404 26902914453911764
44948264879 4492219488736904
2517270536 59535965494240
56039995937 6253727306816768
15229226027 885944995011048
146472263147 26425646883763688
130726372151 22281133596129475
1629776779 31015195401359
115501396879 18504324792442504
11546604631 584885559948195
452308444942 143398663229192578
68266418257 8408192693179008
1422231112 25283476590618
342190721902 94361600963655298
369558809341 105905453483581760
210698834977 45591716242205952
12308569652 643725884334548
307271946557 80292925083385733
11874560779 609980354572264
18543239332 1190333800407908
24338246879 1789883352122504
62826085576 7423383677696800
449705199379 142162456547386119
372915865921 107351787544408576
6769999342 262585707889282
32023857427 2701479239614727
1797930596 35937036792826
45303359546 4545557883608130
134505913117 23254368636708928
323962189454 86922942977318274
78734445077 10414519988379648
34175779 94165668584
7851360706 327948719652926
83085388621 11289614910963701
6044336327 221518882121523
36054851779 3227281801201239
1197733097 19539817777088
330552388987 89588732514651368
38778200806 3599754528872770
107819516266 16689311043446210
369672301027 105954242679928552
142533414487 25366909332298147
91496629 412527810304
104870321326 16009258556516050
230971236617 52327457540980928
401241809206 119812542944015370
83244036436 11321965899908090
20970188822 1431508969881538
290358196129 73755433976281344
491175780817 162273835840679857
1029740272 15576537878042
344665418671 95387073725535880
220396543004 48775297743028844
132055627 715301323752
80841601852 10835388526895948
163800560431 31251126723704395
374581909654 108072000221854634
466969795216 150427159325952026
203971080457 43425579010441408
22737397 51098514688
73443538912 9382583464520968
451168778656 142857029347118920
4551963406 144772161549170
197605754812 41408747001368268
42794067736 4173177632985040
384585109777 112429867382866048
16093525529 962425013804864
226789338904 50912770251917264
2525721202 59836019136898
43529464154 4281209858670914
227355417004 51103510716967644
143096182966 25517292936675010
146444661029 26418177516009309
51235686217 5467018505188032
60783815446 7064376076453826
255062603566 60724369427923026
414216091654 125670538839849914
426018497212 131079785327621068
292844723557 74704884209716608
110508522751 17317532747402875
126689420029 21257048867774784
36295319452 3259622147964652
158062250126 29623394669989250
54891606781 6062485213946176
120846832877 19803653891213248
4747033204 154177309153274
69750564752 8683875561308248
159599787754 30056683229077954
54826021954 6051623202140674
13689529 23869978889
95732658529 13963118820925184
87334205212 12166586351165818
70410971954 8807497249060174
4898173777 161598916592177
54717793456 6033712845349176
25726264697 1945162873891392
194669592436 40489263641315476
275962462987 68338884397157647
191824773316 39604973939918660
36062908204 3228363563570524
10832186 16800723590
129543299516 21979352542620026
236985487741 54384535659539776
50442979126 5340633600850626
20014102486 1334733823557226
187249050704 38196372106364824
184867607 1184816506083
325825070377 87673770196078873
31920432779 2688402689681384
1929631 1262623195
1071914452 16543213073402
19736573182 1307067716825858
219055474051 48330793388244200
419951756954 128289802377217574
343817415704 95035259510126874
2354043421 53840111808576
208970457887 45031879852332168
411773133766 124560412160841210
1370130379 23906948307944
252276896041 59732273414490560
165269665276 31672499013429626
201390628576 42604120345466376
56499251629 6330759978337429
248993189722 58569838041477442
89683959922 12660893885044238
398913391867 118771143583769832
78402654092 10348758327137532
12323008546 644858929647326
51979101526 5586436610354626
3724060754 107130055767854
117591888404 19008963944606714
12027772352 621823802929448
109472925487 17074674643395147
438813514154 137029173692522434
346920759907 96324861793799912
58337935832 6642299036123408
104321791 502239885435
85232676376 11730090264738000
162026481397 30744794889595917
140279656682 24767635904470358
132838939081 22823412361021120
274550503592 67815072589732378
108425438629 16830194144245469
272902746292 67205485140270932
15668482754 924550161983294
135819768646 23595923133960826
205588277066 43943055105345526
117188749876 18911295448645626
54428717081 5985961447354176
467531445592 150698631639238032
431823871802 133768239888084102
488330396192 160865799114227482
126339821129 21169121409246969
217382090662 47778047403556122
389497116922 114590700960902342
297604196254 76533482331572994
352769340667 98770946975671528
134818849012 23335569877751572
78329413702 10334260648014402
390672751954 115109903224326274
370817649154 106447037972604414
272185856021 66940845058584576
6517223197 248017273653413
363219151142 103192013716614978
267959216081 65387675867789745
240372311404 55554528115739514
186039325154 37826817865994014
97595166307 14372579888549608
45863755546 4630160153429826
23301979261 1676794893112640
184885203829 37475368018925824
72629466757 9227016925819133
5089143829 171141121511424
209442010079 45184390928844699
305823547 2521005455592
274383060079 67753043181721224
15528242107 912165174047583
212366546471 46134083822701576
307724439766 80470351298585026
186254651 1198176182751
80854687 342689123547
436146711562 135781921155290422
454313707591 144353334574794760
1282584629 21652593740544
30972742717 2569571005701253
350111680822 97656884540025538
167527004542 32323609576411778
19312315247 1265149771961992
12730414831 677101060665995
87016447379 12100246123459719
493371614576 163363235532609050
184311614797 37301107477431488
61341909454 7161892849322674
17693344442 1109443470016578
143828420617 25713405324230457
48016060996 4959883042203076
66537148822 8090739864601538
74990381902 9680558393575298
359868797752 101767537229385498
125822097262 21039132290504322
93392585392 13454291506168632
29846253361 2430668925131601
305426223236 79570555956633476
156926865652 29304784437004052
5430331006 188637028445570
229903363096 51964980526586576
14739328972 843541623401338
244656070787 57046211369800343
178776585904 35633510734002714
246215654246 57592549900803930
7299884036 294010129514490
5124414467 172923366256407
205619698561 43953129685027840
136282980082 23716736464438158
121793086741 20036708470133485
225916001021 50618965105214405
362087506 3247804250926
114402425281 18240856565106176
75673143029 9813066168830989
411357606167 124371915437166307
471374378629 152560474768716029
131678139154 22524906376738414
222990106654 49638787022194434
425222270111 130712475388195976
454164592 4562386123128
74375109722 9561664106117442
7484210686 305216090804226
403370392579 120767213143586024
141481943597 25086729347313088
145229509154 26090045631347934
142571859067 25377173102892703
258611734154 61996215194015414
59748847 217684973192
54408263002 5982587511218498
22875856357 1631010431969437
338090700754 92670773774119854
264504828116 64127344043412276
206116348432 44112471248248858
357230965912 100650658185189968
223441111279 49789457307115659
93263406329 13426386502223424
459179507206 146678618124330426
408001189457 122852830156810033
95155068136 13836942514931226
15911050079 946102859916424
307529128897 80393752328228417
10408287061 500562280291840
270490054342 66316226950221378
17557412356 1096682795646970
12502469386 658996826461890
340078652687 93489322017469547
405135461326 121560760126312626
82638402154 11198632883634134
279270869047 69571493446038467
269234522111 65855033343361915
226884983501 50944981080747125
50326795171 5322192794331880
319111417717 84977987722426253
35346220141 3132605888466901
57319054654 6469047614827714
114004318754 18145725403436254
2193835681 48438429323520
11796864004 604003369395204
132267417286 22676278732967490
111501767029 17551530315605389
40442959811 3834033033232215
66513074629 8086349219288704
254641381621 60574006980018701
14276359801 804111207117376
448089677779 141397087635409384
117041138111 18875575466897851
480045662404 156789473965852484
57993111029 6583493950461184
34581738556 3031527419963770
345379811641 95683792764368960
37522520597 3426331445977088
371708646437 106830923529800797
71642669716 9039609375228276
283778281567 71262591253128328
438633663626 136944938853970626
307202964721 80265888221837201
475498255646 154566889475705826
23402904032 1687700424411912
437283154154 136312965795587414
49285911742 5157934950382082
4077361057 122731286116608
262766464517 63496202318693757
164194583879 31363956829196979
24450675817 1802300065744857
50608279586 5366906833748226
236816157946 54326258143025730
299725724404 77353314863275284
370792675282 106436284635389058
336670434452 92087443913595898
454562531941 144471942798159901
239811019879 55360054191502344
46204200079 4681809988607624
132654990904 22776021790284464
148546019392 26988831110297882
292508851681 74576399274938145
267023723506 65045554920023426
166534035761 32036652061835601
50677659067 5377946965508328
298655903371 76939534723016680
61403220704 7172633017109274
1150680379 18399762852319
265949819956 64653553681009620
114147614504 18179948119527104
222307452616 49411017751171360
236977226347 54381691887386088
309396131662 81126965947705218
260647415029 62729665845624064
266122695577 64716604186553152
324553282957 87160947827192512
25278199129 1894567320602944
4183517657 127555453422912
424299653416 130287290210362560
93776328202 13537300669320898
127752235076 21525101840527300
286299336754 72214331474200654
18671911636 1202744964191226
209108181557 45076405157765837
35688969362 3178281166711022
80873370754 10841776252388354
225298685746 50411632329981826
98220876154 14511021282119234
67693417276 8302552500201850
272529048341 67067491093873901
284744160691 71626729219282535
978964877 14438753000373
60350849332 6989030691872762
203709934366 43342208379184610
323189106277 86611987240219677
250260791551 59017667747722376
24851902097 1846844252585088
474563507797 154111335401006592
275315762036 68098803108575226
97281737872 14303398774106138
13799339257 764147611026633
112884473977 17879019270373952
5003350562 166831721206018
205990525154 44072084838176514
61446682642 7180249689226882
366920506 3313047573570
11746382902 600130533487298
2660741827 64697711400023
141790639027 25168878225667048
106648785562 16418225041625922
11159358316 555710005733660
440747357761 137935999253936640
197556093911 41393138133215240
18270212591 1164141406000776
17129431687 1056828837105672
102336273029 15432514645620864
46146764302 4673082851754098
474487520782 154074322448925058
124588089901 20730378396413376
283142798941 71023350924996160
23438831329 1691588270102049
10302224654 492930543115634
181555847579 36467670656814824
222607611391 49511123482899835
476189917051 154904262557396200
368619733252 105502039488405252
478837298137 156197843939970793
41043273779 3919714732633064
275949833551 68334193148952200
27259140287 2121578888692872
69851445797 8702721780651613
1504617797 27511936454717
14762173052 845503461667852
120771626186 19785170116996726
350549460587 97840107197692847
13095850042 706464361190278
41743595212 4020464800377722
12180405161 633697759010240
498315920456 165825087166729120
152251276654 28004896826402434
53497368551 5832978585439251
467797404692 150827239221439482
449035897612 141845201304123772
257392721356 61558386430274426
85984105396 11885554227797076
119513316157 19476766432255808
120780472817 19787344081463953
23769303562 1727489598222018
245739407041 57425531421707776
18613404154 1197096270420934
111510267376 17553537419664376
3018295361 78167813310976
158259661301 29678909063135501
65319978962 7869751065582722
456703704227 145493925871049448
475003962587 154325937421390568
373006551061 107390948425861101
9424312 13633840922
197641589971 41420011532761576
400229282587 119359311668430568
138072760261 24185469027214976
107027369131 16505725191901551
521887279 5620030166664
334276170076 91106858729368876
312655037996 82412116155816826
94147839416 13617825936937776
18190587692 1156539374996828
34122776942 2971377293506578
1065442042 16393601583682
192191630092 39718642594609532
206747327131 44315186918547176
203221294157 43186354000434933
1671431654 32211830874434
250541738129 59117076904176369
460793760022 147452774424319938
11267181556 563783475072020
15755166317 932233191095232
314573205079 83171687415126024
106718997022 16434440957703938
28677370817 2289285835109953
321330580292 85865957666162682
388122348629 113984547590649344
113572588504 18042747130535194
287041385404 72495267978601164
229007124529 51661411880115584
122531558242 20219218332811678
35610732502 3167835801602498
113642659141 18059447415937085
21373504882 1473004960592258
37313519611 3397744220280040
20159215616 1349276460528360
394490034136 116801135294291226
344625567367 95370530761805832
288962282792 73224198309130778
23253647341 1671580688035776
88043199752 12315042565590752
198277102676 41619950068933626
639764336 7627910201976
133199475592 22916392578220128
344490256177 95314367890203473
21670809392 1503845817896632
275081325586 68011840488578690
81166018061 10900677391878965
326286286 2778218980226
38368793621 3542897665560576
158224219454 29668939838633474
95589190181 13931742112411520
370042989904 106113651133107864
91424087029 13031162719659264
256567557946 61262602829188230
4284556166 132204265119810
7683226742 317470929062082
17598099422 1100497147479842
123917105536 20563134938590490
298427180767 76851166543086728
40509537842 3843504441100878
10712454379 522664220067119
356244779 3169509816559
319020350926 84941614257270450
44265174571 4390205259091951
480732777697 157126226436844288
12249176941 639072225588160
275784934504 68272950673059354
114821830867 18341256523577832
81792530197 11027132600545517
467120566642 150500018298474882
7194780947 287683316245767
35945105627 3212557870486248
21310491577 1466495685003273
1024890176 15466617676200
197327357221 41321269463496576
148703038576 27031634894145050
407806996942 122765130874696578
61431959941 7177669245100160
34957513906 3081073708318670
338956316336 93026899975280440
10189138129 484836552446129
487393973642 160403306302134978
73701314416 9432023981062776
190557115841 39213033855288385
241987070404 56115269042372164
48975892879 5109344723619819
455518421404 144927892794006764
89015626954 12519632525102274
229221710071 51734041040452355
452636638612 143554766088586868
156815400379 29273567137923304
197763579596 41458365772606330
44696164606 4454479359719426
17801863706 1119666019778370
257498202529 61596230860174689
38255577922 3527228043889342
400143397579 119320893822798824
263867343832 63895653220965658
51773275792 5553287850457432
47357339404 4858168448744314
382316098529 111436349451520289
5033806954 168357351579074
30228118382 2477466354634258
130770861167 22292508703479432
13745731916 759699111644026
141600591862 25118292989768522
14765609782 845798737777162
153274957616 28287813078147610
1570605082 29341520644262
391060896877 115281493559121877
185511455287 37665936696119747
485796823666 159615509503927310
181814449637 36545613449687197
44759871202 4464006394874398
3311962579 89849128872424
115938218881 18609398097202176
183647998226 37099834010027650
73026763366 9302830700940610
356466416482 100327710563699458
465892874696 149907089041452576
276321408301 68472260763211200
293355403436 74900381672000476
342735472 2990938236442
218499061 1522428637965
69724795736 8679063674283290
14556530626 827897827290626
90266393387 12784429295684072
80981902 343498242802
464064481316 149025490950130660
51611543687 5527286659829768
153080681222 28234047764273338
2748036181 67907638130176
9887343754 463456055437494
271535491712 66701064326593818
397730764442 118243367615378982
185870398366 37775308455521026
68603450906 8470536687061670
32700834454 2787593533479874
477500474662 155544187953549122
68138999062 8384662825823018
5102065621 171793352280576
78295378471 10327525799021576
58738267127 6710788281221123
72019802576 9111081184537626
224339798531 50090141536851176
447853988572 141285542768079788
2876573326 72727444594050
14204129879 798016424974344
11838988627 607241458429127
481480242166 157492829186809026
234301270786 53463176370100226
169992017822 33039648584272642
238111068917 54772451072368653
126941228779 21320456393655784
228755436211 51576268173951976
138223092872 24224979257097242
285978584782 72093008721563058
453784824781 144101337510749045
251100560792 59314974470758682
160655209904 30355319946108984
8290920836 355871195129476
136486144279 23769789952638984
62191062182 7311119079288858
188325812341 38526313633173760
39435693221 3691693549684701
198595241566 41720160166053026
342825534821 94624304343100701
101648867056 15277282591526426
133130838016 22898681646880026
58396360376 6652279788820250
210093611872 45395416936042888
60822872254 7071186031319554
317020169512 84144021759355072
352660153862 98725094113303618
356289968441 100253227610459785
8636331026 378340389674626
197847233404 41484673849647884
454319426926 144356060471338626
127847281954 21549128147050974
8483768671 368359579935880
229509561296 51831521285295130
6594055381 252416044024320
36855446254 3335368745572994
362383582 3251788693762
457144399021 145704567630336405
89716150216 12667711073097760
211161284317 45741898183371328
183190110572 36961169469852538
49281202432 5157195699380712
191541379 1249552122519
152197755061 27990131075201101
149021147279 27118421318754539
38243131642 3525506829154882
79280226307 10522996571704087
71406283466 8994906715897026
3140717141 82971465483776
270083468281 66166758588601801
111741790171 17608234048197951
146308312271 26381290710881451
246943187836 57848005724574476
407640840986 122690109757204290
435514645406 135486864127847170
238674514061 54966979263222965
356170110004 100202643005058004
85269013204 11737592320854324
391146466 3646528139010
53531719616 5838597595296026
21779201572 1515142754833892
280512858637 70036112937830197
477529792357 155558513392893312
186966430751 38109928479676251
2707928029 66426377243109
328360708537 88699202569083968
32040562654 2703593357100834
102654109496 15504466082139930
152528415041 28081396379906560
72810234004 9261486035641204
20791581241 1413259221303360
22833738151 1626508058606600
466028025166 149972323436639026
34786647029 3058511580259584
381456141077 111060574019009773
199414754686 41978667066201090
45083588782 4512521596431058
4591454879 146660251808904
304026474754 79024182793111554
165493962271 31736997803709576
87520284632 12205491374773008
125350495351 20920955890917251
1533389132 28304830024508
93348075487 13444674384479368
62361169381 7341136072710301
220179493811 48703263672447976
1977796172 41462518991738
203488506379 43271559563911144
114182496751 18188282151114376
54671820457 6026110290392512
1874587066 38259697195526
291423752291 74161807907274935
53796756106 5882011787084470
188200634371 38487907998905576
166553658436 32042314542822340
122149686512 20124771601614072
96683215246 14171600096882930
95674033462 13950294602074818
379873350796 110370049458704380
33844604707 2935116935713512
132454699472 22724458060557338
109316697154 17038136857633214
96706082792 14176628207186432
4106400001 124044762490625
67852464772 8331830324482042
6389416447 240757471409288
255616432516 60922257238700026
110603037976 17339754411321626
57111691466 6433974714019010
313314092602 82672831921016198
84876326056 11656603407610176
345345736582 95669632907673658
410053204 3914094535674
360594522607 102075534883891083
2182325146 48057709525826
1177895917 19056392809557
105987072622 16265659390484242
377989475186 109550043667411726
193985698502 40276086666194498
9792651379 456814130055144
273707137876 67502840407736500
177607702001 35284611726128000
39507902254 3701837764184194
108124357826 16760140458202626
59872359862 6906077135779522
4971889622 165260639212138
459494845481 146829739894710720
148342236329 26933313112729024
300705165772 77732786527855292
8261972786 354009010020226
18587366029 1194585231657664
424030707254 130163434114252554
311188879 2587639275144
470851180492 152306545255181178
116573268379 18762506403678079
276870309454 68676388199116674
1635662611 31183362495976
108100177852 16754518632376698
112768091872 17851376890473992
138884790242 24399141065275678
89653892629 12654527406342144
295105183627 75571519107659752
258959935612 62121467354549772
209002136779 45042120165052239
252908054029 59956575158390464
337373211736 92375934190507290
498004495004 165669661340161004
359447279627 101588787405146127
217109857582 47688324958230658
30067282477 2457719714688448
88528956154 12417100900092614
27380691067 2135785172352232
28952000029 2322249573153189
419380994881 128028350530552320
67243796176 8219971303193626
27745081267 2178562277962728
91424514637 13031254143746293
200373302536 42281705643955226
140920237942 24937480173633482
510161654 5431691151434
279495868654 69655587725290114
331438429879 89949185964881219
251821077004 59570458215103354
48214906247 4990724945833992
374369881754 107980253734646594
76583085931 9990595419998895
182815625476 36847890901552900
35775583796 3189858378181076
198665203312 41742208085648922
141374511412 25058160899760122
39774267947 3739338026957288
286151798779 72158517562873064
170533548046 33197652109472130
5832486011 209975328954015
269545010879 65968985053037704
6427342132 242904256375508
1614455077 30578855499648
131740241557 22540843157572608
1313665654 22444415621314
404064091321 121078882469180480
373011733402 107393186478123302
139908068777 24669290227457177
228101153879 51355149987076104
115626874717 18534486967665253
52512788927 5672694024055227
160041905921 30181662870394880
154663924879 28673196588330219
10745413504 525078212775194
40082572546 3782899671077630
27677751004 2170636848562554
186831924841 38068810728701401
96149237422 14054358382486738
36461531 103769522920
1303332041 22180104707776
228741908501 51571693207269376
59831533927 6899014626595848
22225171529 1561918379684089
42794067736 4173177632985040
464873121262 149415179820876418
1152216011 18436608424015
352013778517 98453795010569728
13578613616 745886824650360
4890061066 161197603065910
26712965371 2058136034449951
452046926542 143274314498105778
33641975137 2908797310435072
46244031022 4687865327641938
159993819976 30168061376138400
436570835411 135980027818593351
292583813204 74605068777958324
328462014287 88740253938444843
155406748772 28880013158416292
140583856879 24848243565002379
211896268522 45980925212991938
128403608942 21689937622820482
47413675771 4866839967953951
281900641 2231055655585
16601790872 1008376175895888
23703067586 1720273833266690
460610419504 147364780417426104
5109947872 172191616826138
208558204936 44898688436659226
12982163546 697284986326630
75933629552 9863778479064602
5177599681 175622455380801
492859179362 163108788255439618
17372946004 1079444836154804
267810627592 65333295303648282
205506848857 43916950605734208
7691534407 317985979381683
130721258956 22279826360530620
437586205772 136454694477535292
227716997512 51225469930435168
353915139802 99252551665200102
18467825392 1183079674448632
116854941331 18830550569459176
336229110631 91906434169607176
162951130882 31008350915221758
302159443511 78297367959749640
34114156616 2970251388416026
39712524401 3730634254942225
332967577177 90572397484730473
46685442962 4755145793098222
136003811197 23643899900116288
335921667631 91780406056799051
19039321954 1238419043068674
748013182 9643635305858
8739014911 385107996181115
227724421016 51227974854525210
130265564254 22163426524370594
10986288797 542832529558592
334321142366 91125245132961026
224802893602 50245320077940702
879964177 12304832436352
52125262882 5610016168065758
87919453447 12289088138256392
215287080472 47089025488476442
82652631754 11201525469609154
9877080976 462734659098650
7585609207 311439828757512
13491905779 738753798340584
478992909529 156273991363339584
46970052257 4798695389040737
335019008962 91410718306848318
115206960106 18433612847440470
27998889842 2208524432004878
212509296146 46180607655218030
407280071 3874455334451
352786980121 98778355308219305
44813743132 4472067992742508
20308278881 1364269558802176
167505009401 32317243979149001
256198778291 61130565693379560
331924669066 90147199589065410
47458953829 4873813083325824
137740846817 24098312114371328
26841402361 2072997293030976
39740711851 3734606902577775
2661033629 64708354805029
223278697126 49735180932797250
465895770572 149908486722972538
68172965876 8390933159161876
199585935901 42032731572526501
120865515292 19808246416482682
44806558336 4470992552718440
23977324606 1750216817319426
66405159097 8066677376816192
435967408426 135698198290012950
8079048056 342317345265520
167503273004 32316741467593594
57014397722 6417540607813442
251925410401 59607483529496225
3318232381 90104388205445
83885875201 11453162237132800
20199997504 1353372899571994
27273385129 2123242123576729
416977621867 126929378022329832
441610610302 138341442243956098
3136834822 82817667411642
107385304462 16588595472786818
42845572816 4180713895146776
50991732227 5428018904044823
290381820082 73764435434718158
8386 357890
266217545722 64751206254629442
95649101377 13944841905213377
423640334482 129983728054942958
223709257172 49879110816543738
142829892157 25446097487406912
4328360362 134236882755522
75357966532 9751823255943162
321437210116 85908701670713860
1297620097 22034454361088
144614151101 25924400411630400
154657250881 28671340664612801
78225748031 10313751975158920
36229878337 3250810370349568
422860128266 129624812299657526
3248542711 87280762765315
111295741 553436631360
102982876696 15579009293494480
25935600629 1968952993103629
59746121327 6884246830134027
1258790401 21052849893376
16307728504 981703512423194
185227715576 37579554619611376
297173856331 76367539484550120
80440805551 10754908888834251
38837541754 3608020574979654
24139427951 1767995842705675
479854612129 156695883785228544
88652709427 12443146540938727
156002736026 29046305423789350
74293367716 9545905289174010
267770376722 65318566846168942
134482574272 23248316407419688
457474342186 145862339194801090
186027125704 37823097207585824
472566490111 153139581741692040
48488872579 5033322766440599
286499141062 72289940771836922
18703230529 1205772334692864
97158270892 14276177236441978
109718719462 17132212315238722
47787015826 4924436052070126
31385271071 2621078143119451
115437482266 18488967389132710
305688887372 79673223160722492
2225145406 49479075007426
460275509332 147204085993841658
100178027467 14946895625133032
104022499141 15815511421368960
190127069629 39080365659892544
405878425801 121895302936477376
45502243616 4575523609251610
356640374521 100401160475465280
5021974091 167764066550760
335353064062 91547474037057922
328680077254 88828639439103554
222932171 1568996633576
164006103727 31309967913293448
44468926201 4420552193012425
227615779987 51191320023012743
426657493126 131374810873165626
246809679491 57801099269504151
346139040529 95999470677349489
467154396907 150516368093418287
62966890757 7448353507882112
23735084627 1723760521181127
200912386357 42452452383679437
495885001627 164613158665760127
15143481497 878473361756992
14253050704 802142689666074
420334008761 128465001762200640
384443045092 112367576173708282
273253782692 67335197131455482
34848727 96960780323
483451736329 158461136767790649
438895021061 137067353972995965
39131010382 3648992805648258
279557927671 69678788426760451
2006072812 42354884012922
356642063642 100401873757058882
29891 2421335
409989121102 123751799629233202
78989014381 10465070207903445
43822653226 4324536280947650
157039491379 29336337998896104
282380258266 70736631203145026
303833120686 78948808301225090
168457328347 32593236193850088
269781483976 66055816497690650
369240781576 105768775722497050
2376120517 54599289325757
181988159861 36598000936609165
274141616492 67663633783049082
476960213017 155280279857629353
25012009631 1864720354169051
408459305531 123059802652371176
148301387579 26922188997291999
576386129 6522961844529
57513904904 6502061977433114
1723637542 33732735827778
332017559287 90185044249512968
198026551129 41541085772355904
264575383879 64153004398340104
338049586879 92653870287496379
332089272907 90214264914215912
372058788754 106981908138496494
286191895081 72173684650699801
208784396 1422030534780
339426614776 93220578051449626
54757166986 6040226585668290
129522940096 21974171228012826
440628128129 137880031970368129
102454385447 15459239766014163
374097362654 107862370282516514
489139128661 161265583699914240
105983849801 16264917493867200
435584644931 135519530316199895
324267332587 87045782314636847
466058919454 149987236812303074
108277405336 16795738468751440
6030710401 220770236196225
2387577754 54994670172454
84026167 363049067528
83562194837 11386936728515693
251823915722 59571465503669442
172983443956 33915595311589370
476835205081 155219237013549801
56141816329 6270778889029824
100611335332 15043976990039908
92029294711 13160771996158851
214571781596 46854537945084076
90546188476 12843916471478650
74155818829 9519407181941749
223077599327 49668004413002523
54743599717 6037981826740253
74044563077 9497992284395648
483429120406 158450017649247170
77618197001 10193830666995001
48035586082 4962908659302658
196532837776 41071956526413850
184907703751 37482209176461875
9014015047 403428252861363
61290431671 7152879398253576
327121992232 88197759220818458
17505543829 1091826603920749
945537842 13705571048782
415789468096 126387247424770330
69104049967 8563419941525128
279234997087 69558089323196443
239814482629 55361253253527229
5715996661 203716215737101
378837684236 109918996406287226
291618463151 74236145691006600
49025041886 5117037772101890
413943991787 125546729045652968
89174346142 12553132156254978
90047282501 12737908488309376
389488290907 114586806038276287
103621956421 15724251940016701
266381749372 64811123592276492
22677152096 1609805673132826
7164224552 285852559704602
275241562486 68071275279532226
277389961031 68869824745351176
150590994401 27548062379124001
1057333106 16206801879426
4694272066 151614034494910
17363813482 1078593790123458
296542022141 76124116336240960
328712509154 88841787274610434
174139396477 34256121610693952
6973391657 274507562656537
144399111301 25866597872003200
77939244706 10257142340299870
319977200407 85324053670395912
113483005846 18021403950011330
473141222836 153419038066299476
430486678442 133147377209336982
312423386629 82320542284531069
396698630357 117783393641260333
122866928471 20302285527021576
294264547747 75248839709461367
45848007892 4627775655465978
7354358561 297307299267840
67771076881 8316843964722801
1590564602 29902614555202
265523342086 64498098011034690
93940534879 13572872928234779
309515711506 81174003187703426
1250525056 20845835875176
35013063001 3088420590347625
966262781 14158648559301
373530149302 107617148765726602
440967082942 138039159732568578
186682191131 38023055325587176
276990128552 68720973904118848
252925834529 59962898073105889
4920171202 162688740974398
267748422977 65310534075152577
403170121631 120677283977311195
45008250379 4501215109603304
197008980487 41221305371936243
82026068062 11074394133366018
1344652012 23243206496668
99243366922 14738202367293238
321034033987 85747120365015272
483919906367 158691370975679803
4344378292 134982729846778
26984316517 2089575523509632
189970473422 39032093351588738
471064695662 152410155893913218
213429517841 46480893825366385
1071173756 16526068738426
333978611542 90985236511912682
293739280157 75047448687822912
147409567879 26679706827304819
143476263361 25619025935255040
2219012272 49274646885688
177786546851 35337920771783400
493425256907 163389879021304808
144508501 818833347501
65391925621 7882756863458701
371862136816 106897101252295160
88453652107 12401260994783208
156689254 924518840154
5598354206 197459551270370
424496954 4122714436674
364089031112 103562940366190618
216874674907 47610858840564287
233095288372 53050933665333242
137857391156 24128903459602426
47263519879 4843738816977779
383821601629 112095226696867429
345462097372 95717989397641388
95469861062 13905662613276922
32876249254 2810053570157594
75804693136 9838665854149976
64794780106 7775028040799426
48915195032 5099849319049808
73080659206 9313131247050426
104287673351 15876025377547251
83339542717 11341456129848128
16935636862 1038944869483522
226332947611 50759162050956415
332529503317 90393711750559232
386476538254 113260298999252354
20837080154 1417900793375334
312511135237 82355226106506368
45622085212 4593611723388972
209273121677 45129748690076352
429578756779 132726375710949864
71503060042 9013199062079682
418380579632 127570514439101112
59559256681 6851974832010176
274869231847 67933197666862088
111099316511 17456591206421640
479354142817 156450806209693857
468697390337 151262708784105472
398598150512 118630382957826168
492415482692 162888579597761732
365300918129 104080441691130129
367773613621 105138998071338701
26862027221 2075387085276205
48609775901 5052159838926501
76751465116 10023562257658860
190628117071 39234951970553480
68947626154 8534360148131734
69912009416 8714042589887776
407515343446 122633456465358826
165499140151 31738487270081475
110897186726 17408973064121626
26876631629 2077079845706944
494489765576 163918906881216800
43268729879 4242801845941219
227092507279 51014893508130539
367163227057 104877360891329233
302982470704 78617487522165274
156725808779 29248483886327784
28362355366 2251668484428610
357608896366 100810424698001026
289705488646 73506877066160826
76986721816 10069683578110160
393152583692 116207647535688828
1661213621 31916897338701
423807878131 130060845758016551
230467201582 52156264166469762
417259851961 127058267568462601
1282027567 21638488652107
117620987654 19016020316320834
446358005867 140578222158412207
88228772347 12353998571442463
18187726727 1156266539069448
96896604091 14218543086870760
201042990254 42493853721439954
488075458007 160739842887936008
924822529 13257639256064
433956514772 134760422141403188
355517994836 99927575917085690
96803740037 14198107747780093
304805971477 79328294127172077
2387508652 54992282663802
129495457417 21967177745034432
160155077821 30213682511516480
343863025279 95054170699435259
250156803457 58980887106748033
373553486482 107627234383139458
116695462066 18792014835633026
148330253446 26930049721333826
45849521972 4628004898533588
294801802297 75455012634766217
296385708487 76063934250436147
65133608276 7836094144709626
83841644287 11444104973300872
267542833261 65235325758294976
152214307126 27994697247855626
373510270057 107608557810844608
291510027904 74194743622597914
421590153877 129041298009643373
351369672661 98183696125118976
93825705079 13547993960406024
88246416106 12357704541571926
136762146511 23841927351139976
167424565792 32293966414118682
1620901 972001501
445904599547 140364079369031967
99242917 466011666653
446093490847 140453279082959067
254145642986 60397203764812226
177183603829 35158306263380224
171074184646 33355645349569530
274176419287 67676519239479843
88992843787 12514826307796968
44692576852 4453943029064698
169228457336 32817290132356976
388374369112 114095586493326618
417049768696 126962322068142576
42364219822 4110459035456642
23879756531 1739544744402920
13803492782 764492644349058
172799977504 33861653192105754
259036945652 62149180149090298
229121512517 51700123692349757
31533766279 2639702086637939
4503052451 142445058245751
135386484262 23483101597387418
410155754906 123827252873989926
449724167029 142171450831565709
54368685382 5976060914248258
184198096447 37266651876734267
197127007357 41258354095226437
30647309254 2529179412121154
331260964036 89876951820540740
445428770879 140139463608267579
197817669511 41475375739219976
4521862352 143338514759448
101172839707 15170091655926783
35333724862 3130944916015618
483482219497 158476124228861888
165720138487 31802081256362243
10910820782 537248815404162
44824221992 4473636651889178
230183499757 52059988317827008
172004879 1063334174344
282092505004 70628534817537244
330789038626 89684957571990750
158314800952 29694421184137648
82955402182 11263131472528962
3682321654 105334038410434
255014752367 60707281860449928
800900254 10684276381794
378882078257 109938318238022737
406785313172 122304072258894842
198847413766 41799648565700026
356387895931 100294562877499551
385878050257 112997312587426737
216690965404 47550376527405434
152781482254 28151312211847554
8311665847 357207692637192
142895639716 25463669574588260
159223734517 29950515208805632
12731053097 677151983282713
222658992182 49528266221408962
5104086131 171895412787176
23491690147 1697313766082167
886857671 12449708013576
300978206012 77838682661134668
258720342112 62035273711182618
381860654917 111237281646754432
495726669904 164534325617374234
273292964956 67349680600664620
373524099041 107614534078882560
30530811172 2514772031717092
206752471447 44316840915169288
75250467541 9730964043344685
229197335677 51725789509819973
58956800806 6748274029551426
435919787227 135675965190345448
532668481 5795077982720
8825424797 390833937223717
247803424022 58150542695167938
399723946022 119133325149046938
299020031116 77080287214817276
5790009856 207685723603176
64637921476 7746811797190650
70761903307 8873424738443087
362941350079 103073649696703624
340461428791 93647207116659651
45921924154 4638971549006914
148999856672 27112609919827738
142850737306 25451668249253926
403266209557 120720428272883712
17557787137 1096717910659072
246666373877 57750764784420877
3262179152 87830911542298
155441316097 28889649431123713
49487681107 5189641150751208
5320631747 182949922689367
1802971226 36088272099650
13086788654 705731251852114
1876608217 38321590904128
36968203829 3350687090630349
44755383337 4463335032709568
60442951142 7005035822833882
153261116191 28283981384147035
7723318471 319959063259955
278421024872 69254167306133888
404698106281 121363970797627545
316446321286 83915657407580226
319014759529 84939381137179584
287025474292 72489240284530682
7512621754 306955708121154
38257237579 3527457581505999
2326131529 52885375734464
380505548621 110645686461887680
466379508116 150142021427935860
202601452291 42988921620972776
176390380082 34922473010550658
51255855226 5470246978638150
126825869342 21291400119601378
239238625061 55161967496651101
2579810366 61768399641026
154005007592 28490156379852032
115062521042 18398957365019778
39655616254 3722618101876994
20904706102 1424809022165698
398114368087 118414474120445347
124142226622 20619196227402242
38124578779 3509126021125439
107268087791 16561441878624651
38396500171 3546735916313576
59376130711 6820397590697315
11425504196 575708305528826
76959256651 10064295482624975
456800237401 145540057771749225
66289320442 8045579015168578
177370573402 35213971173140802
157242992446 29393380163973826
347548270951 96586329034582675
279084061172 69501699174467092
71114838412 8939893746916218
137228008556 23963852678466426
165420330079 31715819325990024
87799146491 12263872581288735
4174741001 127154261469376
16051034036 958615905851476
382071296629 111329335340428429
183214323112 36968497546414618
74054183977 9499843513922073
4918683337 162614950309568
196768014151 41145700314167475
32303609111 2736955585708040
291497047571 74189788068946951
188451031927 38564744807971848
327595342642 88389263787910478
281449160246 70387057588101826
6886508762 269393336338918
230414248747 52138289816422888
1580316091 29614070038760
240087425932 55455793787945212
17045872481 1049105267838720
285989929072 72097298479744538
294104233879 75187355252699144
4102956992 123888786433832
486668568332 160045338713750908
85117935907 11706411588791287
17622308981 1102768851538176
7053690926 279262677530450
318394419046 84691748020564826
78490983946 10366251922689730
73973772481 9484374633438720
90878847616 12914762742044776
163812007921 31254402843663505
471990163492 152859520999439332
108626431 533645456520
448065064762 141385437636064322
420238658701 128421292031261376
291423752291 74161807907274935
2263198282 50753730317558
64277796332 7682160828858012
9590011 13995025640
6735484081 260580163041745
13759165442 760813053225982
6174771757 228727953754133
378111251 3465767745000
138484529782 24293740960378058
172077057982 33649381893674562
13898196004 772373712105444
10009073356 472041244994426
288125893829 72906511797314749
387950563379 113908880568239079
210838425662 45637031427101122
113221131871 17959060456940680
116537540032 18753881321664808
27834195712 2189066712253722
66899881792 8156991087339432
72479379746 9198430563198430
208752649732 44961493620791812
495979614407 164660272187643912
106468281976 16376560750155376
450975529 4514415390489
303218383171 78709326831252951
36677288221 3311213355009701
1771285441 35141122332160
28258370779 2239296914712639
14029381279 783335180285064
487561831387 160486177461224168
358588893817 101225102599115328
382870689712 111678913364860472
208778496392 44969844230785632
32280991096 2734081582366576
2307955771 52266735753951
205470948629 43905443245369344
140123445037 24726276527211968
41178042754 3939036665981954
7016800417 277074737078528
156570763846 29205092390312826
23497976506 1697995113103426
6835669351 266415655920275
252362852021 59762804076122701
492439300256 162900397843247176
6941777707 272642947372783
146748427382 26500418010712258
224583014702 50171620901858898
361633876927 102517176878089352
436241047279 135825976689858184
406338053356 122102417897794426
15920684462 946962311918722
43968134071 4346088836624451
338049586879 92653870287496379
251751533411 59545783192043240
204404990654 43564222443541314
56382666916 6311175027244026
223411698577 49779626560012273
73381464157 9370690670664037
158403156941 29719283499331776
150907818754 27635044612298754
482434543504 157961291218966554
74648422856 9614418270418970
388125872827 113986100085330152
45736640236 4610924140047226
43531529581 4281514571116245
58593031651 6685914124849975
288420504751 73018361646466251
302636943022 78483040192375938
472100930851 152913334136309751
423290624852 129822811352096948
399755240782 119147316019165058
187143196156 38163987230370170
127339091497 21420769740142617
406108207066 121998831115895526
156442643842 29169252420193282
250139827861 58974883555661165
130701318451 22274728630246376
295814705726 75844228216307650
84783237221 11637431924466205
5490000506 191754737743426
308528297686 80785872208753090
79044669211 10476132537698815
3812085587 110950751067847
273538472482 67440454493476062
97399986842 14329486064489282
365141951462 104012510584277722
42289154077 4099538789187648
2139528406 46650990584170
87301191586 12159688269540190
214097758162 46699359840328622
50385505291 5331508652241935
79087218617 10484592572320832
223988942017 49972679594245632
97905116261 14441102553908765
480025085932 156779393233283962
426686129872 131388037685001242
97238486 451964492226
36999752407 3354977216187683
60001502906 6928433542289670
145845633571 26256249105668855
68352169981 8424040405498176
197991939629 41530195281179669
9540570046 439289187480130
123857373196 20548268499876730
215711839207 47228453404043283
265905333632 64637332121087258
5638104956 199566363093370
384969341992 112598399608685082
132352295266 22698109816439710
415815913892 126399305689584228
108966758362 16956389913527618
193574819792 40148191924554778
177240160654 35175141363843314
2062264754 44146901631694
826068982 11191857951562
306075271201 79824328704652001
41451122629 3978285311551104
6980124782 274905234493058
451752214657 143134225781058433
1482809654 26915960875714
64089697232 7648464467905562
60426958621 7002255822913701
192995972404 39968243577457364
10375993541 498234457947776
8009666029 337917130293184
174931097287 34489998245156872
174819914557 34457121706188608
146972256862 26561071214223522
82155324629 11100580998166829
436802602447 136088326007733163
238938512542 55058203214659682
420966893666 128755250229719810
1012567502 15188512560002
82082377379 11085799641945719
388244823892 114038505047678132
78242361572 10317037797147642
319506190654 85135726064261314
175675984876 34710529561488250
20067356617 1340064629422457
252494300626 59809503296490626
110006531041 17199667803947776
138211525921 24221938482074880
23122713629 1657482358497344
133920979346 23102842068302830
37351227904 3402896068785434
81092706004 10885911885147444
8152048829 346967502345024
124716411029 20762413959207789
178410823186 35524211588804226
215487262342 47154718473300282
54286607761 5962533372577265
158341811632 29702020929325112
61191389029 7135548272034589
255126888361 60747327922856601
299906924527 77423471791532427
273956532367 67595121608285832
167458129841 32303677995493760
117872360881 19077012956322176
294265314904 75249133974009114
383935509904 112145130851979864
4117100654 124529943542034
14452975154 819079008040834
337426606766 92397865157888210
98212012004 14509056957670394
5016864197 167508078740413
175883508451 34772052365485800
142341269347 25315631989168567
360158151256 101890301676210320
321736349029 86028653385600384
226104251881 50682247844665945
123374071954 20428114335711874
271966768922 66860038505507238
427642779337 131830152324799097
10864190716 533808389532026
9069418541 407153406650901
408891453142 123255149258518978
1776527029 35297223403264
9475481954 434801440514974
57309236182 6467385509521858
214101030007 46700430335663112
82473428317 11165115270112357
382019723372 111306794681142138
176052582421 34822203171969005
293402895529 74918571155502489
42810452356 4175574551340676
16165728146 968909082278530
453992529404 144200285137639564
198369683129 41649103561135369
4206600227 128612595401448
451058595302 142804700214651098
74607084904 9606433121524864
274366762996 67747006941816826
161224255936 30516742129619226
50023319452 5274125314433402
128921533654 21821301760459114
246846917662 57814181150697218
351730232176 98334862417753626
246531536021 57703417853079405
6749883767 261416248489603
350258971966 97718517083371010
211353687721 45804430300870080
172338801779 33726186492136359
252880317697 59946712299014913
154421528717 28605816087551157
33748149901 2922578532216501
186841705457 38071800112853137
239922532987 55398672686403743
62735727091 7407374593142760
94736733256 13745794733158426
9105818726 409607043841626
344977666931 95516726465075176
48034702 156913366402
28698689254 2291839059065154
305500476946 79599574937693826
7259944252 291600500924748
103802437 498493912893
202951709066 43100448551353026
52964546779 5746053060874984
488627908204 161012831188010524
379205101279 110078943244059784
427015059454 131539996328476674
130448870372 22210224669877242
140918645287 24937057416104968
137793338167 24112088797291528
344409746177 95280956280420352
8210890879 350730940945544
40125903829 3789035597556224
472360410529 153039419594057984
6893904332 269827415632762
402424258412 120342559933156218
98799237461 14639379412605101
320675155747 85603377693446888
41757465556 4022468818891770
43302272042 4247736376156182
2134951841 46501386092385
193383847372 40088793867042492
181595017879 36479473040334179
426909714277 131491322669170048
217890099317 47945626904649357
406448042029 122151997794467264
449997345541 142301010590795901
335961012487 91796531221440243
340189173676 93534899906374876
38632409596 3579473033832826
208216047271 44788243443309576
452045024867 143273410407105207
96490707457 14129295111067137
18788814326 1214058026618050
227427575236 51127841570871290
168949322696 32736127613932576
195095997532 40622368350536058
1917817279 39590780676539
57785890862 6548239366817618
239451722407 55235685701177683
46467523379 4721890323407079
1600902821 30194628144605
371626740382 106795615139951362
478354965671 155961896298093576
53035848142 5757660067592882
327395441837 88308372527233472
425126367187 130668257307101672
273511845856 67430607601063176
5956427 6849893352
1680289436 32468232810476
220289000681 48739602268115801
228793992379 51589308313373279
97896266371 14439144544508055
337688714392 92505545917853978
821441779 11097952275239
492829394807 163094002941721608
318222076426 84622993526064950
453605741527 144016042887611427
432130603997 133910792220230117
423753560902 130035842722740802
187653163754 38320089611121494
420369511 4062731219976
431845246576 133778172072257050
393053275252 116163620057359252
1315255117 22485163096053
127751729602 21524974088797698
24585533386 1817231505196226
491886682732 162626263347694458
5737936376 204890232185626
425524804027 130851997754147048
346541861387 96167099244754447
135795794941 23589675987993285
212835388396 46286943652890780
50275412254 5314044041576194
78454140787 10358953992878247
147441061966 26688257479807026
86854659721 12066515214443705
101393375722 15219720258634838
210615102754 45564541535267294
24200550004 1774715067290004
336636791779 92073641132285239
450373101427 142479283746242727
166279622861 31963266784463040
50895334582 5412634007450762
128142759382 21623877074784362
267183058507 65103783378732008
170223579982 33107181259441458
356356658977 100281377118856448
261576020279 63065193761688259
343804977254 95030102348399194
187444317622 38256135598274242
338895390841 93001819492611401
395162722504 117100018490185504
299351881921 77208637817658880
102137779 486550342759
436762412626 136069544380010626
32070693692 2707407961647482
2458652627 57468546550248
34204070476 2982002075126650
56513370916 6333133236345060
142419179254 25336419462702154
146552378137 26447330666891072
381463128697 111063625692595017
156752683571 29256007356697576
349802972101 97527750445102525
59633483926 6864788013683626
199231653181 41920863430643520
21735603754 1510595480236994
33768677261 2925245436584640
139531690981 24569809891250845
327512785117 88355853314761957
122675161457 20254773233334033
25128672472 1877781931740442
107520205951 16619864155047675
143018088077 25496406634195648
21023468932 1436968117284858
2906764382 73875416819362
227252931536 51068960534013976
368662665827 105520471526905527
176221143947 34872225954923663
75255510904 9731942329682714
228266663629 51411054960740469
456478181329 145386170522410624
317186611051 84210296283942376
381659681722 111149476909541442
44648638552 4447376471966352
12853575946 686950797490230
134177281436 23169196249588090
83843282261 11444440342334976
138336662 766938465218
199657967656 42055488438889920
77620955029 10194374002648064
20472862426 1380887746481126
242865818041 56421210608114185
47852268842 4934525963193282
100431535754 15003667989660354
5865582206 211765114455426
469702911836 151749737944973690
28232701501 2236246409749125
47594647 154761933667
1087248397 16899464281792
88310704717 12371211128872128
98421312616 14555462308867610
19839224416 1317278209831560
6479602042 245872819294278
11544933082 584758557326658
493908169106 163629800792803970
402380300071 120322842243462355
439410469786 137308887711389990
6164663204 228166514580474
73363076677 9367168810886973
55474307506 6159275379741570
114024374741 18150513995965485
7704776 10077849626
30610431307 2524615729163983
148700311841 27030891387132385
288697789046 73123685592389826
76205104004 9916722594508794
16490460422 998250021766842
52494966232 5669806319713562
168678549901 32657460463436725
484459172617 158956706559974457
157458970901 29453960179173376
2200663654 48664742534234
196958767007 41205546687185883
191809908136 39600370331174976
118437228254 19214308414427394
465417108004 149677521378585594
771910987 10109460919272
260433254 1981115778394
387293725672 113619714811438592
133218573401 22921321302573376
227980943626 51314558740973250
394196967571 116671002088537576
380601514216 110687547302250010
114509597521 18266494657137280
119680090391 19517548821380835
313395632552 82705107431000602
4213298707 128919918330887
32942182861 2818511204303040
5614237631 198300487435195
102650484652 15503644865575802
456350154982 145325011088091458
247528942607 58053953025859208
404024538071 121061104539117576
186296826811 37905380659045215
37609959454 3438315030120674
483416337727 158443733160160827
175852075582 34762731388237762
1852548016 37586964253210
247105554502 57905068272104002
143407704577 25600665395761152
107167138204 16538068490329324
143336485072 25581596942955288
326369383004 87893559429196844
72087753661 9123978776367365
20954422687 1429894880259547
109431284879 17064933426912904
23722231654 1722360536794434
27625073932 2164442959444858
17498434276 1091161531896100
109674222032 17121791172837912
143678821654 25673298140542914
309057971707 80993998491186408
15815044477 937552738485573
131272524637 22420909633259072
65075512231 7825612339904595
61503837451 7190270127676175
33152996251 2845610076385000
438996212579 137114760048911799
284062370671 71369629069565451
79351917877 10537273428348877
329847009221 89302119583016576
101938993157 15342735921367933
99470711407 14788874332540683
17686573004 1108806634892154
59447830079 6832755246019899
359789903341 101734073139298901
52284240136 5635700816394976
159432033541 30009307089675901
108067052 529528564602
274751962 2146728678722
429212706329 132556764585147049
295210443467 75611955675271503
99501489754 14795738858064194
488159441917 160781332829139653
399166210766 118884071719244210
36851102422 3334779095355842
264905011141 64272931535251901
153469357211 28341646604596351
202870804732 43074678862349708
78834079276 10434294787051100
308425401902 80745461793065298
274723928129 67879337610463744
271259948521 66599561721401280
324890947096 87297006218426576
86390982286 11970017738890226
11842374152 607501951726048
440681638646 137905149271950530
454819054376 144594254491636250
464737174279 149349642363247859
95296900736 13867890886095976
248757547879 58486713789223944
19380571882 1271862950268758
6709742404 259087756684484
193072397716 39991986743852026
494952304331 164148951922822120
428819028829 132374433044661824
285082341779 71754370179252359
192462039254 39802496952415594
200369504281 42280503417433920
84978535412 11677665358056468
12082739879 626091332413779
155029637 909868951293
53602419332 5850168046112762
1506703066 27569150503910
110282038904 17264322344617584
8760577529 386534201822784
413999496541 125571981294275685
25268306807 1893455302425608
233195668057 53085206000176233
339874153747 93405007972992263
18467056654 1183005805068914
60935281 224201217920
59726986 217565508290
181469085347 36441532905274088
111615131629 17578304285610069
35814380431 3195048630935176
65875969777 7970443376844177
407480135377 122617564071130752
18348670396 1171648232040826
2233893062 49771137465922
101052321581 15142993546177301
59245941652 6797978088616052
123767304157 20525858512104933
1653613787 31698122721343
425492516317 130837104967188453
154924323121 28745640099621201
5748225032 205441562715162
379169396552 110063396584712352
46757278702 4766125275894402
55211146552 6115499455484848
567255404 6368576443164
14041109254 784317641561154
205529288092 43924143726907628
420427504 4063571987994
36686497376 3312460534757000
423342151936 129846517044068840
140627340946 24859773202325230
390865474091 115195090793740776
12721640296 676401133551130
317174664031 84205538580353051
312593361329 82387731499121024
2295268382 51836341184258
19675229266 1300978626478210
248520607567 58403171180740232
491848993021 162607572388704576
134258692 733276233732
547457506 6038091341570
5559376736 195400973587226
43420361329 4265124199729024
281780875279 70511531252899464
271400649626 66651385737593126
7965807311 335145411079851
490206927562 161793940258662518
307874298557 80529140902584837
1569428326 29308550882626
60223412986 6966905382574790
12471653146 656561865541030
386768480296 113388657523311130
39697870879 3728569592003419
66163397029 8022664761459584
2687722 2075818838
423691882846 130007453331239330
286693486 2288196292226
28046711221 2214185013114701
267116541329 65079472780260849
115704791776 18553224793338376
485317894237 159379528876507493
338281501846 92749232853180330
457786223941 146011526508251776
81070155112 10881371336326272
81231704779 10913912773086184
971589322 14275885800642
208973690317 45032924711086453
3281917654 88629280272834
70172132626 8762721671210626
1142252707 18197989408887
368638623277 105510149320881173
28247198456 2237969039430426
171564125107 33499039188366312
436985816681 136173957180573145
17032396462 1047861417792722
6045765742 221597467070082
195579153452 40773364016322652
227953259237 51305212103662493
36026124526 3223425483434626
255272630551 60799388600207075
496764750421 165051413034042880
297148415872 76357733179781992
130820472787 22305195858294343
84145762262 11506428115028418
447676079566 141201363031183026
234557360741 53550852801791360
45854670031 4628784381591176
216217236004 47394529842867194
292959530332 74748819471073658
36091381447 3232187726586163
314935796191 83315530032667035
37063978981 3363716703282845
231290108779 52435857658443439
144495321832 25892453875185408
138892695932 24401224392468858
430043262937 132941710784156393
132504629446 22737308562968826
22064387347 1544999885747463
15197130631 883145786765320
141765611527 25162214666301427
380354645392 110579872130988632
216881260922 47613027616950342
58127713204 6606427740810324
292206808216 74460918088266010
475938379 4894391664079
9868368829 462122554530624
396990843097 117913558565859817
140265885379 24763988819310679
1855702 1190743402
116060079367 18638745819650803
169837536337 32994621247138097
22168072642 1555903125306882
81011778982 10869620425546562
450893345501 142726230478865125
15789089254 935245649960154
246062699887 57538891637543947
219920767616 48617444255776026
307130855627 80237628902220623
394159676002 116654446617674498
106988046601 16496629556445376
1390727431 24448061120520
62663133106 7394521246987470
7256570686 291397271404226
265892936467 64632811841990407
371469850831 106727993429098120
38321161747 3536302353638888
44138215942 4371331205184578
4075103782 122629381436058
137155198132 23944783082230612
22268835281 1566523486817920
43007898971 4204495211499455
43423308254 4265558416603394
113407745627 18003479618603752
101858185576 15324496114753050
164878372891 31560083828398335
31725671461 2663835429166976
195051025072 40608323080239642
1595362342 30038014000282
377289875446 109246044122053826
23211892 52706473978
12516388654 660097649199234
27662460079 2168838299370699
36791400692 3326678450751482
311184366157 81831322943855808
278013738629 69102260832905469
11435936996 576497020006180
19893841247 1322721610804763
98785902296 14636415642178576
432910007266 134273243797607710
268049999767 65420908393621603
162490757557 30877035387219712
236042129 1709417112704
436226102327 135818996960134152
2326472579 52897007074199
529376992 5741446417928
92602928191 13284013519856776
49915518781 5257085799719301
1528519696 28170108527576
217265398456 47739581159577370
450894295126 142726681372210626
73458486754 9385448046542594
84988204 369302084474
462886997707 148458660861889512
81598910254 10988000456525954
274126067021 67657876980147701
482645756279 158065037244758659
2623088666 63329229711526
34691755529 3046005519132864
46434300397 4716827190730688
357949796887 100954609598787043
68537162731 8458262635763176
226474258606 50806706736181970
155789991722 28986909020134338
157741930361 29533390654143040
355187525704 99788277805314074
317506875004 84337869509093754
320521412227 85541822900382952
3697183046 105972357704826
379494284401 110204887194441600
11045661397 547238884577792
75802356931 9838211034167895
46119122779 4668884767775464
77777454811 10225220503537215
200591762746 42350872005064326
286985319637 72474029018581293
435779739952 135610587796111898
74817370552 9647076454850352
424452585481 130357736569343801
1516820582 27847309101658
127022868436 21341027444356090
218357065747 48099840014566888
4076999851 122714977575400
13320955477 724757665064448
145523381329 26169275633578624
10454507701 503900301612800
313588837486 82781599438532226
183426856771 37032842963613655
393168545147 116214724417867167
406852964597 122334583660450317
22457904212 1586516185293818
78457705876 10359660094405626
31932037 85045663872
8696892556 382326992706426
146706173651 26488973302438376
69858547579 8704049022037224
252855427412 59937861935924218
176227080682 34873988193078358
471475279 4825706659464
396288110779 117600610410852584
103506357592 15697946703302032
14915494687 858709888403547
143174834287 25538333816852747
16609809454 1009106827086674
22858106392 1629112481437978
998575706 14874783746370
70254574436 8778168566879226
177793702517 35340054249701632
290967391282 73987673201347662
176235985972 34876631661625338
275475324931 68158013069814551
35696183222 3179244862662338
182870654996 36864529599736826
183937197602 37187502925588702
303184898254 78696289177451394
424811070376 130522918166260250
107713201871 16664632601377451
312767336779 82456521088037864
15151662082 879185293532158
35657450677 3174071743824973
310451906326 81542573328331050
135336534454 23470106917537674
46667721787 4752438560197343
120095329279 19619213340884859
54100597331 5931914095174120
21057111154 1440418707663234
13524943747 741468974522263
99220646779 14733141546314984
378464355137 109756555312085697
404780879647 121401206789528667
146481464431 26428136985847051
463886270446 148939655595225730
287713084597 72749883815003213
194923006877 40568350806691877
29969273077 2445712457915648
393154357171 116208433841742951
427766626 4170439445250
137046280492 23916266183662428
118106991172 19134001843137988
40531173256 3846583977268320
390028627237 114825337925958493
673463351 8238477197251
342722865487 94581800393775147
156693897956 29239551440656676
499638565342 166485732181593378
453544785079 143987014101260099
170583776561 33212320129262976
195095372879 40622173255163179
131976980731 22601629850776095
478436152702 156001603088864898
98617512217 14599007783860032
337821039326 92559924386518050
366727179991 104690586011748360
174335972371 34314142658242055
125193825079 20881745785660424
259760102254 62409615821223554
96722355577 14180206625155648
269902698256 66100340381743320
221784327046 49236712029528130
183665574082 37105160048036158
321067689112 85760604484366618
4171086781 126987346746176
211005345877 45691238266869248
262534536037 63412154277299997
38810790922 3604293468460342
45574371187 4586407227519143
109688741254 17125191291506754
146786894401 26510838495372225
113685093362 18069563479647618
4793135096 156428757058330
105226469377 16090880942538752
438901579417 137070426257818432
6330093904 237412281975834
228202479254 51389372708617154
333522721357 90799003882457333
136877229721 23872027624096576
152075849251 27956508903777000
458365304531 146288662037620551
304482035342 79201867033681282
241249514132 55858912502586362
433661241952 134622904877253402
110196580531 17244258833480551
42941642212 4194782947436068
163408153682 31138894357869358
129098302516 21866197120056276
93363199022 13447941824217938
499075927351 166204594348090376
399178719787 118889660127503343
363318026236 103234152823335290
488953199387 161173643114596072
181674576721 36503448793606705
316581578471 83969464711021576
102954740879 15572625241437419
152883210242 28179433312174082
158827834246 29838879334948930
437025081872 136192311389803992
248847840551 58518560488762376
43801340254 4321381827869954
125703737716 21009452302252026
2485160251 58400437558751
26322848182 2013215300525962
174059735137 34232618209345697
103723499917 15747370906702528
99242921404 14738103124371834
132140922487 22643756571663368
150927047579 27640326712841599
340303012567 93581853810087203
73260455591 9347521310477651
156051335792 29059879751558682
45736640236 4610924140047226
58835304997 6727424891268992
3601925251 101903267974376
192617796802 39850824392644098
22541695957 1595403559295533
30179699722 2471516209397442
159146433226 29928706891180150
326158571 2776587931951
60035109817 6934255301127232
456534556832 145413104369981512
9386760637 428709002984197
13012652 22121511802
495823259206 164582415740565370
72913685002 9281231573282498
168394065946 32574877824600230
12944163652 694225699812548
2797183411 69737512063976
21934127629 1531338431934144
125356003117 20922334773904832
13447262011 735090095519976
199785002671 42095632393213576
45601849001 4590555731736000
447335501386 141040261120788726
298501351471 76879819075475080
47041186357 4809600656112333
163443599671 31149026744480451
438176709454 136730997361100674
413354597231 125278684620183176
79097161717 10486569872102157
291069621691 74026669629901151
454621649654 144500127478210634
2368956529 54352548995089
275979550331 68345231721766120
50163222397 5296266463034688
140504860357 24827302495342208
243748951156 56729237146358676
256291843276 61163877537065850
32337932456 2741318872397120
360038492452 101839527872891898
432775096076 134210481695325050
21164782412 1451480777952122
170628170707 33225286161025512
457255323151 145757602758630251
32426494454 2752587834886474
135698879362 23564427032277118
94210335776 13631387694054600
22032258571 1541626508697576
90976076962 12935494153844318
185819186632 37759697518606362
105906056566 16247012836078026
1284712706 21706505914370
352227772222 98543585699910338
427480951762 131755329079688322
36300977629 3260384406254144
16098728767 962891798888507
1274847266 21456954367710
200466371029 42311167313163309
386890741777 113442426777890673
103885708291 15784325260899560
22953780931 1639351382974551
111313425862 17507078784087618
381983012327 111290750642054152
2818540741 70537740147901
143645052016 25664247455427960
152345100079 28030787471103624
209605786846 45237400391917826
60859150522 7077513478271042
4122183802 124760640950598
125980163947 21078791065006767
1177750312 19052859413018
105397653251 16130162251492375
9388130852 428802876756452
157140945137 29364771277179793
171571154437 33501097996528768
14215424806 798968474383770
2245873711 50172070123851
79078866896 10482931832599576
272739498896 67145191754700826
2297297 1640271488
18816046 38466274130
290789675192 73919898593015578
306979610791 80178367318432776
127010268011 21337852036452015
31452702646 2629529815246530
149829675167 27339420828087432
188104938121 38458556212415680
341183018486 93945085323689290
56005853222 6248012985669442
8436550357 365288569627437
8005616381 337660887802176
496246570681 164793230361363520
134045216426 23134997948524950
102380896 488288629530
88391413741 12388174491299776
296854773076 76244575723717626
68395435879 8432040118674579
60774401842 7062735045228878
485375038012 159407678942954572
150996831031 27659498844070920
81276854611 10923013229720040
72879702221 9274743784601205
1656720704 31787500186024
63700761712 7578946760033818
1376971 761007080
74068808942 9502657843470482
117066782002 18881779313946498
135737954062 23574605893958018
12604194607 667055992690312
81185761582 10904655000598658
491375019454 162372582095811074
60267149791 6974496265994651
207863854066 44674653819905410
431959564129 133831296010801569
3845951957 112432559569408
58616312029 6689899230868709
162312374162 30826203788852718
78514758316 10370962083052410
317198558296 84215054166738576
437160653827 136255689787602152
210475586029 45519274356809664
57338355481 6472315341350720
4273177682 131677970332462
10892806201 535918803316800
890398901 12524350969600
34195701404 2980907682963834
153619533487 28383257072539272
79513342372 10569443557301242
318202930126 84615356435560626
5772375182 206737617214962
132050973187 22620639826213143
60974335867 7097615942937832
24347734786 1790930095977726
159534257092 30038173487372282
39308575079 3673858044220424
330360661 2830420040365
257386264027 61556069928068927
111384684121 17523892455475305
231950988857 52660760804614208
1171836667 18909537715432
2928458716 74704005743276
89211404 397169179514
140174799941 24739870966339901
180582169966 36174701840443010
287800326587 72782975792398568
33447195481 2883571915110720
101033890441 15138850788052160
28503288181 2268472194428301
446166224662 140487631045601218
7673313022 316856672471042
1133951254 17999964253994
293897891 2374988873335
355349368936 99856489265688090
172966975042 33910752013959682
118720655561 19283321200475840
178435315192 35531526922389232
78690800542 10405861621803778
84830187152 11647099866057048
187214782372 38185887136187492
186892446511 38087310054741640
313512023477 82751185085258573
72573070691 9216271966516151
16173101176 969572024587376
490090095821 161736102792835701
81885581642 11045955535867382
5958116542 216796000647682
206666312596 44289141899918330
72246937627 9154216808470248
344057107102 95134657256815202
175866308986 34766952001734726
74054568826 9499917568106050
263179840772 63646096793580292
126439872757 21194272938106112
24346631446 1790808360613826
332624109379 90432290612662504
2320678129 52699506117504
11984383972 618462124567588
248377510837 58352736093967693
218452237579 48131290236571624
43769380516 4316653025033210
270548692 2097654207482
112999965316 17906464170806660
2923562812 74516743524172
262435272961 63376193895229440
490080195466 161731201946329526
33510592171 2891774211174255
2533972456 60129477113370
22053255121 1543830773800576
238986905047 55074930580050467
31394291177 2622208170725977
24000542687 1752759632577672
4575752617 145908549012928
111988696954 17666627570031174
439205191231 137212679400023176
62748125386 7409570554358390
436772693567 136074348817954107
60620401307 7035906877929087
212584927276 46205263082230876
1574250217 29443726596032
221436806329 49121031499330624
43473126412 4272901140021372
42179294236 4083574311887226
4856396182 159535852241858
473749399711 153714941061411976
2079318829 44695651378624
209044163504 45055706648775194
330368657654 89514048529208514
43644908077 4298252385738773
437688181921 136502396880568576
37681301504 3448102856909544
8649741629 379221972586304
28971253829 2324566493637949
12863679004 687760885948794
24110213437 1764787256356672
186002728004 37815656622715844
180072307261 36021604320788101
50785323052 5395094152436602
358970083642 101386553170854978
24950317421 1857825585634005
123067775261 20352087198568101
1462242082 26357888392158
484618648252 159035201783372748
171928668422 33605865244828738
174451135861 34348149343095040
438046596002 136670099906651998
24112409402 1765028368372802
51788722696 5555773330688480
338202543142 92716761658573978
107128204 522642807674
410693923361 124071044941885665
38784327817 3600607713623232
240191379157 55491814646069037
10281421504 491438239424794
348942154 3072551997634
237288504961 54488875779326976
190736805431 39268512028935176
298284273632 76795970805536008
453381329 4550588419249
379673772716 110283081413852026
38364361501 3542283802536000
2525721202 59836019136898
219912146029 48614585346148309
14215762037 798996905401997
157943075704 29589898165832474
434834543081 135169622220979801
227028488204 50993322792926074
21358621222 1471466611525442
202766353706 43041416667950870
155273533279 28842886932456584
466712766731 150302979675295720
1933766956 40085699861370
1062812461 16332947660565
184391159176 37325257469167200
202009888126 42800777710490626
333316121051 90714648873542376
17692027672 1109319621872592
239929460122 55401071942905638
165883104037 31849003031807872
150022425967 27392194697877128
294704292586 75417579046666690
52611354391 5688672842215651
236520376 1714615060250
10335553426 495324507667950
186407936992 37939296736493832
210082592302 45391845443817602
297698326391 76569795738237960
165207004337 31654488066374097
182453000776 36738310512989600
91221086279 12987784601429939
37375557122 3406221398495742
462465662512 148256008846971418
46034123879 4655983357572104
820874422 11086456345738
340432548086 93635291486508226
319982800232 85326293527598208
412718377381 124989559425762176
483871701931 158667660105388520
10272676117 490811343838957
208037333242 44730592441236678
2965385567 76121447556232
241685933626 56010553994333250
16655953871 1013314921725576
351357098341 98178425680623901
138358777781 24260658249137920
25171958126 1882635920351250
460657451027 147387351456728552
53775765226 5878569476919126
125982171781 21079294988674301
29053635986 2334488705271790
178783761466 35635656092499010
67578298067 8281382536865607
242420674666 56266161818009026
136275671081 23714828557534745
98305548937 14529789512798393
498785238721 166059405695824705
450661666891 142616240884403151
281059907132 70241086691393612
427480027121 131754901599661201
267126774202 65083212478352902
6343941121 238191728051201
7011825832 276780138420762
186243115087 37888988928514347
95017264486 13806895357908290
55693363132 6195793826385612
16004841329 954480722456849
308490593422 80771063774227842
459679881529 146918440162750089
457967087491 146098065105187735
40516084792 3844436232486682
445256062616 140057966032867610
193601575897 40156516203677417
250432029904 59078251492318234
133587686 727785724226
69917992432 8715161226910712
187950403279 38411173318000264
103739897251 15751105239649000
347877670141 96723675488112960
60411315811 6999536969567976
494450981831 163899622556039176
271022828204 66512254315690874
132979691329 22859696532000449
32712343654 2789065324225114
2043618347 43549507017192
10583015356 513219802114426
17701998721 1110257558574080
15958179227 950309573086952
196540988204 41074511502207324
3226574947 86396921884392
43053370081 4211164936805120
22899391022 1633528058697042
110650545952 17350927693470152
363613879477 103360275357568077
173720051521 34132457816555201
299712562426 77348219644418626
159019519276 29892913285929850
78431563771 10354482761602280
2467425877 57776421907373
3409521754 93848222841154
65493948004 7901211718759844
266809646279 64967348440484659
1788827392 35664448029978
329680526056 89234518094610176
88271204366 12362911798964610
53624031329 5853706508154624
203423440936 43250807087219226
278503861286 69285076595783490
465845576662 149884261473053122
46083595846 4663490926632826
98180104376 14501986857465626
8789324821 388438351002605
431484734242 133610686241102082
83395892602 11352960846491202
226439936167 50795157441387528
48346039582 5011099233574658
190525632572 39203316260956538
4136815321 125425482716480
1343981 733814720
492713137 5155421811072
57750540586 6542231490151190
35902218667 3206810106327528
355484266456 99913355888729370
111862371511 17636743517139976
234017270516 53366000420736276
327971029754 88541354990138054
5934778879 215523473323144
208518164437 44885759089248768
323384502091 86690545834742760
88186770497 12345177815384513
2833426282 71097276793558
214109536921 46703213700094505
255746580079 60968791207270024
367662986317 105091562466135232
17209299004 1064228786964044
2562528256 61148757644570
212315064067 46117308924867607
117537094591 18995679184584635
8645533261 378945250294976
344177398957 95184554198104512
292694743279 74647501417584264
64764184951 7769521800133251
7993347142 336884944281978
61006118254 7103166037646354
398899993807 118765159990076587
94187765254 13626489354724794
142342336462 25315916672240818
20372215879 1370717382598579
458062796941 146143866551471285
1557517579 28975537904399
249735413279 58831919454498139
4227447226 129569848389126
47282276342 4846622454365378
2924572 2356231788
436201817326 135807655409322626
378206874061 109644568101066101
305159765836 79466451182029690
36188166907 3245197993009183
105499144186 16153466295964226
154730672779 28691760230671759
223104318067 49676928037985703
151404314341 27771538230783901
109577763871 17099208267247451
256201641577 61131590492787648
10324054666 494498129136310
423052352881 129713210057064320
165335213281 31691343458609920
67664720257 8297273547226112
281803396954 70519985005719874
126098653529 21108536305128809
119293899286 19423154329640490
127741620332 21522419160353658
365338528207 104096515740137387
373294225432 107515207358232858
12426840076 653026303818876
97916179186 14443550314569090
335461995451 91592083183853800
412241534056 124773007699490176
13507186981 740009248446301
285237156754 71812827849726594
395776372279 117372892143685059
150237774247 27451195714486867
45917378404 4638282756510884
63549511796 7551969784027130
464639806037 149302708874511872
488702053204 161049481024455674
256950940016 61399968822941210
582036022 6619107676938
44730255451 4459576648493800
412231546001 124768473102544000
312752309717 82450578658910253
46429729357 4716130712793333
415069371641 126059058584208960
278683755736 69352217612520976
311825285471 82084264497341576
101029395296 15137840473871130
127115122579 21364281023896199
25335792857 1901045881382208
86354407154 11962416960099214
151000677832 27660555833428512
133638037579 23029664832283624
351121581001 98079727545784000
2099422802 45345433143598
56376622579 6310160196661224
166453248691 32013342992546151
4091822417 123384813222528
124559437 655265688768
2192113792 48381412842778
4103591122 123917509035138
148472445202 26968782400929902
60838568254 7073923405875394
2732933347 67348587497192
39072843286 3640859634700226
151406102 878155403202
217604353957 47851342505153408
142973166431 25484395024016520
449085177622 141868552427428138
16047271676 958278875523450
267066110747 65061043504006888
63966239327 7626374884000027
12184619672 634026684736592
16619835404 1010020637293434
37673889761 3447085565534976
87682690762 12239480665928822
50651556622 5373792480762242
225454446254 50463919614372994
350890331227 97982850019273448
424875595291 130552657167267560
75340885754 9748507889740354
1915340779 39514118758959
298989098696 77068327047692576
399155488904 118879281794407264
441753471226 138408577842429126
57732886 206760716226
279123659221 69516491659246080
33136260896 2843455683918280
115852040047 18588652912595467
92555164891 13273737269686335
69333246011 8606058494609640
214511517502 46834800143522498
20390588597 1372572080953088
2102339747 45439971334888
116313156142 18699743655374978
21322 1457142
236747341996 54302580002519930
36343293211 3266086960034815
95545034092 13922089856249628
9333673507 425077270171383
151978249504 27929600165299144
14161014487 794385709451272
2464686946 57680247081730
189784368187 38974750465853672
483206922517 158340787888457728
315857096611 83681389319767415
191470643254 39495351643440394
219354092426 48429654588531126
328808192581 88880580948034176
63882570404 7611416616163684
201089916577 42508732615495777
309493681904 81165337067212314
32143420927 2716622648761723
136839560797 23862173838503488
307822510766 80508822933795026
500212636 5273575104890
363361501441 103252683129542401
13251838601 719124273630400
3266865697 88020251483392
446072710846 140443465265131330
358859094154 101339535415391414
44997450037 4499595012399872
132802345397 22813982113748813
323224482211 86626208321471351
16426415632 992440228831258
10739257291 524627037772776
181730640004 36520347108085754
69724422307 8678993949860983
356015674291 100137478083523560
342843751954 94631846696145774
188115365377 38461754079781377
357301125812 100680311231868922
421503842936 129001672635017840
17041441421 1048696222288576
394081547006 116619764042983426
61119344752 7122950303205752
52059093802 5599337305308098
50670973654 5376882808208234
434255615831 134899770036058120
472765876 4845535072250
37748864297 3457380732281113
1825560101 36768606034525
299556189277 77287693579370048
21566218087 1492971768386568
357503190991 100765730245556651
417488263336 127162610967366976
51679999757 5538287174173237
9891281576 463732954221376
230177393266 52057916696861710
8880912902 394525674847298
422667947332 129536454712608762
77416206329 10154064454786624
59976217312 6924054368176922
223332828616 49753268672479776
190245484381 39116881365280320
330276811141 89476722106265085
150275051201 27461413131887425
291196290232 74074997636875312
164433060247 31432311253937763
25226959891 1888809759081960
406454353306 122154842949695270
43675049026 4302705688392126
451914769651 143211489226522600
231362888681 52460609557315520
264737625076 64212022716793876
126385065704 21180494006471424
84256561757 11529162371731008
122050853212 20100351597724972
287430208111 72642619736675976
6828071371 265971588168680
385932518962 113021238687818318
5289112676 181326649939876
18289524397 1165987662976917
772854271 10127997629576
451165928917 142855675846482432
14582701 26244004501
147844809652 26797955945058298
42167386811 4081845210885215
330521492536 89576172126355226
10482434029 505920701927509
354289629107 99410127031694312
171117472537 33368306419207593
287085332671 72511917631435451
2261247626 50688126829250
236129822867 54090258524601832
22290155371 1568773705099951
136784636242 23847808595717678
103079566129 15600954894505344
186780580807 38053119029185587
402722161846 120476214086917826
343704872 3003636893888
209770275341 45290661068205760
2472556682 57956728672962
437953937051 136626737926676200
79030753666 10473366224759810
775766356 10185295102970
180407330182 36122177957644858
74900561362 9663171090107522
17883092641 1127338238152960
46076309962 4662385011407222
28055475004 2215222899173754
306752421746 80089376289341826
45177023756 4526557072456570
224699644379 50210708434445119
53717405879 5869002614340419
188503219037 38580765337493093
353934490576 99260691926273050
617673379 7236249549544
98888606282 14659246995540162
126492466 670578737026
168331975879 32556863012509704
294998406329 75530506961770249
243318345622 56578977120179138
309078413336 81002034253969690
8211659782 350780208213058
145484001406 26158653883831170
9560333504 440654891958554
2483539004 58343298328954
167771363431 32394357403612051
26671607242 2053358136358082
420683412431 128625215401627051
186804418231 38060403924743176
141878519017 25192280886891353
307497759437 80381451806151797
40981984072 3910938061504538
12633425491 669377838604776
139727217296 24621472687297880
163909327736 31282259108125040
214731653446 46906912883012730
169994350156 33040328555842426
1592426396 29955132972780
154653913936 28670412732786840
194685816007 40494325253511987
75108546832 9703448418760408
7496940026 305995104182850
227887093606 51282875959534426
366458313566 104575476026273026
12024050276 621535182920100
265824392654 64607821161862834
77251029779 10121584423966184
15694338697 926839634761913
392922065482 116105457948019958
368062695254 105262986341653954
137156245627 23945057393150623
383120124277 111788066929207552
5696446954 202671987431874
34154916842 2975576355449282
439487344417 137344922483289057
830016397 11272176042688
421048561312 128792719876573768
320440551526 85509454361729626
313243644296 82644950137007130
148243119766 26906323895385026
28167392576 2228491431201050
2140902331 46695934419176
247065485041 57890984417527185
71197454629 8955476900820829
213083385706 46367868091398870
410451975704 123961422086920474
144808361881 25976641074197801
1688938141 32719235664960
116979700972 18860715174505338
226787318461 50912089887941440
242133185779 56166101595441959
82240065142 11117760273266882
227522005166 51159687994055810
190013623417 39045392773374528
495881018129 164611175135712369
283571897506 71184864383501570
296698377004 76184330157879644
120166403204 19636632280698874
536592421 5859231530880
149887158887 27355155933036947
261393059281 62999038265953920
349396587892 97357845164782228
331898596954 90136578429847874
368536451186 105466287455177090
382756939517 111629147626018757
23168756692 1662435521983482
233358233362 53140725832039022
294868471 2386763709955
466533082082 150216187901734658
90073171267 12743402149186007
448646491141 141660727773723776
9593964461 442982121150101
222595601152 49507116659992552
312059875079 82176911324205299
443293510079 139132987661042824
183481978201 37049537287981376
247838624947 58162933728781288
226887678007 50945888624722883
220110485287 48680368628132872
398566901077 118616432585051648
100139984102 14938382128714202
215071250879 47018231653851579
453743861132 144081825664490362
19307 1255087
239205423629 55150484856092469
126643617727 21245522237520827
80004600067 10667546691200232
275067232906 68006614084319926
30590392879 2522137105847944
87981525461 12302104779389440
358444094779 101163796351406559
138296186161 24244197310219601
9743451811 453375804127976
375007011562 108256024079598018
81074584504 10882263130179354
469261047152 151535654391158298
353048263661 98888112555478976
480069178912 156800995332188872
26351536807 2016507435080712
160576995161 30333154963285865
146276398522 26372659477887042
364252889576 103632861108057626
44726666329 4459039908757824
460613298916 147366162251564026
87997466404 12305448372259834
207765216037 44642858245659997
51359003257 5486767916497737
85948031107 11878075197951208
238747755556 54992282606792676
4284741307 132212834324712
338107147004 92677535744373644
5534519446 194091907361730
31922454151 2688658060218376
1118006542 17621646477682
144457156279 25882196081325064
449454863887 142043767545736043
179389418672 35816891332450842
33922701157 2945281990294912
300384966872 77608661581434138
153746492461 28418450418030101
400261491841 119373720486261760
289666669231 73492103095555720
60974335867 7097615942937832
300016910272 77466066328571688
70132053422 8755215417398738
264823494797 64243266779794613
140348523337 24785876701555193
16771320232 1023861148085312
36341406004 3265832564531194
415808618416 126395979195102776
268148122004 65456833618518644
90965413312 12933219890549018
426918030529 131495164889863489
448482630904 141583126187028464
8602981207 376151015061512
1931596 1264552826
111240775361 17489942147223040
95468987131 13905471674865695
421486398181 128993664236450176
195078507626 40616905916210626
58270664272 6630813123286042
3798999362 110379926521022
9761467951 454633862265675
190029035317 39050143298901453
3516962647 98319035494563
196401827171 41030894920192951
214451916779 46815282337125864
64787580596 7773732220792826
291496284031 74189496572662920
428355184492 132159711146626332
42131384341 4076618705233901
12431885404 653424040901164
141426626881 25072018129400320
2634182237 63731405090368
1405533691 24839528445160
52025541166 5593924921159810
3897871072 114716944288538
3248220301 87267769400501
41567238616 3995013447829776
456503024342 145398039265661378
251806883654 59565421942594114
216663337 1503282467097
73776584002 9446476776845502
107411721796 16594717174811076
408798314156 123213038282163676
447369553372 141056365794744492
153916777379 28465676642396904
6524075107 248408509158583
497148576941 165242741152891285
446187006841 140497446920755776
100538230321 15027583337352576
5836698947 210202875949288
65389032529 7882233741072689
48549617029 5042783988187264
21862345961 1523827375967065
497894720779 165614886938290959
110316795187 17272484484067047
369395480686 105835252908265090
87688134811 12240620573572840
60530947831 7020338975706120
19221624416 1256248485462810
303789468602 78931794890565698
3195481597 85151063329088
216673849487 47544742793371272
13147851721 710676446566080
8866392031 393558454096795
8766932321 386954858872576
41470128022 3981021703295938
23052876004 1649978862961444
3613732606 102404750067970
2911875142 74070338662978
193922170607 40256303396722312
240128311516 55469960131740026
175521311317 34664698393153453
199530973042 42015370014523778
156279352916 29123595092386810
133633384732 23028462113209708
367573810529 105053330197380864
13280669777 721472385744177
23754479596 1725873797032826
3151902107 83415089314687
325660412491 87607318759862735
14581794152 830054050422298
314994528622 83338837425285138
280853015186 70163542813311726
441934900297 138493853678967488
13702987379 756158249658344
7750560757 321653438539008
393392039537 116313830938456593
28977512692 2325319824471828
247189218761 57934478769140601
371767279471 106856201681938955
86878418062 12071466595265922
65402413616 7884653376131610
26686159801 2055038898722825
388980081211 114362607417136351
4477529 4464098409
209309999537 45141678290576593
59865785254 6904939626688794
67943854136 8348669021060890
426570664997 131334709193217117
210637170097 45571702812868817
411117276607 124262937636914312
390684243226 115114982039049126
290561672 2334663050592
104234246237 15863826872098368
19409523826 1274714007562626
118879074211 19321931074493815
110998935362 17432937793593022
301399644602 78002228023515202
1257486176 21020138951450
228062656136 51342149337754976
14548171177 827184766285977
4022731057 120272954112337
125307939421 20910302928768576
706560437 8853202300672
36791129431 3326641659622051
177750174442 35327076919989078
453726714107 144073658437887208
242063601529 56141891790952009
481867935851 157683090252984751
57577005497 6512765400013888
119104454212 19376905148651972
73358097131 9366215125747176
51317987897 5480196609746313
341442448897 94052257389773313
97628304382 14379900752096258
61704615457 7225507629223137
23699584042 1719894613795778
312569641154 82378354065946114
382575849086 111549935773682690
25458622777 1914887284737673
286833817937 72416647181241393
28090543826 2219377686762626
155143717096 28806723388750080
203274850079 43203426811665499
2852956954 71833652209474
436730635937 136054695014076672
118908332281 19329064682041545
14310005726 806955533007650
46646033204 4749125932769274
343205710751 94781748315813000
498859151512 166096318501273168
3274225504 88317867390344
35575513912 3163137527140122
250795220566 59206816089218026
66371999971 8060636032720951
458220739396 146219459863873530
781251157 10293504853933
375454884526 108450018244284626
1089347827 16948436639527
36845944454 3334078975990074
199448227154 41989236918471214
403414404967 120786979349109907
33318517012 2866947327331322
261667163072 63098158036501288
27426342322 2141128834664142
56143156687 6271003458305672
175047640517 34524471091921853
237877876126 54692009060470626
86610595702 12015690033405898
420901748752 128725363925516248
132330687379 22692551484614279
124365557086 20674861851794690
122564232961 20227306477560065
177855127906 35358370133664670
46213928191 4683288673793160
284176950779 71412815200412959
212988738116 46336977909999610
80709767336 10808894171206976
491270186 5132790924226
278082344731 69127841218372095
23711995336 1721245837586976
365308610942 104083729430164482
57921954262 6571380862477418
351937427879 98421765268916819
9332034037 424965276745997
191502204502 39505117435266498
52883861591 5732927899850760
457978572097 146103560773402817
394121498366 116637498591521026
191909020216 39631067795545776
102241741702 15411136291107898
316280074117 83849537583144957
329566042516 89188041269001210
408059004529 122878944054088209
185378691652 37625509737348548
10634434042 516964652558278
4634485951 148726833546376
1302974677 22170982812973
312442358257 82328040663982737
210955327832 45674992805978512
13550283754 743553754065494
13192320962 714285026274818
6798771137 264261435401793
3669117617 104767984492928
47628861842 4900009677648878
2913630617 74137331100457
258559236496 61977338479867930
135770260061 23583022632422976
430527506416 133166319500982776
374948123596 108230525634472826
142804773101 25439385085341525
3712936052 106650375215098
120580519822 19738227225056642
131634009157 22513583976479037
165167344379 31643090171200744
18054275254 1143563812806794
391938690397 115669860834163813
132592673242 22759974337910082
493833630206 163592760512634370
172410434506 33747216159582070
129766849291 22036271001457935
23684128904 1718212499743584
136288200917 23718099317732653
454281298706 144337888475895426
238840359941 55024280964028285
351949173592 98426692469254032
33539075516 2895461928544460
44384270771 4407935083278951
13841401772 767644142386042
112005735052 17670659461284348
167338934842 32269193958157378
392000668642 115697298680712478
373223376407 107484600172027912
281130387721 70267509599942201
246798438331 57797150410182495
416582295032 126748912504749808
133893033941 23095611103929901
7265729332 291949114189012
73538617772 9400809203139292
419926096396 128278044100102780
174550384129 34377465420754944
36608526992 3301906092223832
8934034957 398070817656512
474670679312 154163543227600922
178410225841 35524033178578385
10050287977 474959859407577
53264726467 5794971426012503
195818765146 40848316593246530
23014027612 1645809828102522
27492428317 2148872346412453
327308864071 88273345890258355
355841025079 100063801003202499
74240182447 9535656501024392
148153834312 26882019390160922
144539944292 25904448816370682
114446436379 18251383590672104
84178994456 11513245251015120
70626913204 8848045517230074
311588415821 81990752562832576
17413418891 1083219135657960
398562436972 118614439763938588
76809069712 10034848927901722
234745751416 53615381883784560
17050119454 1049497369621474
107250950797 16557473284983488
301671446377 78107765324962752
32680634312 2785010975604768
42596237504 4144273139433754
285667838779 71975535542679784
1514453131 27782137907176
357980257441 100967496324530785
349084852396 97227578536360826
384051187906 112195817916004670
486600496796 160011760965067130
354217240456 99379661272550426
245129167021 57211758517888405
196795617397 41154358700252813
5908442866 214090457841026
127928706577 21569718073067648
56737161371 6370788901928680
229293486646 51758342309890826
254889075079 60662410386927624
370989905654 106521218641290314
456266087746 145284856015501826
157496571904 29464511171031784
75771989542 9832299649878682
476150881871 154885215760940680
81501984454 10968428398775874
268435269256 65562003814612320
496322287771 164830947940089576
138418752782 24276434538269058
6963829121 273943110040576
10523595427 508903535620727
26579072081 2042681426794801
24472351996 1804697283191180
158759644817 29819665326707953
239360383357 55204084148058437
67287443591 8227975889995635
2697634879 66047993214779
275599296379 68204027738320104
379447241086 110184395796788226
61866127 229358362248
358224834962 101070987836082818
65666698801 7932493437603200
117553095004 18999558164709754
19986502279 1331973795847539
19249280156 1258960670173676
377264684567 109235103093531107
419161222201 127927725575540800
219599893282 48511080425724162
68393956477 8431766540629573
302731087556 78519664911006020
3849636386 112594165076226
16237371529 975357258038464
10823692016 530826327638776
312123079279 82201878610734859
4276783856 131844692774426
341912814454 94246671711662274
35845700629 3199240729883629
241216173452 55847333342763898
7753673657 321847239911433
409932074917 123725972140102528
31761702742 2668374758163178
221096872777 49007964325405177
22916514742 1635360686323082
105936433957 16254003623052637
333624820232 90840700552594458
169044667786 32763843073111990
33385150801 2875552065731200
283931988529 71320497623117184
220861533754 48929737808815494
310509431129 81565238388353344
1531340812 28248133548922
4317667202 133739741643902
9552729754 440129286534694
367560949529 105047816693111209
25300238986 1897045652972226
393461229242 116344518181304582
427419003026 131726689962202350
324511389391 87144072166669960
274100892622 67648557134424242
347958584437 96757423505926797
99520226731 14799918304735720
46632900316 4747120442271660
8420450879 364243443759419
45198969454 4529855785203474
17390845252 1081113489111748
112102308754 17693518432758254
84597624112 11599236640686618
371625878261 106795243514073101
46573367401 4738032861553600
147674657531 26751707236075551
52443135592 5661411297824282
210881286029 45650948156132789
40494737992 3841398337340832
145970419771 26289953796409576
16039927387 957621091620543
6193010279 229742102394259
120717570481 19771888238318801
864302677 11977794626477
16376608732 987929839617708
155290809052 28847700671122348
47111760362 4820428208684118
318313827106 84659594294515970
4039791442 121038884647982
160394001772 30281318241586042
5041335079 168735165606099
37775246681 3461005876343145
15200791981 883464963121301
287305119466 72595204135069526
2208366112 48920462279368
83581409941 11390864593611776
273817390277 67543630929682048
12052756171 623762272635880
465072739021 149511429116867701
394235148862 116687953359943618
10811483629 529928474001344
135184660436 23430610901095476
75478363247 9775202824377992
429900453886 132875495189669890
259037665426 62149439186035950
457679062397 145960260505914688
48997177321 5112675797338201
108378410807 16819245573448712
309132665552 81023362509037848
290631835622 73859721546305242
9151624406 412701654303170
67408556726 8250200666496650
209800071496 45300311171276826
2534114837 60134545129472
188713879 1221985284104
8118119332 344803588512762
19804579711 1313829216633851
315227131067 83431164780032232
564160846 6316532907826
70527351379 8829342628504519
82124520727 11094338379481827
46277490107 4692953994463583
89994243376 12726655919624376
137273590379 23975793475174319
57032633981 6420619868538176
470922993829 152341390863690624
21013217507 1435917205260008
329637490904 89217046188690714
344666248931 95387418390954551
397555973896 118165429603044576
350366949352 97763707401128448
13735122412 758819729632122
347960252872 96758119423929888
7648309361 315309201799040
157409591329 29440105987181824
351287524504 98149265963610394
21332793847 1468798411160067
273219777721 67322628256576576
314981829254 83333797620772154
44516654921 4427671015296505
99778709122 14857615201248638
35043501431 3092448827456520
409676773972 123610407421928442
41637043879 4005081129928019
45892229321 4634472670412480
12728021476 676910123590650
273042394801 67257076885717376
48477662377 5031577374420377
454275579611 144335162808120040
450210823966 142402283902177026
168193910056 32516816502239770
455886926147 145103793837039063
2627218829 63478861394624
205747332982 43994060640192458
309597542606 81206197035907970
416731091212 126816827470969722
132281304547 22679850133766967
190318278404 39139334590750714
5266817662 180181343497218
117841774129 19069587976383569
40891851232 3898042980115208
98554458466 14585008605707010
315361333291 83484449437767151
76642584887 10002240540938947
208465213552 44868662797272602
58058518421 6594634873594880
96992595704 14239676960789274
216542869279 47501637796000859
426335165102 131225963819011202
337292716447 92342875600352392
3559781254 100120034418754
495069714154 164207363163070914
200172677357 42218219209109333
130000279754 22095757549288054
269497288204 65951466202201724
397226116861 118018395085404101
257891615291 61737447459837151
308488236982 80770138307160458
101262825407 15190335176778683
472271965627 152996438865228127
17542237087 1095261267476443
11762328754 601352978426754
8493671281 369004717666176
3884285731 114117725311720
8048950004 340406193653754
3625985062 102926003365018
489524945716 161456422996566010
379916062087 110388664277954568
122435539591 20195456572939635
466174782154 150043170776324214
149443998572 27233927080132892
408562349276 123106372835049850
99192138907 14726792351448808
364183757291 103603359458469935
318151876142 84594993107308882
29411976917 2377811274016557
282017397754 70600329360036294
102406860767 15448484574446728
346341253951 96083606930826376
90932999654 12926307767099714
308555006267 80796362611562728
156295566352 29128127420607448
7177277956 286634164956676
226064578216 50668908884032026
489052093537 161222543329711872
93827871029 13548463093263309
332356637351 90323233906875400
143330060122 25579876946896742
16879366981 1033771204418176
128777177 688829130473
7104856411 282306732999615
3609992936 102245829982976
272258166742 66967522779466178
224990009416 50308066092544026
493403402272 163379023916982042
307075995682 80216131689883358
275477551717 68158839498016128
352038111779 98464003750810359
337562988631 92453889225734051
34678059691 3044201910796776
18574642912 1193358891748122
361695112027 102543216691043048
334742393311 91297528771389851
8549807996 372669031016826
47645838472 4902629723405338
15662464567 924017538891203
284942666779 71701642936325864
493235535079 163295653011111699
220335466366 48755024101201026
420217573129 128411626795139129
349494399541 97398730238507776
207406963831 44527440573106051
476291416007 154953791535872008
145172386867 26074654359519207
59607930727 6860376094151827
2756568376 68224148499376
135257986217 23449677070788032
632736952 7502572975898
170154736481 33087098973328801
122782286 641291890226
363164605126 103168769463709250
265845538207 64615530365285512
253210407529 60064125173897689
63770382757 7591375161191133
359382843901 101561471892706501
421986011861 129223088468759040
138931700629 24411503875605504
36480381329 3284584093899249
210633275776 45570439003478376
259702443254 62388837348275394
118284940921 19177261473650505
111280822 553325350538
420654060607 128611754016737083
116546713004 18756095617481594
5007052486 167016911807226
307217074012 80271417995130668
89294746102 12578563939770698
280380298381 69986473960176320
1424418626 25341831810750
83877273832 11451400728369408
449580022921 142103103785494201
399569278486 119064186362892226
348690576872 97062903740954138
188683166452 38636023050897402
22443706912 1585011988444872
339340108111 93184942841847851
65920260352 7978482924585448
143616645712 25656635034653722
101725080986 15294467651626790
22563571097 1597726469520192
104025235876 15816135563205626
152406928951 28047853553697800
439300794454 137257483157403074
84576236122 11594838131026242
32907027154 2814000551209134
178603220279 35581690750821384
26113780312 1989278147573018
251321711852 59393352232184698
210131858504 45407813568278554
1995004 1327343994
33285741106 2862717973499470
242324594029 56232714442728384
25423208287 1910893079028872
322256363521 86237306741784576
277792318001 69019723746389376
10992960227 543327059318327
1937251136 40194086611226
370612716041 106358807862736185
96083909266 14040037045998210
81465248482 10961013408108062
422081559937 129266979934624768
114109393504 18170817858359944
75445341682 9768788583480462
96850386556 14208371393067020
149078475704 27134071520200474
131110658851 22379453173830376
448316906779 141504656310789864
347643322042 96625954907734278
26481634454 2031459142388674
24553169201 1813644396348800
6924232361 271609938671040
164275394222 31387113922014338
44382781081 4407713166394176
162132380404 30774941610257684
25500610696 1919626471920480
407879249222 122797758288374338
10401074336 500042049873690
231957118829 52662848388033749
106536126004 16392216539955194
171671923991 33530616850464776
80160680602 10698778837947202
297537851167 76507891256759432
474478753441 154070052105074785
184617721 1182414976576
115063960187 18399302554022047
66997582432 8174866348376858
86820070052 12059307730500602
95329646336 13875039365203226
92283020467 13215236141229032
34890913204 3072272841136724
84108845297 11498856676207488
381910469497 111259049098877513
126461497156 21199710306740420
28203006251 2232719193025000
55368768379 6141706807637919
353886535279 99240519051029259
170572094851 33208908576390376
60884970491 7082017997804776
92990704 422673755674
151747333157 27865969777319808
17021693287 1046873854557843
269630922341 66000526802041885
137277258211 23976754401310440
395734557836 117354291657743226
33977647 93347927688
138359303821 24260796607915701
22877781466 1631216322377026
371453474161 106720935665699601
270319442122 66253493134978242
200189761391 42223624093488776
87304534454 12160386690772874
33977943587 2952479430222568
198631166329 41731481100700224
464662942121 149313860495920576
200453074207 42306957665637512
53665302692 5860465715395578
224715733607 50216101410935187
15445173647 904855498226667
423072589592 129722517421312282
81476147302 10963213111500098
172004908027 33628220888995048
137267302781 23974146232959301
225881720912 50607444280456218
257275067182 61516183730808962
207600871342 44589899153073282
143639156137 25662667395231168
316034362879 83751845127943304
18292584629 1166280318318669
33644309701 2909100097549501
154128239237 28524359107722493
65351066629 7875369904946304
172685360404 33827968429586164
255218329577 60779989970909273
260353640801 62623642283268001
34648651 96126912975
48518461279 5037930599933064
31644991 83901424776
27041960521 2096274751769280
173116988737 33954877642952897
268242599927 65491430772665352
3989254504 118774733910144
4537662481 144090447039345
51475730231 5505483775610051
150380328737 27490275995132897
335086952762 91438527670240322
52881910292 5732610603510778
399866123504 119196892488150554
229807762276 51932570940281850
407567706977 122657093847623073
204156985516 43484961549034460
48043645211 4964157685278440
25681371662 1940073540985218
33449523277 2883872949181173
1290701029 21858452193664
191160738682 39399502647696962
5386856707 186376264036887
89598429587 12642786407155847
12158719771 632006200893951
32022338986 2701287101784726
420921016441 128734203054916160
449568644107 142097708899181583
28374503311 2253115268239851
91815766504 13114994692972544
14119645036 790907210255226
9557706412 440473271893468
36933407221 3345957405096205
496243581967 164791741627628907
86008159127 11890541991425123
6940599472 272573536076088
144663632887 25937707164888072
210415899971 45499913378361576
68704982017 8489347889892353
145944485779 26282947851652584
50400426287 5333877114164872
126744796504 21270987721884954
223241276722 49722678392254338
18165418922 1154139891336342
43422129472 4265384726317338
286179790241 72169105683269985
49896562951 5254091446763251
25795267681 1952994109970176
145201485496 26082494439510576
31354462154 2617219665085634
91554981742 13059158449346178
5451193906 189725169838670
110574820246 17333119089701826
238383041404 54866320271018764
200718460846 42391002963407826
402780499216 120502392894210776
273220516937 67322901476354297
275525058629 68176471557771904
4110660457 124237861272512
209388942016 45167218886388776
19500656329 1283702205394624
66249274007 8038289412608008
331908373876 90140561266784250
391351026161 115409808966494865
54871728451 6059192323846376
46329832201 4700918197587001
119317346254 19428880987800754
87702373892 12243602205097978
49814778262 5241178870416322
90203095654 12770984350675034
336270933742 91923582899816082
104147057029 15843926501811709
52848418606 5727165508409426
420383521712 128487701110753818
3034477657 78797292863808
9709141576 450983153537050
91060128391 12953424677408776
2375637986 54582658412290
296544332504 76125005964617744
169993183987 33039988568891368
342608622532 94534512578442308
13747555837 759850323814597
117828181291 19066288603805935
473852585252 153765163914923002
402215253451 120248819535580751
344716066361 95408099835486601
37772772941 3460665911491776
351497943577 98237465433327273
171626808382 33517399871864258
194732618557 40508928421371712
315841995506 83675388185943426
46398043001 4711303684567625
701457241 8757459859776
344535910357 95333316086942208
161423631307 30573366730539087
5527367512 193715806807322
4734569396 153570492993530
53980929601 5912243321125376
473922679952 153799283789391898
444447705079 139676728425040899
123001304092 20335600603687532
418121746417 127452149491270528
429930126542 132889252464117682
197116333261 41255003032168640
12107625079 628026548826499
114337380901 18225302291017600
55080630466 6093827191617026
209481491902 45197168075895298
397287620356 118045805778558970
65898476242 7974528373397678
205033346431 43765256273958395
290554075361 73830081103813665
358025104504 100986470444186394
289384355297 73384689275918113
267862592279 65352311676941539
119857752029 19561024846963264
154694515879 28681703930141704
381487585871 111074306990368555
28591458886 2279006126989890
8114934107 344600676938687
68273808527 8409558091751048
108062518279 16745764062057459
157758781196 29538123156388730
481175104516 157343136435475460
23672812846 1716981224927826
98300671504 14528708181024794
273208689601 67318530048616001
149791906154 27329083902443734
290452697707 73791444204289512
29494982882 2387884319305758
291645193246 74246352791624930
128978919461 21835873107246976
6978588871 274814503622451
394039822192 116601243211678328
165661421422 31785180826253842
9280191967 421428984298907
392509075079 115922452707197299
435755467379 135599257850554344
164453132257 31438066752267008
1955406917 40760457226557
126454959352 21198066353042202
248753315812 58485221258748922
919883279 13151571268459
409578115129 123565758079909769
28071111097 2217075068673088
16131941632 965873118766362
4259783452 131059337601402
24247873654 1779923248343234
451818754102 143165850731666698
182337640787 36703473064980968
27060335842 2098411783246878
275857721701 68299981126741376
71636234842 9038391507757378
416765783711 126832663894242440
237878565877 54692246938346752
91317216404 13008320111467514
262762839847 63494888497245192
17174994454 1061048257499074
489485117 5104840306053
38742283981 3594754475741301
319455032222 85115279330730338
267653300482 65275733010872062
375596145542 108511228832243778
43916551162 4338442895239622
22344451504 1574509223520794
30211646767 2475441630762632
183990575806 37203691720872770
9425027161 431333226438976
311909790754 82117634281564894
79891121 336581301201
60053476331 6937437639464495
363100689226 103141534547164150
447568215787 141150334160403247
234307129 1690604052544
18254732276 1162662153518100
210217261 1436694847765
194501156851 40436725676019751
3182783221 84643997960205
86685527632 12031286646554008
334763667382 91306232339540362
349588044029 97437878808408384
314846914279 83280262245438739
271982994571 66866021944791951
407565526 3878529419626
97160034154 14276565872170434
2240448331 49990376838120
271112656621 66545324535199680
24484078829 1805994622732224
36223687381 3249977157440301
33968298982 2951222429561562
220475556862 48801529593323522
70291689041 8785125588283185
89321371792 12584190334150682
407091142361 122442024161946601
496802482 5219738098562
126819322126 21289751429130626
386104735636 113096898252033140
329368787752 89107980786946752
92031868852 13161324178362452
20880993904 1422385463551514
49718554117 5226000087704957
187379421401 38236269972653376
476576451661 155092910099958976
172335279242 33725152471654582
411074659451 124243616147734175
43745122579 4313064942581224
35715958279 3181887101976584
366513962536 104599297597398976
170840290846 33287262576751330
69037148737 8550987267578368
73618025042 9416039875227778
29484540031 2386616264791176
82083998077 11086127973886277
6458104426 244650217344450
473208346381 153451687092848320
395513956504 117256176953536794
142614047279 25388437925058184
260164615792 62555454487665528
498785238721 166059405695824705
2116759646 45908283245826
403409015566 120784558881543026
37066157129 3364013222738169
5940990511 215861929629515
26705569387 2057281341594543
384407094611 112351814763825351
232617586322 52887934426624642
402742803817 120485476923700953
244903059592 57132618429152282
154286514272 28568308129030938
432217066376 133950984343604250
94240289297 13637889225615488
345913596442 95905697659420482
330848417629 89709107309422144
765480629 9983398389504
22622452987 1603984702643743
405586562227 121763845757182952
82403993596 11151018285672826
493041877654 163199491060816834
54841586521 6054200383148905
17321723129 1074674346493504
7251632236 291099855719290
24995014321 1862820095793105
288836101129 73176241106737344
173331827372 34018104440421242
75760311397 9830026671205917
445557144067 140200050586087703
282849392386 70912982599333890
333728568691 90883077440746151
315401043566 83500218477323026
12717812356 676095862034426
331160855197 89836212928867392
8917066741 396937281353485
943495081 13661179805120
224158309831 50029370135570995
1995004 1327343994
310564596904 81586975951723034
6041258161 221349685339601
10241595641 488585561744960
438788220446 137017326081753826
278478486661 69275607908558976
9222925021 417534113024576
230632209031 52212287661159795
191103239107 39381727401546583
195955215379 40891019888035304
86341524577 11959740179601152
125013250352 20836583502752952
38006209957 3492796032705408
14218291397 799210159537792
87093641404 12116351267547514
156317722 921232453442
27037542071 2095760998704451
3611329 3233345024
474925016504 154287465337254704
178060950421 35419765550842880
115492265137 18502130357219793
292462196807 74558557681305608
495208036807 164276187397377587
473132467942 153414779839068482
478961589481 156258664107018176
363299491 3264124844776
26660060417 2052024850450432
19226134279 1256690632431859
111022966154 17438599340055234
85070906404 11696710848417764
109447659454 17068763800247874
35031589166 3090872143881810
76403164061 9955408680572965
84466048592 11572186521572378
341391215972 94031089571798692
19642511911 1297734929564115
164119522582 31342452292941762
213097095031 46372342979591176
121270983856 19908006404774426
126045426742 21095172695587082
92880284501 13343738953408000
40037849777 3776570180404177
53366281651 5811552494490600
16572830771 1005738808290280
36515504404 3289328808727284
48452444161 5027651717758976
220164894952 48698419891471898
77763651266 10222498541086210
136141533529 23679823015225664
29511500932 2389890531470212
127409248411 21438474714463976
9460895347 433797819910567
36853545796 3335110765051076
229710825722 51899715409951942
16333471 31109821576
477553247161 155569974377638976
419693354291 128171412547602151
19083839296 1242765060204826
69548648404 8646195238302714
140159445427 24735806127461352
74864570827 9656207029523023
432274712767 133977783559914632
145492092736 26160836200491290
392765174452 116035924706193402
52241887181 5628854376419520
5753372816 205717598480410
41418881021 3973644607584576
260592545347 62709858754601192
9568631954 441228756755074
107025766 521893320026
388384063841 114099858659860385
3752941567 108378697610107
14503003517 823335509773632
48396116056 5018886951717520
263653083562 63817844067194518
247109069522 57906303806906542
121105565176 19867287230407450
261096697136 62891928019812890
33038250932 2830849493028858
183119903254 36939923524284354
174598836986 34391780514548290
416930136221 126907696444374080
402295081556 120284620205515770
110585636617 17335662429546553
2599385254 62472758780954
137102828482 23931070207168062
73745473036 9440502149135226
460178609629 147157603109369829
138233608702 24227743818854402
149762898406 27321145714639170
440070685562 137618464718888518
2895622 2321325242
17122769041 1056212300827776
128636317811 21748928161597351
3516878779 98315518615784
19845599152 1317913163818552
487534182241 160472526130859776
16829611381 1029203664386445
475077066662 154361565423400218
141121515746 24990926980781826
343864683866 95054858426315110
445197881 4427938144320
8346126202 359431489059398
311791328629 82070856757123469
363720484352 103405733701842202
32729995027 2791323076056552
97781254201 14413706525804425
165455418377 31725911018754873
417175812307 127019883569990983
276728941379 68623796341543144
225955661647 50632295299415688
213866175079 46623610343633299
471607436029 152673632468794309
15504812561 910101487822976
144173491711 25805997744354440
136209898892 23697661999679228
177952953332 35387546347045908
339247022779 93146602715615464
479707676254 156623916687348994
245890157086 57478381523648226
135383362129 23482289289409329
421289940082 128903487267301762
15549044032 913998723391912
66808831954 8140344399289474
7770992779 322926195345384
427440268504 131736520833191194
325377201472 87493061803821338
21187831732 1453852512702458
4884722221 160933686599701
56612928296 6349875876688576
351828369904 98376020546772984
3755887786 108506346232726
11495146126 580980012170626
301072868191 77875407729178651
57306527786 6466927047820226
181214943232 36365006708577562
104471804857 15918090314886208
613217711 7158090363851
7946759416 333944022102810
384071345704 112204651315061274
496352177686 164845838042124226
406983773302 122393586758289602
87819680872 12268175232282138
15166810696 880504139468826
75696875872 9817682942522138
62982506071 7451124386797576
222795814102 49573925269924202
218814608881 48251101157602176
271806750952 66801039159461402
323458494517 86720300575525632
8459037416 366750026294810
19401840592 1273957189803032
2419053347 56085751896567
315803846954 83660228704807874
375349172807 108404219249794483
4034130577 120784558955648
51360285251 5486973354433751
354204615286 99374348114945226
263625490261 63807825788093101
232190117786 52742217445661990
366435199082 104565581975411158
400147906 3773128007170
171039675251 33345553007974376
555494447 6171543328392
1497494902 27316802873802
179328327761 35798596758016640
262367176306 63351528214231426
345011723827 95530871230551527
88941381442 12503972345940482
37625319722 3440421610242838
60066299902 6939659848908802
175168365779 34560193063493959
11547516436 584954841855476
341547405761 94095627192894976
5241804856 178899305266970
31771785082 2669645422873158
45216710282 4532523038868162
481647078551 157574694925242376
323032349872 86548980727241242
292531798066 74585174873208910
311262472504 81862134023235504
211475285032 45843964748478912
11611889422 589853017700738
125694211192 21007064026501232
65075151467 7825547264753128
5182078111 175850366045915
25679332001 1939842418838625
23301331627 1676724988470127
38888561056 3615132487366426
343414524377 94868262359698752
12675743032 672743935291162
9920558512 465793370202168
322252349456 86235695472009176
359309089042 101530208830555778
110110216727 17223990651833827
334504333486 91200153493724290
97052945026 14252969049940350
208125712901 44759099565493376
195136602122 40635050889699638
28145560654 2225901046333314
4032154702 120695830806402
11283249532 564989914999162
12035993977 622461488613952
452380732456 143433041381753370
108844015736 16927747859620976
414953667529 126006352179244409
164453132257 31438066752267008
10069436917 476317931058432
322237192 2726663723232
735079 296727699
240144250907 55475483258237183
200388495916 42286514777938810
209901135082 45333047814541762
22963852279 1640430442310664
450555172 4508104885988
101882108504 15329895220572304
14464878829 820091126949824
105238856032 16093722218236808
13826597779 766412923866759
1641043406 31337364919170
367361204221 104962198363126080
21089548001 1443748277189376
389612746954 114641732598983874
476480779504 155046210343546394
179357674057 35807384550378233
240354977779 55548519033292839
11905710896 612382145749530
439178011822 137199942857170642
180145529404 36043577572062284
68735752607 8495051664946312
345252662062 95630959444003922
5153409004 174393078566044
148818129581 27063023319057301
19544127779 1287997109023464
319163347582 84998731626310658
9160691047 413315112312467
314747730529 83240912629892864
102601102529 15492458678873409
62731122322 7406559060924142
359486283004 101605322857576844
687667156 8500482962426
8812940704 390004940356424
67729113082 8309120475000262
280107787051 69884465268902376
152079709772 27957573446303292
441293015531 138192231693205551
389171503204 114447036767482874
26437236541 2026352494135685
361539482971 102477040803925951
31219382504 2600324807689754
221808970082 49244918493199262
26920700704 2082190569672474
124198538816 20633227452373160
474848026027 154249949340611048
287236900771 72569349778328951
72106740136 9127583629208640
35822409946 3196123178773826
250854715456 59227885356734120
20656195886 1399477927607890
172721798641 33838676033277585
26373580279 2019038229605384
403143183146 120665189291211030
136135793707 23678325492795887
392408076152 115877712480200048
232968990907 53007822783176287
13509652501 740211873509376
96570236504 14146767086236954
346976571242 96348107326462678
87476360402 12196304072967298
132702382726 22788228205710650
353256687697 98975694263964288
318034627031 84548233458214920
48407939129 5020726222849929
229807762276 51932570940281850
6534359722 248996133522838
166831963067 32122660329120607
83603898506 11395462178335926
354271952126 99402687143930626
159532562512 30037694887990168
398271431279 118484555991803659
310912253962 81724011416363318
39338301772 3678026313730938
44170904477 4376188190352448
386516102254 113277691313874194
486416037004 159920784011931644
263592281 2017271741801
44464452946 4419885194905730
52022960642 5593508728442882
107664936667 16653432962399807
66366534976 8059640496441626
485927929879 159680129134288904
346874947987 96305782434752647
1245429187 20718544845143
307487564707 80377454406642408
405623489779 121780475544779559
43419477271 4264993940413155
101812153129 15314108950583744
373784304511 107727003861241851
114668055496 18304423476460576
373850883254 107755787782643394
34638041207 3038933907430408
419862864796 128249071412584826
409913060404 123717363775689684
425231492116 130716727652396026
134713458517 23308212401929728
231156822017 52390537926496257
33771795887 2925650677864072
289026144254 73248473791086594
115011362 581382445022
286449183451 72271033502130751
41637621026 4005164404304350
92018140516 13158379385079460
389239438456 114477005554731120
13387633897 730206178297792
87631190047 12228698888164488
101986860796 15353543967594380
145428986329 26143817349052649
276993850057 68722358862204608
359520200704 101619702970286824
64190699057 7666551951412608
433034702507 134331262030614383
228917123296 51630959962831880
154553822326 28642584087055050
280113774887 69886706152156168
76321877557 9939525317637837
51466104866 5503939652898526
87763112362 12256323422228118
359475260096 101600649613058330
312119128829 82200318007189824
472138827931 152931746792652520
67844728981 8330405507816301
1930285912 39977508136218
467741305207 150800108626918408
498882125522 166107792514471042
440683516267 137906030636166632
147721398832 26764409243075512
56458248466 6323869591484526
64594423307 7738993262227983
485899341302 159666037653153098
347406552236 96527257945880540
113725822 571661808642
339738130057 93348940027964608
476945562802 155273125571636098
46073881462 4662016411855818
270369443576 66271876532065050
72450066154 9192850794226114
111047942086 17444484206623226
1115596231 17564690823176
463134308807 148577654474706483
202544166346 42970690096837826
27890141932 2195670017182108
222936016717 49620727041287157
3441637096 95177326732826
132342520051 22695595220582376
380290978442 110552108597584578
24983836346 1861570630125830
5529891196 193848492648826
136084662452 23664986716088148
359578712497 101644511853508992
625182481 7368609138801
49761133657 5232714945134912
52447669751 5662145531194376
100719471791 15068237297063560
128839793632 21800552014830362
170103987902 33072297744247298
278668077976 69346365426106650
74150042254 9518294890872194
27373437191 2134936486993651
237427682254 54536822043960194
605119867 7016768294303
104364870016 15893656478461210
106883067727 16472355238433323
13414974302 732444182024098
15011852902 867044592127298
14486488006 821929527768570
92464835596 13254310215571580
29194582342 2351497097952378
45055066837 4508240024621568
59581002202 6855727739271398
95256740482 13859125438744958
422419739977 129422368000565952
17213566286 1064624647780226
17525008937 1093648182838297
365850730711 104315506649171976
50245926511 5309369814133515
395090716582 117068013261949762
324645136006 87197952091023426
108993836387 16962710757220072
51628042 174846975682
4271883529 131618155551289
267398748052 65182634085215348
251698317761 59526903849267265
74741958397 9632494458601792
474962052121 154305513173036201
49076721866 5125131141397110
256942337654 61396885467576514
734153722 9376856080838
410135829517 123818229676524853
88718409529 12456981455050889
144322810654 25846098653933314
328803326986 88878608115908290
262455558779 63383542356729064
36649667692 3307473694156828
222258779282 49394791108076162
143766212311 25696724866754851
276417315157 68507912362741933
221612529877 49179513922314752
285196372147 71797426164851688
48728956654 5070751472608914
451734154796 143125642669579130
52290384356 5636694272254970
241681106 1771039159426
400061994257 119284484518234737
275231917279 68067697206736539
3370410254 92238017475954
189182308942 38789436139720578
133997067722 23122534006453442
9744568607 453453755651208
409175456879 123383585618810504
138802057522 24377342689415042
271239325247 66591966741881992
33265103146 2860055950091030
394180985254 116663906694953794
315465379517 83525768535245632
83909223997 11457944385770117
29942348542 2442417332299778
160039642891 30181022708428776
26828892262 2071548201344322
130808708356 22302187128594426
210006759571 45367270254782855
1574250217 29443726596032
35068391362 3095744073903618
431233951087 133494219345614472
43929295846 4340331574571330
134444717786 23238500580220226
223201855046 49709508339595130
405532524937 121739512211604672
5361974347 185086417903567
373522370404 107613787033277434
21918212507 1529672051003112
84704604622 11621245875467138
57422707717 6486603050256253
57844038386 6558125696277890
7435108597 302217337593088
332634712621 90436614789703701
423841022557 130076103421652837
539741941 5910893931776
6088506076 223951489565050
71699081861 9050288307239040
175803449131 34748313536083695
207068969881 44418640821562176
133383800761 22963977597094976
222983428529 49636557157857664
210087777946 45393526122705730
395764806361 117367747131807040
197824588522 41477551768179542
170325120379 33136808945163679
432954672154 134294024527572134
528921551 5734038556075
35430554504 3143823962426394
6321770347 236944167194088
356804237882 100470364520328258
17638833577 1104320333491648
300899073647 77807986959526667
36637756166 3305861376794810
74682429004 9620988810840954
97272034057 14301258687467712
86139269581 11917741216976245
2978028901 76608800853376
279385226296 69614230579855130
386642720662 113333358685566122
25748725916 1947710874615276
105375157351 16124998328890376
5967289636 217296863071226
285435834581 71887871247232301
333349111 2868913582851
229790135927 51926596176419848
80669595286 10800825223245226
79854666067 10637573158161607
210476883646 45519695308630530
20175885004 1350950358821754
62569708126 7377990560190626
