12048719762 623448955468418
164025576904 31315544442124314
34801683401 3060494840143225
357728996629 100861213628114944
160349827057 30268809254388608
205803786962 44012168861186222
467086737602 150483669687568702
4525537 4536098593
58182280004 6615732512642244
193064940922 39989669923548738
322357526212 86277917366089722
180398920781 36119652318093045
490491144236 161934670287887226
122210488856 20139799721842970
337288609802 92341189149090102
211183380254 45749078031617794
82150865812 11099677316348922
48271750256 4999553445971320
428505142627 132229116757789623
1762368766 34876103006210
197606383471 41408944607123080
406962120754 122383819418388354
103195380754 15627254890943854
466864462957 150376265411655637
362237949542 102774151044623682
461738877754 147906659930149954
299205659236 77152074203693476
215167672001 47049854166208000
2667384281 64940137753920
82733153701 11217898621461376
329566042516 89188041269001210
80733473536 10813656734942490
136750640852 23838918716232698
116320390957 18701488403360533
171109867511 33366081945299976
108331841 531476021760
145712803042 26220387485621278
24375768004 1794024024217594
3868436821 113419988692480
92598194341 13282994916049885
184994067512 37508472158801072
318268349029 84641451725250589
1199054936 19572173752976
141356432779 25053354482751464
194663976742 40487511643062082
159559676872 30045353088168992
52026508879 5594080998751019
330520679491 89575841605675735
568502341 6389587333760
1307828797 22294993479488
21919259377 1529781644159377
253237450286 60073747669670226
384280842827 112296469295704527
136129010437 23676555774960768
201336052331 42586803125528495
168624537547 32641775896943592
100029028282 14913561227927558
424316235079 130294927745067699
258590159129 61988457176405929
220857546037 48928412653569997
178314663521 35495495235551905
104126976727 15839344483116323
23416752256 1689198646467176
255416984902 60850968178503802
73494137746 9392281325689326
282672669566 70846533846497410
161517397342 30600009318145282
120418517377 19698462467914752
45271458157 4540757434319808
401405760004 119885985114111994
233468236129 53178305307483904
157214393431 29385361514944520
21645001954 1501160250655774
105237479701 16093406504421376
147043831552 26580476240079848
180622437167 36186802174623307
17619680782 1102522158924162
279535495906 69670402036624926
252868939129 59942666310649929
485035180582 159240283353597762
63209856791 7491505807392776
270950681731 66485697649855720
44394103352 4409399921532698
41689003129 4012580447693129
220573507 1544161612008
26684080621 2054798733680576
46882128946 4785227646969730
195561641902 40767888053945298
85112984821 11705390205742605
115156084187 18421403631630143
164901917756 31566844312578426
57677155342 6529765336523378
111996269282 17668419445974558
89474017754 12616462821720294
459939761857 147043048492830208
763251986 9939830639726
259992244451 62493295830189800
162410957347 30854292307305192
101631734129 15273420268674944
340876621087 93818563418002568
276426237571 68511229419596951
10111628737 479314796028993
40423906954 3831324002747074
229617297947 51868021816401663
8245783991 352969029604360
223177802852 49701473517782948
8595243829 375643671308749
326760534622 88051616664238242
154501009261 28627904009032640
44693174801 4454032414517376
278752444454 69377859643320474
6950499754 273156957244054
29407126387 2377223085409447
45026854006 4504006188517570
49405603654 5176735619610234
110078777446 17216614336273730
23853757411 1736704613463351
2661836167 64737630187528
470367068656 152071711554428920
16774250704 1024129511187224
82681501277 11207394816867173
143239055467 25555518617983407
202898832754 43083605780353294
223753406321 49893877062340480
418186675846 127481838407766330
61477886576 7185719816896376
95438838961 13898885369966976
235612636112 53912647782969368
4807734712 157144014283568
124905267956 20809592357606676
44673743506 4451127999410926
35789494654 3191719063253634
118383210992 19201164907171832
128158453504 21627849735734554
436363418702 135883132221006898
29677423007 2410073845137883
8833397987 391363697902647
281538448921 70420555306062505
161937120451 30719363791853800
108719943361 16898811916665665
295361066821 75669831607340605
43107379877 4219091698277248
129402852086 21943618045674690
205539546436 43927432272454340
103343536507 15660920657492383
306852687922 80128646966052738
457250541661 145755316496358976
298883167282 77027372850653058
2509825826 59272046754050
86427149404 11977535309480314
200693118026 42382974744507126
401544651629 119948213701257429
472000851004 152864712944675194
210592387579 45557170415547624
352174057886 98521044868225890
428604203441 132274972058171776
362854452556 103036634154306426
484776180812 159112753290590268
149424317786 27228547460282726
15871650862 942590892061522
228620853307 51530759301093087
151274475991 27735822199539235
124920762562 20813464653329922
91941795337 13142006989431097
4354264541 135443752874560
275091709897 68015691694634688
34881139876 3070982063045626
262343996482 63343132847059458
74533323187 9592190250013672
225092654362 50342497364702118
438100885597 136695508156457317
710023087 8918363346568
113095539811 17929186720607976
23963092661 1748658760897101
12307942066 643676651624910
100758522872 15077001570250992
562784476 6293431222650
258438440212 61933910735817722
314082413597 82977118766306213
1055356654 16161380044434
237503489029 54562943220366464
24779498272 1838779189087688
54441255352 5988029970556698
17215050682 1064762361505858
1072331206 16552861970426
445528824862 140186684310715618
331572781954 90003884322307074
166022523262 31889163541820418
11941537612 615148407622522
436140173821 135778868154460480
20910227251 1425373521003751
32129730766 2714887280524210
498959042362 166146209360938118
253174827154 60051465560831214
448991358391 141824097685885960
34838100704 3065299966818824
399881326366 119203690333872610
281262375137 70317000096625697
14399662 25751399122
249199291352 58642574038588698
213768084454 46591537823494874
83303211226 11334040545522150
321126189122 85784044531639742
63823963282 7600944710072558
3481408847 96831905726088
28578308276 2277433964982100
296474255497 76098023653964992
18480896386 1184335924427390
118065683212 19123964525181818
48635035022 5056098241095042
3909976666 115251775591526
330832962307 89702821344040983
125491231672 20956199081346842
133527425152 23001078183894298
102636438986 15500462925284726
451455698437 142993325497404797
24958136491 1858698979664360
412625711962 124947466923626818
2316047771 52541859778280
327627720982 88402368232988458
456266087746 145284856015501826
70205103542 8768898253059778
286487786677 72285643375556352
397283163421 118043819353828005
390838065751 115182974402579875
289387398379 73385846817903919
70180374629 8764265544668544
36391028872 3272523923209242
347562444412 96592237468576122
329750362657 89262873587853537
13679655122 754227785261742
135900043841 23616845519080385
138572432236 24316875172367226
177272312767 35184713184536507
1093085147 17035732047167
507641317 5391489235328
66635679517 8108718145521728
31966181977 2694184404948073
295923169271 75885945682029576
22014839029 1539798562904589
318894886 2684350868890
484719072301 159084637956820501
25494739337 1918963535307193
138283038461 24240740076486976
131899413692 22581707222067578
40733572601 3875432831022025
105219129481 16089197381418176
95309561701 13870654673468800
77231770672 10117799604994488
473148032254 153422350075287554
1165793042 18763439043182
54566717482 6008741418091458
22009593529 1539248260121664
895723976 12636873881626
435806814004 135623225787605204
155754269386 28976939621661890
317230418716 84227742730343276
325240884551 87438084644113075
410802687101 124120334683987525
432453255007 134060797354960008
443975481517 139454178663389632
45499226971 4575068603407080
94630988404 13722786609044884
446232351457 140518864962673408
277747597271 69003057571309576
148640875231 27014686322263176
22237612387 1563230025572072
49000051 161667508200
189259205942 38813088695789578
337481649142 92420474556914882
57155974051 6441459223781751
78343267367 10337002413002707
40731289237 3875106972716397
445362703654 140108285939721114
62016608837 7280377778045568
102722540431 15519971984707051
144355047904 25854758973553434
496143963317 164742122300257357
400626620629 119537101472981504
308181976417 80649887773621153
89441447986 12609574592612226
725747852 9216271997948
306512006362 79995240322246118
101828849971 15317876300788455
71151802297 8946864793750592
348642978167 97043029758450307
126521854096 21214889277493080
62355165797 7340075986863488
40609507556 3857740779979770
424387171406 130327602790711170
67097918629 8193237380139904
230162466629 52052852965867069
244924755779 57140210749439959
223450470272 49792585543506792
43741277426 4312496282903950
22330501447 1573034957072392
38308704802 3534578187877598
292168585991 74446308722532360
11266881329 563760941159249
22348679654 1574956152717634
55054413052 6089476870547852
15696464791 927027978519651
41376870616 3967600538979610
248962846342 58559132001880378
293847362579 75088873491860999
129085091461 21862840742541565
673610161 8241171270865
175173100951 34561594426993251
29809372366 2426164944116610
58173070061 6614161720022976
221602543717 49176189814256157
133445787421 22979987341248576
40649130757 3863388235307133
230533061672 52178622646231488
135165942146 23425744599612030
359026207 3206702423387
3596071222 101654940050442
261198597836 62928749786924476
413226404966 125220410723858010
62604026629 7384061469090944
280803552311 70145008171339715
2031680641 43168473075585
269691876379 66022908667664104
58912169141 6740612569003776
376613488442 108952399139406982
32690350057 2786253019445337
236458424206 54203206942250370
46284183376 4693972169524376
7973382341 335623582963901
82232765197 11116280021444288
161413403932 30570461202336108
139280878156 24503592040418170
62615350261 7386064973456640
201701092231 42702676106227720
182911502 1166060838002
10782681527 527812260844552
72388032266 9181046520582710
8719327541 383807359787776
46569399892 4737427435550132
19355182876 1269364506960250
141784381 795788480320
446404304056 140600094811846426
86703016411 12034927797228351
49567622654 5202221132992514
35151598379 3106768568109544
62588458307 7381307242213608
351393983651 98193886185977975
499526612102 166429778987750202
3868876631 113439331756195
23923046954 1744277199655874
175505314492 34659959541705082
479231758567 156390894652212232
27499463422 2149697221268738
12841874192 686012919443482
437057804212 136207607823945722
118766951626 19294601838597750
93178343896 13408022032994576
10949262172 540090605502842
216690307087 47550159837098347
176165937101 34855839983325376
114160037707 18182916112792783
8829410942 391098757764482
244567241272 57015145734070042
434342290529 134940159795299489
473826301076 153752370263101300
298702276741 76957455445215360
499564594831 166448761701685995
257674770382 61659597046318258
33804754 92636299694
130971923111 22343941055000915
84393314867 11557242504735207
31396546406 2622490728367426
476482731901 155047163306081600
163318412482 31113246367618562
100905368762 15109973540196418
146947860382 26554458023791362
429982983497 132913759961309888
129492912872 21966530275380992
402279832879 120277781326367819
203227669492 43188386242065428
7956469732 334556291531812
9236239742 418438605362178
190239316036 39114978944362490
425181694477 130693766521269952
50364238754 5328133546474754
88432623182 12396838848425858
11894448967 611513445577907
2713744957 66640530376512
163984340956 31303736105730426
448889021317 141775612196655232
317310076766 84259469715205026
321155841847 85795926734382088
2814037711 70368765063851
175417048829 34633815870046149
10151058856 482121156774426
72323742976 9168818408121626
346181475487 96017124829279368
450192794942 142393730076812482
120345897107 19680645937823208
421055902612 128796088290758772
33256333951 2858925090048251
2378809801 54692009117376
76946702779 10061832993553759
160544127982 30323842467164562
3056955337 79674445985472
3222800471 86245363457955
462273335812 148163535043969018
102668156371 15507648570234951
109072755331 16981137344358551
490825971937 162100512709888768
144366331792 25857790542397528
10030307431 473544187655176
48387716329 5017580374181824
225353732879 50430109051575944
398933042762 118779919884724418
254739159754 60608899497999554
228207883906 51391198347367426
222883268654 49603117205930114
26267809822 2006904450236642
73498738504 9393163280646304
308028118279 80589499261897459
18777572737 1212968607030272
20282893346 1361712327811330
62676940432 7396965371512858
205590200762 43943671872100418
46326788246 4700454916006826
403984986757 121043328349354112
341925218629 94251800490708029
440389717252 137768142824575748
162708597832 30939148350533658
327914339029 88518399030604589
55872394904 6225693347190864
19018447966 1236382962917026
101640300412 15275351348719372
397995698837 118361532860525568
73537850761 9400662127054265
61521725701 7193407270581376
248706765451 58468805099366376
177334839112 35203330028650522
9034838677 404827028302848
34327109191 2998106832177160
57872612792 6562985781290778
3355402241 91622613647360
12101401379 627542371414519
257539826896 61611166942199576
156966644254 29315927636686594
108740928076 16903704775773050
10457689132 504130334186362
42121515382 4075186410876362
69438296792 8625625227750682
485280457036 159361087526556476
164738861002 31520035405432002
175280843404 34593485681555964
14764235042 845680619085278
12031650127 622124543770248
390728442001 115134517334070001
100229061676 14958318803573626
70309312537 8788429702999872
312262546 2601042937326
130266074677 22163556789934848
225819216821 50586440218170701
32721040837 2790177687409597
447187957756 140970488365063820
19630225154 1296517480878334
92983753181 13366042585043520
118887363632 19323952085070362
72181951129 9141868171391529
269926209632 66108977632511112
237041944454 54403970755985474
308535367492 80788648991711428
103270808747 15644391546577263
188124566137 38464575874667072
276745308466 68629884550107010
340962497579 93854019009141224
269632391032 66001066064620912
2985133279 76883102696584
194617806329 40473108240207424
196463879381 41050341741560320
418086997526 127436261542514626
227497721312 51151497651125018
328385830906 88709382127881670
276864356386 68674173263429890
361739340601 102562025964685376
77672972731 10204623375679720
159064638436 29905636629636090
1066088401 16408521973376
131328893752 22435352682975002
54521468437 6001268900194797
117436268567 18971242005979107
340809744004 93790955153699204
275267531191 68080909175683651
56488159141 6328895691608960
26671376281 2053331464981801
171957989347 33614462396602088
336083160154 91846598450952514
30301680754 2486515520596354
330848417629 89709107309422144
939286154 13569867095734
78049436872 10278902704474138
477010025431 155304606073792520
6134719529 226506114523584
263613872461 63803607879000565
154844177257 28723336807915737
30561460066 2518559737050526
438996212579 137114760048911799
1342423021 23185435504576
47859075037 4935578784571968
447171880754 140962886314475394
8009792597 337925139959213
7120958131 283266967225320
280214829272 69924528282204688
254142078271 60395933047291451
243227666917 56547351674886528
16552810276 1003916908153850
86388072617 11969413013652928
365754932687 104274536780037768
289748116882 73523101745786862
120768185917 19784324729374528
472710383629 153209532158131904
298434906452 76854150849659898
177387250636 35218937774336890
115419224197 18484581120843517
62623135852 7387442592910202
192522224941 39821168659060160
197034717376 41229383254868250
31983377987 2696358681362647
84378936202 11554288997534402
2326404367 52894680669832
4814110627 157456721046248
190516990561 39200648966915840
424552098247 130403582772403763
411952837279 124641960941476059
209031878332 45051734932520908
219979133572 48636799822188538
400369760221 119422158622729701
8558048207 373207924346283
16031331331 956851385718551
48756120316 5074992059820410
121341419507 19925353156153383
89821656247 12690063475962888
90489599237 12831877620086397
80257206404 10718109143902084
387865125391 113871253550128776
2075129254 44560633933594
496944183331 165140846747878120
20315937952 1365041415087898
267829656329 65340258617823424
2052770776 43842394019600
340545602404 93681938433075364
21795483721 1516842159379705
2840959132 71380992214508
289012459061 73243271450499840
296594392579 76144282948130024
15003710152 866339230475552
130586817827 22245464417170152
309388265377 81123872029653248
12628975129 669024167223104
57760396787 6543906393812968
163858374346 31267673470917826
30422674447 2501423279437163
274958212267 67966187268874728
51978456677 5586332653118848
16502630302 999355284196098
180029101177 36008640691718473
172691237279 33829695309636059
235642154752 53922779746207002
402408110171 120335316449913576
295680884501 75792768167307501
3756667861 108540152343040
10733249356 524186854396220
121133619322 19874191033123142
147657810736 26747129591243290
75313715779 9743234992300264
102135502667 15387122019095528
19191049742 1253252312482178
30042274882 2454654139855362
45522155981 4578527404458176
345965167577 95927145875299648
33182615306 2849424359113270
372813966254 107307789535396994
139871042872 24659497977090992
22400930281 1580482702163545
127005732011 21336708966719976
24875539726 1849479795083650
180376096252 36112797604186252
616233172 7210955191092
14754957221 844883605546205
64013103529 7634757507337664
498622450132 165978117050938362
134509025116 23255175679967610
242952943916 56451574237010810
10951334011 540243908639976
80878599146 10842827637578326
63214123529 7492264349141184
339222312004 93136425687951354
11107280536 551824506835226
16985733142 1043558149078978
272591067431 67090386107677395
159707716697 30087177041207913
232561659001 52868862105576000
191053165879 39366250092225544
194736363004 40510096826444154
104110548829 15835596215874149
255539217754 60894654872297794
102716194882 15518533916732862
130580174242 22243766835043678
279557179931 69678508869580520
458819253146 146506034541941030
42354905726 4109103534107650
245895767282 57480348664540558
211264291 1447442092776
83879321737 11451820118834368
178600231954 35580797743684974
356618416312 100391888122165018
464583896212 149275761415117818
11385027754 572651716089794
202172641022 42852512991447042
491865931 5142130418895
423335710879 129843553674769544
71162365171 8948857186811880
33296320541 2864082900467776
132153260779 22646928095692264
5541465451 194457411366376
218055164692 48000119978815732
78676122827 10402950341064527
391714724171 115570728790553576
60957924031 7094750543044795
66216153829 8032262252264349
291648248192 74247519376980328
24453992977 1802666849101952
14340691 25593356776
172142768662 33668658170994218
7143770216 284629236795776
97349678129 14318385358863744
36405598531 3274489424851176
110843504867 17396333871665207
84978123154 11677580379933314
174054425029 34231051698280064
331147020206 89830583318844370
108084834271 16750951587351451
292299316346 74496280662400326
117838375846 19068763097557826
142946430706 25477247047466370
106443365107 16370812148155687
380987243417 110855858217626432
99846175016 14872686845981210
295057553956 75553224086629370
18299088472 1166902373506192
373341749887 107535739823778043
96015535792 14025053323786778
280874000752 70171406981040248
57818531486 6553788362696290
207482969932 44551919041058108
35534447579 3157662080942824
51661354642 5535290284234478
128678927861 21759735380561165
873055792 12160212117432
343207 94611283
21217485004 1456905680431994
137546715772 24047384016578938
18474744754 1183744637247694
187310251954 38215100040813774
110644900906 17349599923611670
315864249892 83684232062249978
178937472652 35681623192813052
67613228047 8287804116819592
171354482992 33437656866161178
268056589504 65423320869978394
25178689811 1883391176702215
52205690629 5623005330277504
68165581066 8389569777385526
172392818521 33742044119596905
207954131596 44703761033534330
16347664972 985311912534588
368311550779 105369760480868584
63906521296 7615697538735130
13230520447 717389689959163
4442426671 139578084447880
491674448981 162521022413534720
342013708271 94288391178950280
208332865757 44825941061035237
11824990006 606164754463426
190560819926 39214177207243626
366614997617 104642552155393553
246851133481 57815662242742720
47328414617 4853718232836928
338513496337 92844660830058097
20571728542 1390902567559778
4388580142 137048043596882
230404066207 52134833684152283
115966149622 18616123309907138
107858062379 16698261643639279
286969410079 72468002501874824
29904919081 2437839035339801
325050572617 87361350348418553
119308553371 19426733359101055
218944289047 48294001464131592
130844003236 22311214129469540
331967853254 90164792719302394
301577466766 78071268812855026
133859917237 23087043026072397
4515302936 143026735864090
382425410404 111484145741009914
3430528697 94716897379392
45480526004 4572248240435194
426012958879 131077229236021979
96872393531 14213214451555295
10134252529 480924331942784
127600132552 21486671387523098
4474438102 141089473774698
17737767076 1113624317869050
251579135117 59484628603211957
59304474607 6808054844322187
333957362431 90976553354877051
214260726421 46752690388888576
124455843506 20697380142910926
211506502816 45854116295769160
390034809721 114828068144896576
300178827379 77528786701436904
51148652881 5453094280264320
216779188927 47579418983433352
22194454 49279090474
26243290451 2004095118733800
54065406529 5926127231665089
193130032 1265130476058
51877264996 5570027357991930
158930991529 29867954215418009
304698233842 79286238391092878
195946451092 40888276580752378
17693908787 1109496550614247
6061280254 222451005821954
40616347592 3858715486820378
178149878687 35446303212871643
111187953529 17477486164933184
25880058787 1962631511636343
975030721 14351802222080
4350066176 135247907540200
251135995117 59327530366928832
12206484382 635734050859362
24077724847 1761221365438088
80244386356 10715541124830676
185640001129 37705093109715904
120030645781 19603365059064301
4122757 3944106112
74516722177 9588985682345473
82012297501 11071605488040000
89990849404 12725935980950284
14347417711 810122158691976
1255430887 20968625185043
74972568379 9677109254633704
28335686654 2248493407526914
238487315662 54902323930553218
254106432496 60383226852355576
219407083666 48447205009036526
150979795787 27654818214875343
211816854757 45955078752330112
405558642511 121751273020471851
1334920286 22991332120226
32553695542 2768800318335682
52553630504 5679313187891904
23313854146 1678076822580030
17938736992 1132604017169178
42610832629 4146403308879104
57904256972 6568369389845692
54448185016 5989173306214960
387548998607 113732066876790187
74034942802 9496141295383598
195594532 1289424366308
23520744496 1700463584475576
400058416279 119282884279202659
411891116501 124613950277934125
51312862129 5479375565509329
65375652811 7879814601087976
134472720701 23245761337044800
361247025007 102352721674174987
82532328622 11177078157786242
10978878472 542283404092442
386211951127 113144009516166627
163242408967 31091530111190003
229986775792 51993263728266778
47554509004 4888540119804794
317573816242 84364542864606082
207662090197 44609624113065517
3228342482 86467925091458
108915879451 16944515335314175
322199366141 86214428591910085
137858966417 24129317033351153
39790628152 3741645400747802
17531749379 1094279201113879
11182676026 557452672437126
46297571366 4696008961427610
312225799754 82242461236328694
14048818877 784963706045248
213427557812 46480253540732922
441544826857 138310531836575833
353292831992 98990885060558832
272083309327 66903018403090027
589531954 6747389747074
412714743247 124987908561337992
23040423781 1648642163510045
458385411422 146298287910083842
271564969852 66711926321080698
407051779 3871198121239
427330248482 131685662042580958
246683231201 57756684971252001
140526595441 24833063629312785
376126761476 108741255757381626
350217961661 97701355419012101
471259813196 152504859408817980
120102190672 19620894720093592
333619919129 90838698820826944
169726819252 32962362689287252
432125026076 133908199456128876
230576520904 52193378131122464
252688338652 59878460628037548
80286055256 10723888686866320
32755841129 2794630097773529
229062622826 51680192711962050
216658050779 47539542818468584
220526026904 48818287628235034
249946063966 58906371887077026
11375824867 571957514705207
75189960367 9719229720537803
262469324602 63388529136237702
183515903197 37059813211683392
104352991747 15890943152198888
231882883507 52637569145132008
88327936361 12374832212392665
262255632797 63311132314006592
194256743087 40360529254858443
2395046656 55252928051176
359397256654 101567581516354434
376877372146 109066929615933326
374129367691 107876212461021160
388401690931 114107626508593895
288811780121 73166998752800576
227173386379 51042149421166479
4685846029 151206003625664
85342949512 11752862054071322
51651069122 5533637290599742
196508387506 41064292234750926
5860600981 211495414740845
43370642 134622478978
10391989862 499387072914522
80213942846 10709443723579330
380394767029 110597369347405389
170358112 1048099903368
7435474432 302239643284712
372363356801 107113298491237376
475041976004 154344463298181444
9149189357 412536948197312
92307080279 13220404652005384
161603231329 30624404882406049
283797869356 71269969733294970
90681137912 12872640932581872
40824102412 3888359674592122
471232630222 152491664528203442
414515595817 125806865049719232
49628408776 5211793519033376
417703941022 127261163538547042
90885242686 12916125969524226
448962930256 141810628385772570
354054813779 99311313101129159
123636488746 20493324980261826
35935453829 3211264025245824
4806950276 157105555935876
377787784942 109462373607122578
12002814454 619889353518274
72058899007 9118501218029883
136395772366 23746185712466610
48424742822 5023340696847642
52069742572 5601055425780892
482091789557 157792981548766733
112292263657 17738509444175808
344814051142 95448782063289978
137298742211 23982383198571351
353163393529 98936487996217289
345595105132 95773273906996508
147837740681 26796034012015801
499214808506 166273975484568070
191201550079 39412120582796424
487482835907 160447175714072808
240837085379 55715733006211304
283947813667 71326460353126903
9544576367 439565920097928
143879377097 25727071419072192
324875631557 87290833443587712
20954422687 1429894880259547
179379835096 35814021183212826
11992745629 619109502872869
7086867932 281235267092858
456676944361 145481138555350976
66271844146 8042397555965826
29356704587 2371111672948943
100824522932 15091817890852858
293115703654 74808599066146114
394757441332 116919916903373012
11778745871 602612417608555
473506082086 153596534249148226
131530384066 22487004425262910
4309493542 133360150714778
36630177112 3304835629520272
295426400116 75694940041967610
2376327331 54606417894120
35918566301 3209000632076325
227704175381 51221143435704320
2233692542 49764436187778
268524667867 65594758325926207
147291223636 26647584501065140
45335272171 4550361715033576
30919254802 2562917643540098
353985814756 99282283469904676
335158178357 91467683297776333
190244250704 39116500876162074
37068063061 3364272691555840
243642136654 56691951781846914
198774267356 41776586544898220
607871279 7064680027784
61103612572 7120200294539642
255286206697 60804238902372288
307867236329 80526370069209024
32785794416 2798464268342810
5041937572 168765415122788
202198077082 42860600393085762
246138469501 57565470462701125
478438109101 156002559962148501
89739025777 12672556351398673
32165737067 2719452240498607
2370402232 54402311538458
6992536412 275638792903468
36684330412 3312167052529372
4705421546 152154511176130
26746259971 2061985081778455
244547658982 57008298135259458
334644214051 91257365624181751
433269252641 134440416210354401
123289641029 20407147962733184
5379178504 185977924606944
130603171987 22249643448827368
485581867 5043900733928
84823596904 11645742639080064
210822841154 45631971499692734
311141766826 81814520159578050
11461207102 578408918515202
301913064454 78201622593081274
303708408766 78900205041566210
296473426 2406277166126
11761868626 601317692360750
561543829 6272631773549
440617801912 137875185122916122
37177872904 3379233187293664
26413097881 2023577863744320
247161797822 57924838938032642
66021603754 7996888762146754
490804174942 162089714789172482
14531970922 825803467707842
393568574029 116392133430582464
121418774506 19944409792383426
62319503404 7333779933985884
8325338204 358089446916474
163130436029 31059545628994309
402854100079 120535423875935499
200951055904 42464709199314714
361205376379 102335021611175144
3302609629 89468795773669
147104129 840994316929
83908404686 11457776568551090
143384141279 25594355986941064
348967047601 97178365936547025
200564527879 42342247158439944
395054271641 117051815307919401
390241509526 114919360369830850
84766711 367859278851
122023187056 20093517538445176
146568620332 26451727473744762
30880722422 2558128164881738
20399879056 1373510257055770
177238969891 35174786885308151
18406760647 1177216648480563
20748372779 1408856008575464
29253571904 2358627742065064
292355898781 74517912877035045
145921255201 26276672749843425
705170236 8827085982540
224808257846 50247118519864330
8461639006 366919231757570
283982479796 71339522732535380
366579890629 104627521677743744
453868663129 144141274222241129
12527941196 661011761430076
35667866329 3175462582293824
27342092782 2131270562358162
54251027107 5956672358189687
44990850466 4498605144395010
1300066537 22096797607872
376905154754 109078990122469694
481797256007 157648398341448883
36656436467 3308390017073128
397416882346 118103421790119830
9314828296 423790533188576
80094627967 10685557808390907
72035743529 9114106343029184
114519647491 18268899459184151
200668410317 42375148207063232
47679183202 4907777257798402
383818973176 112094075237319450
380468910404 110629706016573434
156176501056 29094849205766426
341519305492 94084015072857082
12066888926 624859709358626
458944751146 146566148021285826
435258961621 135367568273240576
117069685261 18882481721896640
311240380826 81853418994336550
32304880021 2737117106295405
21956125129 1533642659108729
264582658204 64155650184913274
418342276 4033377349626
489849545504 161617040247885594
1675191904 32320594237064
154328179097 28579881159164713
428684756654 132312264087604434
425371529 4135462024384
192909002654 39941230272916834
49145670856 5135935569234720
389437984531 114564606664594920
24755906329 1836153824539049
98238605654 14514950462885314
402833455256 120526158479372570
7067594387 280088765636072
126351885557 21172153703693837
41641372579 4005705715886824
42691150504 4158132289667904
393577446154 116396069156247234
105279691279 16103090273115784
34720472887 3049788471114947
87028545802 12102769769809602
170398084754 33158104108839554
156913420504 29301018360293904
68427986771 8438060332938951
353010451376 98872226253304376
389373561812 114536180075397172
118490284222 19227220937221442
64110822241 7652246372650401
2903867737 73765016261993
53637459157 5855905361989933
102419532937 15451352137620672
132066904831 22624733645354120
50759192891 5390930840393960
157402858351 29438217115850376
141915809662 25202213669721218
36828030107 3331647743810687
360748249346 102140816327395330
101588457377 15263665721194752
111208231856 17482267672773176
431982801254 133842095278748994
52162723516 5616064852416460
43688645407 4304715046557787
361280175631 102366810938007176
44701546507 4455283936428008
52972683779 5747377272187159
3255155642 87547411045382
316786110379 84050852355358319
257293000532 61522615822687412
381694629782 111164743978292162
10987178204 542898449514874
456495380266 145394387275865026
2545660982 60546000843458
178586485981 35576690103302720
46483681966 4724353522257026
102643688242 15502105162677582
217846532486 47931247617607226
248577011687 58423055057265672
1408185916 24909870098810
192640141696 39857759024360730
109714035097 17131115153808192
255269772461 60798367516830101
318632264617 84786664875302553
465057308101 149503988084206525
208987913306 45037522281613926
206202392579 44140096560674024
236945559004 54370791679164794
346975738204 96347760350724474
151294828322 27741419721488642
351916453879 98412967105883144
246407265029 57659792831784064
70998728726 8918008318066626
329977788877 89355235413525877
14345046272 809921312630042
296586690754 76141317046564354
324366394081 87085673239141120
1200965546 19618973192130
380700982237 110730941494690368
112133562097 17700918200845713
368269496872 105351714266237888
330215858116 89451953661679610
393493165004 116358683344429244
354698296 3148893256880
145798110007 26243416804769987
104881313002 16011775570630998
60002195737 6928553545641897
35303957782 3126989220788162
393024903716 116151042820684260
123686220296 20505691090764826
328801705129 88877950511687104
43636340491 4296986811920360
3909092411 115212680688351
376515423652 108909847405026298
35074501 97904629376
205840357877 44023900701013248
121303490077 19916011346137152
236472178196 54207936241396730
19467492541 1280428897866560
366611572471 104641085703965955
55574612746 6175988189814326
6104848754 224853789380994
6736412629 260634050164269
18259318352 1163100319831448
16178317261 970041117544640
445297585042 140077558192347778
41104322561 3928463420313601
339653232101 93313951415353501
16638619411 1011733438233351
162592246126 30905967723333250
22495007887 1590449546104043
341729258971 94170787534201576
396048665002 117494041235854998
4111204504 124262526595354
316290413576 83853649286145050
162524393516 30886623317341276
55313541922 6132520203877342
7842967147 327422963891688
2725028401 67056590598225
449574333496 142100406325269680
3442715732 95222074486708
125492233637 20956450064311168
31024284061 2575987671462976
470575623386 152172862788717890
305360574842 79544902943987782
142481095472 25352943647548088
454129754852 144265669873244452
139717702037 24618957687781997
214427031016 46807133649565210
484798828222 159123903391869442
139386456056 24531458720383770
69630350077 8661435296910277
166354599646 31984887971254530
129659887996 22009031248295180
293027659654 74774895866904634
491819239006 162592817380103426
22510918837 1592137260365568
423419551 4107028524251
181613212 1153667673068
198286548671 41622924291595451
441208366 4368551121026
266300006116 64781293454957860
156670386797 29232970802438613
264740535686 64213081671660090
10460437121 504329055011201
76733443627 10020032113776623
256329790004 61177461991362004
254147068879 60397712056811144
65360828236 7877134510644540
375478281754 108460155830329154
129347406511 21929516184411851
418078767737 127432498800685897
57369514547 6477591887727592
31931045696 2689743565416730
89202643391 12559107771230651
330467833711 89554359505442440
127834640704 21545932129339674
444907916651 139893730956952751
37534301092 3427945161746532
252281954 1888835004574
18693754762 1204856113300918
95872293442 13993679738241982
65272277396 7861132000705530
401397696067 119882372502591703
314201310122 83024239985855638
21062447147 1440966259251688
180847896167 36254577744999432
87035221154 12104162276607234
56381659504 6311005881258104
2759390617 68328950304553
274480111822 67788993670767538
36540641281 3292725906866176
144197656801 25812486083105825
68572709947 8464843891804392
454747525976 144560145780672400
104982096872 16034860494437888
727806629 9255516926429
143471442286 25617734672990226
31890877526 2684669742939626
16786524836 1025253791005690
66788728904 8136670476431264
255514911817 60885966964251328
491201550704 162286606733103224
8508927379 369999361926279
175848517321 34761676288238201
2820493172 70611046611092
44930461 141950309440
36788145626 3326236975101250
82694921222 11210123521125442
363144151426 103160053768858626
178558398029 35568297212581109
283669054372 71221451376140388
3228342482 86467925091458
71499278477 9012484052277952
164341318087 31406009349883443
38232346504 3524015562728544
178345121231 35504590044823176
239033919601 55091183264555025
130311506329 22175152469515049
505000091 5349465985151
326369383004 87893559429196844
56855117 202063092928
314210822816 83028010453896776
394067342566 116613458858969410
9224826536 417663246334490
361781020001 102579752192670625
32798086904 2800038275339034
67105978076 8194713618973050
398578507867 118621614024406207
473377635592 153534039988196378
178215544672 35465903278212488
127037485712 21344711312180568
11273487247 564256825957867
260363743306 62627287299905270
139733032336 24623009715763226
390535753654 115049359633951114
9664607 14158652187
191964782011 39648342088704351
183473497442 37046968603892482
50500167916 5349718455004026
286387877791 72247833631847560
1202338204 19652618756474
99874329779 14878978027784039
295411026926 75689031675384450
413469168842 125330774459993282
119389879 614897683779
367320918829 104944933353385749
403878926882 120995664431616258
381649197616 111144897061507610
135920377037 23622146007115968
15862529 29773970689
84012899096 11479186481154330
2705720704 66345173618024
326805806954 88069916499151574
273032049242 67253254369782082
377123110102 109173620559413698
6304578196 235978260425076
339259378504 93151691507446944
133907523787 23099360304491343
86881752826 12072161634282050
411914715076 124624659741943876
109543124212 17091100811741972
31135979197 2589911507092288
164162494507 31354762847061487
4290667931 132487244435176
70730682442 8867552811792578
83879321737 11451820118834368
1136285957 18055583888512
134754467654 23318856364467834
54052911616 5924072989872360
216955031122 47637322412302638
302054506391 78256583570804835
48222048736 4991833967244040
470945315306 152352222338083926
42646163177 4151561339312473
103088647279 15603016572098184
31106041177 2586177000982848
104542667912 15934288900783968
435226306691 135352334797376151
113742797536 18083322838047240
168022856666 32467224616814310
482317659562 157903888521466518
285607372579 71952684564501224
79498588141 10566501843968085
421230277297 128876105390091217
457548954529 145898025066027264
124663976129 20749321515195904
45570446461 4585814788166976
100259061529 14965035140676009
58065333811 6595796108708840
65211230371 7850106175224951
187805737757 38366834166786112
32515432567 2763920153140232
144123556942 25792591956626482
14598022147 831440083511063
251520972886 59464001527910890
280056144622 69865139639108242
9195510692 415673865411578
388476610526 114140643798894850
29591971004 2399672112818554
39514648882 3702786031423362
5433666382 188810850733362
486642004 5060428006394
366833383697 104736066713436288
119010763876 19354046135150500
72831986971 9265636828047080
137471199076 24027582764717050
9131342231 411330442227720
216943833052 47633634277556602
254470136701 60512913684594501
437265385867 136304657593341928
26461846327 2029182582662152
85674610597 11821439886857088
15392667154 900245269507714
33756204197 2923624845675392
427334870887 131687798703068168
239929460122 55401071942905638
2496665117 58806450212928
480521003629 157022411135187904
205936612652 44054783925394298
30391848697 2497622387316288
224775402856 50236103736614426
146234753611 26361397819390415
169168540279 32799862717029384
294568420129 75365428479989729
232513921486 52852584484156290
84137968006 11504829423488570
51641427377 5532087907975377
93024725446 13374877967220730
272922693892 67212853773737978
113454517 569617321728
301325890972 77973598597523692
473589776297 153637259329158592
352650404 3121661393914
298179239404 76755411339376284
35387177596 3138052339309580
498563533204 165948700093905524
190037666254 39052803761496754
104533522942 15932198143448578
267017146477 65043151739397077
273372077332 67378927140768762
301633642 2469374098882
418220514307 127497311923860712
41476464121 3981934112640576
433328831041 134468147319221185
170622329042 33223579911447682
240618516329 55639903860831449
425108847629 130660180081321269
322786439551 86450170577802376
83741212 361203769722
211704919651 45918655936122600
475041001282 154343988257180162
672142781 8214256951045
38523801526 3564389053843850
248643999892 58446673021750132
10930180879 538679391145579
278173335442 69161772769215982
55070673751 6092174927034376
494764278626 164055423800308126
115619661502 18532752622250498
6727130029 260095513141909
362804193052 103015227249407852
145925577029 26277840135011389
24168629 55998718029
98646381577 14605418845950777
48672780004 5061985344884004
201375397252 42599287160773252
317712502681 84419812704570176
98567778001 14587965432592000
12523034671 660623473759880
340901392042 93828790075811778
2444298322 56966001973038
69425626879 8623264547386504
2866494187 72345535840047
356946170582 100530319483277762
10695774412 521443959489468
147436174732 26686930534685562
167958516737 32448577682874368
24691864201 1829033379594425
120916653496 19820819063596826
448748800567 141709187068216328
393385830502 116311077219016002
4690106527 151412272444552
256189472722 61127235174400942
33742174754 2921802396471554
85824652 374767655802
11651240227 592853940318952
111800417681 17622093635612145
17095576687 1053697266277643
5573832154 196163590954214
336067583042 91840213026681278
207517112797 44562916526166592
41904980251 4043802657761000
346836634886 96289827087511226
187784287867 38360261352066207
206803918127 44333383144986248
150144602092 27425663259493532
55164966721 6107828338926080
54089413966 5930074870577026
106385237086 16357403975448226
440533319227 137835533364766952
71280496379 8971149433023519
43970506427 4346440590000223
450151044904 142373922533217984
131348369531 22440343541234920
17339782201 1076355420396425
38327806279 3537222137931784
16380409501 988273786408000
287703981847 72746431317156067
39980991701 3768528315941376
469478077504 151640793063667994
498448705129 165891371947742144
36771058892 3323919868723132
254104697 1909342708288
479647879 4951724840819
95975662504 14016317744263744
45347618747 4552220708118367
66872450617 8151974638624832
410356847279 123918329671374539
59692207961 6874930667722601
154799660737 28710951076696897
205817901667 44016696692702903
488607148612 161002570230294522
357731534176 100862286817642376
101587555876 15263462545632250
225744626486 50561378462276290
39191180497 3657412410254513
9560471782 440664452292058
41634735331 4004748043965495
147452465827 26691353856146152
6357690704 238966520566424
348648823447 97045470276833288
40063038646 3780134657285826
203579105006 43300461318781570
93488987846 13475128752459330
14008952806 781624852271426
39835212671 3747935819551880
445820555779 140324397641700584
112730577379 17842469711836904
125914416226 21062292003066626
444243529 4413707561664
219849147254 48593696716288194
186873494227 38081516692138823
24175036442 1771909296162982
99990118837 14904860414537472
96198357766 14065129823140026
84780766532 11636923233690308
375769508242 108586365310274178
6598305127 252660100564627
226376009147 50773648716020063
131933828041 22590545618433401
75142269946 9709984312373826
2511172147 59319745561063
121396107431 19938825061440520
42855818996 4182213664376826
99073696954 14700423056068674
93194748857 13411563113549833
434817757154 135161795358671134
159521830381 30034663876624320
1129859417 17902622494057
371890596379 106909373158160104
334258999636 91099839118672890
257992888682 61773817266496962
52512788927 5672694024055227
322382417879 86287910822774819
151902727706 27908784356335426
249871124351 58879881613665275
210689097817 45588555837578857
99245594527 14738698588583048
469531373879 151666615796918979
8284097404 355431960570234
1013917997 15218909164992
14011128902 781806981714298
109512601 540189166400
28262174627 2239749077173623
13280669777 721472385744177
8217171307 351133425319087
15016358351 867434956619400
284225955904 71431288270354714
486208931329 159818658494581249
178370803282 35512259424352558
9221431111 417432669812915
26409880226 2023208104506626
49862767322 5248754339593538
53989144301 5913592942940501
279009355522 69473794541068542
30912789629 2562113830196544
282972755072 70959379953376538
150993533812 27658592874625018
94707571372 13739448363559388
343992407077 95107823358151773
177431925661 35232243471075365
17617991329 1102363590244449
78753890629 10418378442871869
58156698629 6611369813769344
138412965154 24274911966714334
41268777572 3952063215596538
453616218829 144021032603154624
308474098531 80764585653210551
345176217376 95599199753837000
129370804112 21935466691549272
257526190957 61606273821848512
68703128587 8489004370542568
115372624621 18473387739551680
3096805651 81237470426600
8486764904 368554739572864
415566080281 126285406483013545
498556543291 165945210177132776
226924055404 50958141523323164
339013130177 93050289892750848
29240511707 2357048408350783
5059224346 169634105980326
158560232546 29763499811817630
160714733879 30372191838299144
253761510622 60260322992030242
92304931954 13219943123048974
37174328116 3378749899759610
341483768572 94069330524539788
305903167291 79757011163357151
434629403971 135073981290260951
7525497904 307745202868664
76818476596 10036692453752826
359158211881 101466265316682176
240689974021 55664691212264576
433468483966 134533157047739010
237926850932 54708900103763962
75900508537 9857325544807497
170971836421 33325716374346880
188810962796 38675282375691130
1024935451 15467642566376
179373246536 35812048044558240
247372767272 57999019015062042
142931779 805468229864
179347492417 35804335561554432
29530939852 2392252219339452
674638279 8260046233139
320281261777 85445702621607552
177986363296 35397512631191880
7105452446 282342258473730
178628920906 35589371228999926
46263192472 4690779295580442
121741270081 20023922942405120
15895177552 944687490781848
177016367522 35108541252872542
299015391151 77078493110870475
1057241137 16204687351168
119912594341 19574451958821760
7529669687 308001138628547
219356079482 48430312652795458
254365990886 60475768699612890
66719305279 8123987248467259
47544949162 4887066082985622
43597944406 4291316602783170
304652177911 79268262576991240
242761287616 56384788627736360
306021431 2523452736520
5160822811 174769544287976
421902416167 129184691587144403
348799147477 97108240518568448
1642647904 31383335793434
111938204 558235833324
89794532311 12684315771512840
169834622267 32993772068198632
314448686966 83122309259182026
182239221061 36673760100311101
359521896631 101620422011536195
214159927492 46719702049241082
334510059017 91202495041235257
179327130004 35798238103157754
126996156277 21334295953569677
27146480537 2108439996983593
210564482041 45548115556810185
398126860616 118420047802799776
409393501147 123482223068064063
187905036062 38397266689462018
497670220279 165502885995621384
29875579021 2434252220267701
61265575991 7148528672439235
10631080021 516720100824576
252340828846 59754981180083330
141844961626 25183343614050626
247121723801 57910751877718825
261231123521 62940504439384576
33384375607 2875451911829187
339829633906 93386655992998670
450601857904 142587851113297434
307703258482 80462043035250958
40943629721 3905449064758080
376221305896 108782258679673280
4820392579 157765021986024
10977544879 542184600854219
244885563367 57126496080114707
209295765592 45137073634278032
1567972001 29267765408000
341221018051 93960780597521751
28283813881 2242321908768320
35435612437 3144497188482797
263034034166 63593212372729026
66716748256 8123520223558426
330780091567 89681318946248328
911111329 12963899425024
292824826004 74697270515522554
492238853737 162800945450603993
2414742766 55935906392210
3697097056 105968660607770
246735211576 57774941427610800
310336872707 81497255805237783
15623551297 920576097490113
356741728861 100443963350847040
6225103991 231530292811651
46140688532 4672159980264308
248356367032 58345285096373808
161421358529 30572721041695809
218594373004 48178272675313404
12190864732 634514191296812
235906531942 54013552731451482
4703675537 152069830175872
58614600079 6689606154444424
243767104967 56735574846009907
275467902376 68155258357389376
164890432246 31563546394821826
470124621281 151954150215712545
52521863461 5674164504649565
67448306 261092400270
19191245656 1253271503531920
78053782961 10279761270010065
73186980167 9333462393972403
208247668931 44798446788535895
424374273451 130321661467046376
60150206747 6954206003078888
9940993507 467233322252008
1204644071 19709181678355
193441689001 40106781225496000
389540365841 114609787357595776
135635329867 23547875677440207
4263014617 131208484948457
203759086007 43357895911855112
375113541247 108302156440175867
150014757376 27390094441428250
104827961 505899749440
633413029 7514601062109
303070440526 78651729467544626
31187156627 2596299602207623
1028243227 15542581901823
82030118447 11075214412273288
471675421954 152706647334802174
336417745246 91983788462701826
28372359367 2252859908429832
10374985177 498161830026473
105727562404 16205956008112484
91101955232 12962350598514458
14338779841 809390664984385
16593227707 1007596097249512
284626448317 71582318370952453
67984778171 8356213039577951
459405696332 146787011064158012
431729085701 133724198734732925
1443483316 25852305064276
43246963852 4239600776189948
433861494887 134716163470508947
466227890704 150068811823259674
35986408504 3218096576118554
8260301779 353901616071239
161157257129 30497721653984704
290092302452 73654145500768148
284661731 2263914762551
223618296904 49848692588556314
1725693127 33793098083123
4905203629 161946932945344
1441495972 25798933945338
81797788216 11028195934986010
45824996954 4624292092823874
415494973492 126252995137509332
104802552052 15993742798040852
2809163491 70186013484776
229861323407 51950727842344683
11235079951 561375749958251
64488794546 7720018084135630
8829809606 391125246395970
112040761879 17678949164123619
456281372122 145292156387538242
1632404092 31090224239628
129813722417 22048211684255057
11789185129 603413722016729
10825899086 530988698468226
199849483654 42116013719687234
75234174754 9727803874009054
53769206416 5877494030482776
57066074696 6426267737816480
202118594707 42835330641002887
368470347379 105437912726522279
449817114296 142215528307798576
170242251806 33112628703411426
388068606592 113960873793405032
12855339686 687092195644226
362860415779 103039174153363959
479825223154 156681488602396034
395001829432 117028508679175962
374735126341 108138314702469760
392702249566 116008040644133026
133647343516 23032070396060026
9173689879 414195156023779
1944353621 40415334407680
273646471529 67480398940130009
107651480029 16650310881088064
325499830436 87542528396639226
162370494731 30842762586017551
425516501356 130848168072424220
212074678279 46039009141784584
348709784287 97070923835502747
284793969406 71645523952647426
10471577404 505134931962234
26211455281 2000449530046801
163848642577 31264887966140273
99985199791 14903760552744651
44072281387 4361539873860072
38819428204 3605496732535674
9084374237 408160934558272
65791060654 7955038377806034
488247385754 160824782888940354
156631765151 29222161897534600
242706243971 56365612687801576
434211815779 134879361073323959
2888418016 73177107680026
298336025236 76815957559647226
43258952 134102757402
476431970879 155022387549201544
9976134379 469712985816879
67878727 263595730952
128239977142 21648489768291978
1021633004 15392944501404
68153027807 8387252367314587
283415276522 71125897796463042
67834415279 8328506004955339
210839724397 45637453104601813
146705631976 26488826596806400
437047519916 136202800249805276
102336725437 15432616981893893
420314754512 128456174959814168
4211004107 128814615694312
509554927 5422004147848
105692617262 16197922058794322
2255064904 50480379609114
104905588327 16017334911366152
56156226016 6273193289728776
681413987 8384799134647
379736516504 110310420152860954
150287112382 27464719309655362
436043981297 135733950718659217
443368840279 139168454117349384
90255346546 12782082518589826
148546019392 26988831110297882
383560552586 111980886888619190
37889401561 3476706227819840
248627075704 58440705777306224
458870025079 146530353282415624
479849713904 156693484526862584
20353246162 1368803295436718
8864660977 393443203117952
242266119487 56212361662047368
342292484107 94403696629788687
174174217156 34266396844868676
136023630572 23649068411595642
35764654 100808643714
57514583221 6502177005582080
461183599801 147639935627867200
1278283204 21543759059524
269943843836 66115456064334476
10307823572 493332436251642
368254049101 105345085562048501
196109248402 40939243738823298
110720650601 17367419812285376
10691240879 521112463021704
85418984476 11768572113461626
235996522654 54044462336344834
1020322552 15363336803098
374682319312 108115457496799768
165055287629 31610893521226229
7128836716 283737206492026
8428628531 364774185651176
382399174129 111472673385362304
15232193071 886203915589451
306623979652 80039079489015802
121157738641 19880127159323776
232769715361 52939825033773665
35624611276 3169687913589626
155412881404 28881722663315834
16519712029 1000907325675584
182276653654 36685060073691114
34309294177 2995773203396352
63002027936 7454588951707976
2098450937 45313949576768
34090652171 2967182183833576
129932981336 22078601987896976
338741454872 92938460525050138
111118643911 17461146664940851
138389815852 24268822317113948
6812071004 265037246630444
70542375079 8832164015516499
417873049337 127338454325073472
354945672526 99686373814264626
2831695141 71032128763776
4923941467 162875777225407
442270595251 138651684188283751
25820031391 1955807131279835
55605955871 6181213660798555
269794706029 66060672676789184
18891500632 1224024406245008
276279036154 68456511671745734
13089700901 705966838801501
171381998531 33445711159710551
99870307427 14878079178927848
79661359129 10598970386165929
451563079286 143044346004535490
3544777901 99487736625600
14619388522 833266160831938
49431383101 5180787923131525
297583366186 76525447309896726
3678289336 105161066076976
158043696437 29618178931150797
81470495971 10962072487823080
327587248307 88385987879002983
65637347722 7927175638438838
22043595466 1542816551075010
97197948157 14284923246399808
13993222987 780308757943272
113181638977 17949664761744577
252377061031 59767851468148051
162293572676 30820847800133626
326196510487 87823734965846243
499309738396 166321405353009530
277722257122 68993614596458242
11604575686 589295826204226
85483061941 11781816989709901
241341907636 55891004785741140
241820135404 56057212262294684
53313369454 5802911469561474
175179020006 34563346184638426
8337343016 358864255523776
70150780597 8758722478875213
277218675316 68806044838828026
328777377754 88868086837609794
283696924141 71231947632803776
6718085656 259571154291920
20027509454 1336075210828674
163778811302 31244902726520602
15613123696 919654620808730
7668606247 316565178362888
263080455766 63610048013174210
345142983196 95585393386447980
28629014542 2283497915053682
14371990571 812204303251951
214163199812 46720772855423172
181808419522 36543795338356542
28101448057 2220670097115712
388317084547 114070344049747863
29054359154 2334575866902914
11735503004 599296932007404
172237249741 33696380714887360
263569321 2017008172480
424689408154 130466851195700034
101376714622 15215969020298242
66804080051 8139475917737575
121154785126 19879400223229250
101564568952 15258282177953648
449393238947 142014555013229288
22339166879 1573950680934619
308764001536 80878465933534490
130480029904 22218182985736984
235166649337 53759644761077193
206200466021 44139477957349405
335719241992 91697458506929178
67876411682 8336241500970462
107729911577 16668510569060777
43291972627 4246220982027752
315212839022 83425490827447938
77048340077 10081775299337152
2155978946 47190067213826
467120566642 150500018298474882
255696519404 60950890723847034
126720630736 21264904563723290
276798132821 68649535315830701
124013205254 20587060164932794
2706897832 66388473977408
6157003997 227741420919013
268992421076 65766226021781300
128633274506 21748156354342070
14036585026 783938594952126
28046948062 2214213059825922
124578605747 20728011317547367
394168554787 116658388254388968
171460459216 33468681564948760
155386121716 28874263500630010
74327678462 9552518908514818
201289731787 42572107307600872
313933428391 82918085352205651
58583104661 6684215075838976
231707217886 52577766111316226
55140057571 6103691913004855
9968649401 469184452801600
297167688847 76365162121453192
2604001862 62639264838522
2607322579 62759123632199
304588954252 79243588342794748
154108807552 28518964969123098
111916772606 17649610790599426
209479747 1429140674263
115936774279 18609050285434739
271974881686 66863030180529090
16939111 32856232851
100575003754 15035828961516994
414267063442 125693736342692078
409246925572 123415913267141892
2821394522 70644897486438
22049895001 1543477950280000
338698655362 92920847103595522
125339980861 20918323646175040
336037249702 91827779102446402
3336015404 90829691459164
80568807491 10780589855408360
8464110887 367080025145043
29263489927 2359827336867848
154746249361 28696092899791601
113645519626 18060129279043126
13040398261 701982025694976
196643823502 41106752604982002
165987951052 31879203244895098
269247730754 65859879677032894
45272059966 4540847977537026
68678295037 8484402105292997
17944798736 1133178150707226
73229836351 9341661714152251
6005148437 219368072476672
463046731954 148535513281203074
199255009727 41928235422224827
417891333367 127346811959757832
13434637322 734055148746038
139447181461 24547491624051565
194970462379 40583166734759279
406546323187 122196305938123047
86562323404 12005646028363964
418437295837 127596455764862693
425103315212 130657629447598972
286827758701 72414352537964501
1524375721 28055627056576
304595198272 79246025076282792
77381976701 10147330750994501
239714765437 55326727197773893
152658790291 28117408403852776
22937928392 1637653397689632
427679772797 131847258757339717
24104065267 1764112259530728
34882129 97100225329
162870646954 30985380520359874
355431990629 99891317510917504
415964573152 126467095724587802
86777988301 12050541049680501
4983064366 165818110931026
275165889247 68043204537418888
127317896806 21415421953991770
99477401947 14790366440045288
40614637529 3858471794720064
426159736867 131144976891609832
49888034002 5252744358970498
83162042707 11305242130627783
252947171954 59970486157532174
429065403482 132488531549403458
2079770266 44710207964710
398437452182 118558649834418858
101429854801 15227934581187200
92548711336 13272348993841690
455521837 4582853381568
364977893126 103942419161816250
352885265152 98819637085291802
181007907004 36302704485247354
214422446954 46805632678684374
39624362317 3718218078807232
469184517166 151498585829673810
97329381802 14313907750641602
138398233556 24271036617300020
383708586277 112045721056434048
5593064731 197179768452095
475312012501 154476087188800000
444434505802 139670506256164598
90590451032 12853335554508058
134857277471 23345547875183451
245450657047 57324346418708488
183029742907 36912645421001183
177676844671 35305218195133576
129561624362 21984016422083522
46781134261 4769773262032640
59277270404 6803370879037434
18867599641 1221702233683776
128170604452 21630925678353402
342515917612 94496145650663772
288768460862 73150537737607618
410678516329 124064063283852224
334643395951 91257030980785800
4373041961 136320837112601
142059157879 25240408229559304
111981598129 17664947796367744
422908870087 129647225153730568
429742835071 132802425589327355
284235003466 71434699031587010
5385715006 186317015463426
4781197579 155844728885224
45469066021 4570520203921280
1810665754 36319540844354
429419343481 132652501954458176
35328408392 3130238297341978
99424329851 14778531813679775
2613825754 62994071994854
5588517782 196939366708162
145444626812 26148035008620922
1511757592 27707997102032
34060630501 2963263500217501
50010351931 5272074630659551
81356300377 10939032555126377
29915680711 2439155083147315
1888696531 38692466740551
12612134432 667686396935962
407752811932 122740664107540858
244022726504 56824840253272704
227650191421 51202929288066880
245773759961 57437573477113065
77551625197 10180718850707392
266386128829 64812721893721349
346087456436 95978011681755476
27214095052 2116322244604348
40907867596 3900333364219580
119058580379 19365711509032319
8965341466 400165027977026
241724173861 56023847753155165
46006212781 4651749516106176
99764876 469693045626
9373611661 427808511762101
97670729326 14389275084428050
11288057132 565351053499258
5013659317 167347591969357
43517367637 4279425404673197
88414540306 12393036643458926
431276671954 133514057068575874
69380918779 8614936177145064
17036272579 1048219136878824
822404 351167364
6077917132 223367506619258
280495631522 70029661348807938
125255380306 20897148380858926
2121968086 46077829708226
384993033817 112608794088910953
374813910956 108172419144211676
26968289404 2087714166646284
402998628652 120600294947986298
173526179717 34075335911420032
25182953677 1883869610182848
165638397962 31778554841383222
281866462432 70543659108231962
353580529 3134019966609
2275392071 51164466153480
12572936026 664576061589350
59177116352 6786135817894952
226191008122 50711420845379138
166200050612 31940325726998522
87605654654 12223354177187714
390517194442 115041158587276482
81491891329 10966390980376449
74142340504 9516811970896154
34149689812 2974893311996922
8830341172 391160566431738
86257603576 11942307710305050
1719471404 33610507573084
339958254736 93439679383685976
163608302407 31196122134037683
81353880136 10938544425794976
449325254 4489657957954
346272178529 96054863507963809
136065360292 23659951950322682
254863372177 60653234855732352
466697308627 150295512402422248
51783573472 5554944754894088
70359195251 8797784133630375
381031763204 110875289680024324
117734509127 19043556851615752
126474070331 21202871995046120
269383505029 65909702997928064
116208035561 18674398898902976
36908678972 3342597602601338
74207818129 9529421701231744
218594373004 48178272675313404
86336953571 11958790450256951
200759646341 42404050981275776
277880279272 69052508385510938
122683086841 20256736095357385
197440452211 41356798509311976
24544527581 1812686995587301
202651106662 43004726445905218
91306960112 13006128626478618
3899460517 114787119477632
214450606966 46814853435257026
202062012779 42817344632319464
11886892579 610930806498024
10480117477 505753002674077
37335103912 3400692830075968
214423756681 46806061524233145
140985013537 24954676361434593
5115307232 172462583394312
80324528456 10731597975574176
333976159687 90984234580981768
328712509154 88841787274610434
21005223131 1435097849669695
30934425746 2564804173192430
116627354131 18775565611378695
521693452 5616899521402
7343689837 296660590529472
199740757036 42081649013775226
459559076572 146860528168958892
27798815737 2184894254366272
159533127371 30037854420552680
109445320154 17068216568968514
2375086582 54563655789762
81674067367 11003184805329928
480873005642 157194981179995382
356156606092 100196944398081532
185821015501 37760254977995125
165370292551 31701429958979251
175191122 1093017422638
104554556971 15937007158761455
58851085504 6730131670352154
152126591437 27970502190612672
19259288192 1259942633651482
117782068576 19055097140065050
191644571857 39549179242350208
132296735692 22683818796652732
156695577392 29240021524029978
251443670086 59436589993628226
177034218167 35113852002730307
114905228806 18361242735631426
487015905916 160216707003915276
368743385836 105555129570904476
62842746982 7426336886922562
39825616426 3746581590258626
222924665341 49616937231165760
21944810752 1532457339510248
22517921437 1592880232725797
4381837306 136732311971270
9250380154 419399902432834
42505220396 4130997360040826
50194268062 5301183964465922
39837188512 3748214671968072
9518481326 437764474756050
106266262579 16329971992909799
67166439356 8205791062806220
435158201779 135320565796901864
4572787529 145766748125689
156347007646 29142508953225826
440221742041 137689328183434560
176559697442 34972768310010078
47591832422 4894296454651738
44958459592 4493747897952282
5749082836 205487551517690
74963275207 9675310029158408
89742414997 12673274275467117
43015818017 4205656527717632
31425621052 2626134399412602
93700555652 13520896480316548
25905090772 1965479682235188
259505009677 62317706027654848
19586064241 1292144887615360
24072677911 1760667638330851
428794024831 132362855280941051
159125559454 29922818869756674
3896458504 114654590358554
45533924426 4580302992136950
298220169661 76771215903238976
56248089311 6288592633282715
75619077172 9802551386783738
190784366329 39283200570229449
327691672904 88428253317029914
402024236329 120163168126233024
103322170072 15656064024079642
266573749366 64881207142844610
399320800279 118953140767973384
30517221827 2513093217618152
19840618802 1317417088585602
363416914786 103276303400340226
116043217382 18634684020392258
295266538492 75633508057033082
181812037579 36544886197918799
7605082786 312639883359490
77190509242 10109692456026178
119300737747 19424824488680263
265624645147 64535012745272063
62852673976 7428096617850650
373400511577 107561129031260777
66301336732 8047766755000812
6692608666 258095991542310
448350996097 141520796315993088
193418675704 40099624320259824
484487718796 158970756275624826
240386178754 55559335693706754
211923611131 45989825416787176
258936906796 62113181016588380
486445627129 159935376922096329
28387130402 2254619445207298
28229374856 2235851176878176
53130013301 5773000985477376
53955303754 5908033820876994
129236551004 21901330589333804
83140021426 11300751985919950
21681636442 1504972976063078
70140667612 8756828549382522
113501586577 18025830140268273
434970707572 135233117935935892
64589750821 7738153567432576
3234854396 86729681264780
86302467154 11951625931587714
307297032781 80302758174509301
36934494367 3346105140355803
29914457701 2439005508412800
206312863621 44175572817047680
42542548972 4136440398441338
28931790427 2319818464108223
442691098879 138849472909227144
35376271022 3136601694071938
49704995572 5223862488172538
101795908867 15310444013593832
148614705079 27007552201430024
167913891772 32435646617497292
435663984526 135556558343230850
26740015654 2061263020181314
80562384907 10779300809080808
90291463726 12789755739916626
314699334532 83221714518625412
371867311201 106899332438052001
54289902856 5963076253482720
145611331076 26193003068303876
97093482112 14261899765255272
497000013511 165168677157459976
48293502721 5002933218920705
125170808312 20875987410608922
286348524529 72232942505075584
891411977 12545732192448
294002238706 75148246223465870
49870978291 5250050874179560
54295834279 5964053522150739
269711926 2087929938626
213172830677 46397066597284352
51412860781 5495400725753045
1094769029 17075112576509
439203316762 137211800992452418
344276966737 95225861410118272
446770049629 140772923861581669
486864917254 160142205196735554
246283727197 57616436086691392
171399562796 33450852874346076
2267977576 50914584641050
57665608211 6527804515319815
216674507779 47544959467220759
144336779687 25849851221621768
145214958071 26086124638317576
133141158326 22901344361682626
33013064491 2827612991244776
273359507311 67374279928584715
173395421606 34036827679963970
248443062352 58375838217778202
44056547542 4359204467772778
182031600377 36611105626226377
3281998672 88632562190488
16243859647 975941916951688
493647804379 163500431091958504
36293972332 3259440675408762
27007552667 2092275105267432
413029155004 125130762095077754
21868828681 1524505205930176
410618703532 124036960505527162
110428146082 17298642702822658
255114030754 60742735761013854
89637378937 12651031234808393
31435399171 2627360184412951
440157000376 137658955149219376
256762437922 61332415609509342
20888351422 1423137308084738
282399496 2236980556826
156907818529 29299449256899809
9949455517 467830031473728
64010241101 7634245415390400
207865143607 44675069548258312
4370447 4304892267
272292111821 66980047418892480
66084757 253214768237
18014772206 1139812652372370
267224727331 65119013979778551
7127045746 283630288269326
86881335977 12072074752946073
166588289506 32052308783927070
415684605116 126339437718118860
456832736012 145555589516044668
408130375657 122911183498878912
363891084652 103478494772775802
3267593221 88049656184701
159959881306 30158462782087270
343031747906 94709693470407170
450351272932 142468925426852858
1637550607 31237369567083
19541557666 1287743053353310
451328378404 142932839028116964
178718588731 35616172247107551
60128357591 6950417239247651
283446145504 71137518440174344
491881723477 162623803929158573
412489458187 124885583354273768
117454685476 18975704924892900
254607128029 60561785032923109
155421244279 28884053915076739
692077 271064277
128808830581 21792693747292301
19506383887 1284267804611947
4094355787 123499418448872
208940074267 45022058970027007
5088034127 171085147587627
403891509529 121001318818379584
472230175862 152976132090087618
96243103279 14074944315192139
43916254796 4338398978984826
321922478801 86103317715523200
196700268937 41124453060858297
189066070351 38753691726559275
61221478322 7140812010233038
425946501691 131046558728701151
65456313472 7894402324074088
399470056696 119019839729514480
2578733021 61729711104576
276036016621 68366208285040576
327744004 2796858099204
41847527 127593115923
47895589252 4941228291371002
1901378612 39082837410772
175028706997 34518869879831117
450021062866 142312260809041026
351267408052 98140835314479098
277775174629 69013334728796829
280008248654 69847217602493234
223004798881 49643692958808320
201442038547 42620435042735592
25382185396 1906269809217530
78029288404 10274922707064884
808160707 10829892274408
83705339062 11416208471803018
4519295057 143216460419712
31332929947 2614524118044392
345206129506 95611626621120926
9260039917 420057017485653
442548086411 138782194802943976
4567624832 145519959586408
25251172 59803197092
94637514154 13724206119550914
240291888662 55526649632477122
435285086447 135379755876849288
2868008717 72402880111157
22083928042 1547052772575682
9911404822 465148835993538
3261694529 87811340163584
346433642692 96122055891281732
235000712962 53702754594388222
44671352254 4450770620223554
67104512686 8194445198724226
136737566827 23835500120175023
345332439454 95664107488914274
196847692427 41170694871525352
283974189877 71336398974997248
11363308882 571013846960258
25862316166 1960613567924026
12284575886 641844520996226
1021407004 15387837014394
96202744121 14066091826456201
116603207156 18769734859430420
268384714336 65543483550483226
29070994502 2336581183259002
185506582387 37664452626405543
424934593787 130579851063796968
53944792346 5906307424597826
300765658321 77756243859709105
533386792 5806804230682
1758393254 34758159491354
353049103957 98888465603742637
158340686141 29701704247390085
242203476022 56190560561631938
60318543457 6983419581328033
64085759056 7647759504865176
442956485836 138974349084109690
398729411516 118688986467740026
387678427697 113789046027644288
92577538957 13278550708787637
1170675079 18881428156424
30781395022 2545795796389938
163740467671 31233930849871880
95986177732 14018621281087812
125755889296 21022528176687130
150774349546 27598390296780630
9306640666 423231893231526
137634844792 24070499223206682
4205683042 128570534443778
263985042421 63938409205048576
176740986697 35026646571332288
427626132802 131822454912913598
493747172129 163549800791016704
380892102004 110814335840979604
400932812716 119674167979654010
3861139627 113099214966127
419468004146 128068195814430030
436277476672 135842990782855592
219940664231 48624042167303176
316795662121 84054653841217305
101376264341 15215867644033901
267809163871 65332759684588680
443017667866 139003143213491110
54163113886 5942199115909890
258616768456 61998025491257370
419655791731 128154205908895720
450211772872 142402734113000992
114081687281 18164200330886545
166760921342 32102144402405378
499881507022 166607173747719042
113830096954 18104145713732674
343135291906 94752578858460670
289373704636 73380637974824140
1956282526 40787838614626
351830886436 98377076034399226
703293761 8791875331265
10780919381 527682880120320
44513372752 4427181351785498
499208813237 166270980216700493
9364440232 427180791634458
267074150086 65063981271421690
4295300956 132701891330426
306069012029 79821880130648709
8215761206 351043044895426
251178519607 59342599781090312
151077074456 27681550198790426
402855895306 120536229585033270
717011647 9050360037563
197794397362 41468056927623118
113381553307 17997242925993087
347214861151 96447376580200475
173510863156 34070824437522426
117531761362 18994386308543618
11474446 18317043826
11359540357 570729813230333
73208789336 9337634662483226
61703561572 7225322517484538
53421835016 5820629456221210
370587749071 106348060468477576
13067381954 704162011462974
392962844551 116123533280553075
78850757287 10437606160273747
444464675866 139684728627983526
38377381582 3544087226979762
374940329947 108227151140328767
199903858057 42133203086140608
2467496126 57778889333250
231560880716 52527964864713276
83636205556 11402068146251770
238124870887 54777213424865043
8289890704 355804872398424
113894996902 18119630987455298
118518520681 19234094178429145
180629649677 36188969683537973
344017290982 95118143491178458
3160244252 83746472731002
213614454379 46541320453078504
151121052496 27693638101836826
242846303987 56414410648164647
133908041296 23099494212015130
4050945056 121540504575176
15593161907 917891475773287
108510207586 16849935245164190
65455589837 7894271412532597
176008674706 34809176927442926
6025220426 220468840680950
292228213754 74469100167868994
193033872497 39980017468757888
244159671802 56872682059206598
36806592904 3328739186961434
392420478829 115883206273883349
211998486826 46014200899855126
273067520546 67266360741712130
242812853147 56402754845128063
123095063401 20358856662973376
6303230782 235902614245058
465059236952 149504918199787152
8481163681 368189931915520
6705688529 258852988673664
241890380197 56081639608124288
6825617542 265828225662778
11124576542 553113945767682
24569791976 1815486499046400
1438705262 25724050120322
489642699667 161514683412448903
28745425879 2297439836304419
67341380537 8237871081335872
93966977342 13578604094117378
426330548107 131223832157036687
2079641279 44706048617659
73082188456 9313423571981120
401745414877 120038182087387877
463831369129 148913215669963929
126475579154 21203251418765934
245944157879 57497317117735944
494405238856 163876878885842970
4634485951 148726833546376
187908101242 38398206220772678
19296006577 1263547534808273
23424543682 1690041785894462
123185383904 20381268138015514
52039735192 5596214350135578
338700301447 92921524501729288
181209525079 36363375801179299
379205101279 110078943244059784
32512117502 2763497475722498
60911144966 7086585339012026
395756799286 117364185288585226
44989350631 4498380194642195
200368238204 42280102680324474
183074517754 36926191256224454
320984355836 85727217819789690
147728465021 26766329663657280
92362515707 13232315813049887
18435168137 1179942936736697
473699757841 153690781132726385
12956072879 695184002575819
28238404777 2236924060171673
401230163702 119807326882014402
75699988652 9818288528423802
3136518004 82805120864404
118887363632 19323952085070362
426500469991 131302292525221651
3387920771 92957770169576
152436191629 28055931881749429
64722803006 7762076319143426
466740785197 150316514737787413
6914703602 271049466573198
267459449272 65204830670006042
71287771 283701573951
155610305257 28936773664946112
320146016654 85391586584604914
133047258247 22877121263226888
437397253861 136366321243275165
137126393587 23937240352874472
272390269279 67016268747960859
285549179906 71930695066364926
1035238754 15701466212254
251358579826 59406421901322626
334343220779 91134272090822639
378500026654 109772073064070914
140071570256 24712546997478426
1520568232 27950578421312
367625171 3322596313576
468760324897 151293176128360417
163054712 981426323568
412701115387 124981717949212447
12659348522 671439186364438
14473044181 820785633010176
79858662482 10638371722806062
6706267579 258886518274399
3268239977 88075799194073
18735737101 1208917191325376
410954073937 124188951297452672
10239162754 488411476515454
171915181636 33601911047297476
14072799262 786974389508322
10730029 16563591189
187862739131 38384302722393695
423386320504 129866838505313904
19166568367 1250854973753803
421288104241 128902644690175360
399529945852 119046606199630202
29070753376 2336552112505626
218439018029 48126921330625984
9686162521 449383052812905
448326375904 141509139522468634
215267395477 47082567181181952
84927835181 11667216141770176
26406203146 2022785577678530
209293824637 45136445750863168
443391440587 139179095229418472
118649523412 19265993213236218
11252625154 562691271800834
52043606626 5596838848250626
158610355477 29777613877864448
205508772172 43917567128204092
355115888129 99758089946096129
2678424646 65343740520826
189780671656 38973611772582426
91593926011 13067491705114015
317543532427 84352475650127848
214647778822 46879432641459642
101613701029 15269355368993664
207538372981 44569764931048845
172152743701 33671584677861376
103550495987 15707988938555368
456936930529 145605389910665984
107853417904 16697183088560184
308697995386 80852532562716226
142374376 800760960000
92729926576 13311350050296376
267134814454 65086150913070274
284454450931 71517443235424551
92805736552 13327677150292352
110323841047 17274139285315592
211477236076 45844599176285050
355257841 3156347515776
276508776727 68541917271506952
460022248456 147082606817977370
1006187371 15045184392680
50780223956 5394281630610426
275168856629 68044305205426944
23460920806 1693980146327770
96083909266 14040037045998210
113367744029 17993955068088384
78984244879 10464122370732779
173179366504 33973231318492544
319052302706 84954375694361870
6021708154 220276091582534
396360225727 117632712632379323
332909640254 90548758872509954
391641263029 115538219553862989
231993219196 52675143053928826
28580938156 2277748339522426
105743657504 16209656746409754
68471646712 8446137389347568
305327753291 79532078505513935
178274057287 35483371239373747
402732034027 120480644080058927
190556498497 39212843298789888
182949282961 36888307856206976
391934263567 115667901153992328
410461036129 123965526647449344
305919593302 79763435294129602
23635402072 1712912737574288
401876296504 120096846406618544
273417183904 67395604190664264
275790875956 68275156973330426
273795190022 67535416752079938
91969241641 13147892128869401
86207768836 11931959813021690
12531423829 661287412703149
16245481879 976088118177379
16903628779 1036000869815784
29247283297 2357867234093217
414711378902 125896006850781802
120807997741 19794108544862485
456561312526 145425887698772850
489925762876 161654761559111500
465293622116 149617955953775610
148188674216 26891502332992026
91353117962 13015992247510722
359074310767 101430712848842507
441890714657 138473083799117537
14663366876 837028971496876
190776953851 39280911206014751
386555668279 113295085408920584
151131498221 27696509495845205
101833814161 15318996442958976
406170394351 122026854696523400
252968510279 59978074882094259
87568404772 12215558950226938
20048128921 1338139095804201
358870954807 101344559519803587
133981020076 23118380354118876
117491523626 18984632862383126
119393564812 19447500400438268
419421292787 128046804160724968
129897299851 22069507945924751
62495089031 7364796262182920
351486205396 98232544550153780
43661454761 4300696955610265
58567702376 6681579190389376
484168836862 158813834075883522
253596259226 60201469574394150
85672126954 11820925847886274
166321723129 31975406712509129
494416177201 163882317398162001
194386412887 40400948077494947
33142954531 2844317310370551
81538324879 10975765194464904
76157482951 9907428500666376
64531179379 7727630241267879
81370822579 10941961636074599
282100016279 70631355776387939
206503045841 44236669474395776
152877680677 28177904510484352
197233764212 41291874707021972
110074085401 17215513574305600
66495933541 8083223516175901
223160432629 49695671129408269
8641457381 378677303980445
85757005154 11838497290770334
78405426022 10349307154031938
76103634454 9896922510708674
329838074911 89298491319521115
68113160417 8379894013189153
297126830882 76349413337121758
6612442501 253472554320000
322151203271 86195098098927155
977549437 14407449481797
6930353047 271970154819592
80409522754 10748635741711294
140710085296 24881717479883576
131998559722 22607173326329942
167030729191 32180084609413651
19946336047 1327960566355592
3966687916 117768319826810
228263285279 51409913637557384
437908079176 136605279330217376
22595021911 1601068189407240
457388258581 145821170420869120
3554298829 99888829580149
496905303451 165121466702330751
97063078504 14255201379143194
17807336122 1120182350437638
6039059951 221228883258251
121000760017 19841502959982257
457211334386 145736570047509390
120694477642 19766215066742978
450045002 4500450040002
202565806751 42977576955557000
171552995629 33495779581284629
1014413404 15230064739884
46108493629 4667270789806469
236425416262 54191857746592322
68054487986 8369068714812290
27377649002 2135429244662998
15942461767 948905952798728
68864099404 8518856371719034
1581721891 29653594809335
5347175992 184320721297178
170942599696 33317168528072730
314604140152 83183956357885552
85190155607 11721313510242312
1189183297 19330967314113
459510183841 146837091927275776
67040783707 8182774590241512
40939051297 3904794005599488
100898181154 15108359115391234
478310951486 155940371336972226
53704295779 5866854186867639
135774949961 23584244583523065
406650027197 122243064676291392
380702727406 110731702897527426
113572111907 18042633558423287
482816725112 158149032394716272
166891464931 32139847055820520
126833927686 21293429393948090
11123234129 553013831290929
240052779857 55443790300133937
203403668206 43244501276916370
9998323346 471280969331330
322191338746 86211206642399430
130054335037 22109540416745093
3834471379 111929497768519
200149267087 42210813264846472
9491319754 435892023567554
331125861367 89821973781964803
338717585581 92928637380900245
128645447942 21751243692923578
85122887137 11707433031253793
25527266129 1922637103188529
130657352456 22263490229433370
404837566291 121426709742211560
50931074062 5418336268348018
474816841787 154234754718320872
173916390652 34190339182930298
195689244004 40807795579799204
82557113654 11182113373364234
287493900061 72666766517323840
372015658879 106963306298881019
11484837904 580198697893914
105675146857 16193906080015833
276137075977 68403756004597952
265887831836 64630950611853690
198517730779 41695737757164264
330225610222 89455916305613442
73029820754 9303414925748354
262816487516 63514334905500026
471260351 4822407192251
75607410817 9800282995299328
170900503204 33304862197447674
400491467777 119476617125170177
62142402071 7302540094804451
37062889931 3363568450089551
11213504647 559759462903667
348751541362 97088360347755022
488278019737 160839919017405993
162135029 973134456064
233039303651 53031822175098600
240440265241 55578087897939776
15719152087 929038566481443
311147288797 81816698168511717
349797953572 97525651644834788
311845818412 82092372211424122
352346126071 98593258100329480
1438758904 25725488825584
483639567257 158553493892787008
129653268032 22007345716091162
4841722811 158813349989215
31726427152 2663930606937048
41753419801 4021884244717376
116051407336 18636656820606976
41080528204 3925052760951674
192200930002 39721525534160002
43869145322 4331420063565142
308831586571 80905022509977576
213087302611 46369146601505351
405444271772 121699774392770938
106252893637 16326890471831168
9943390711 467402338318851
395870685302 117414849390481098
34069244062 2964387638838018
276984918487 68719034994059272
126316196626 21163184004650626
210007407656 45367480261542426
73845742972 9459762751207692
5985875821 218312872432576
182422194277 36729006210930048
113606429447 18050811968722163
81853209922 11039406000433342
131155213204 22390861716932724
489376536541 161383005459882560
382087031536 111336212757513976
234836205802 53646374247542102
499695546361 166514213175270976
485218393279 159330516843824264
476833251962 155218283346069318
279144580079 69524307404134024
123426234904 20441071325643984
438551244454 136906342759281474
129678221086 22013699325088226
11531565046 583743198149826
6649524182 255607709632962
448619968379 141648166056553704
21535076812 1489739187121018
452414024701 143448875273353925
212965895296 46329523715339880
462540680767 148292084056810632
18537654976 1189796130234650
300544657351 77670557252155400
231724917607 52583790720226312
31945704529 2691595983827584
374965443106 108238024761479426
37475143336 3419844172166976
61589443997 7205287463999013
406930545154 122369576312526334
425952039592 131049114421556032
60962463254 7095543023292354
456684589957 145484791997665408
388225438031 114029963884490795
393024017122 116150649796667138
316863324416 84081584314262810
303268224611 78728734377759415
2382259826 54811034122626
361049852731 102268935335984095
119283641962 19420649270586818
32415290272 2751161321231688
178584693067 35576154347430607
17581593922 1098949249282238
93804913231 13543490835971720
228639110977 51536932301480448
305464521391 79585522760717960
32722064111 2790308573107851
88828806766 12480240083688210
34398153196 3007419068050076
67213361404 8214391346419084
220447504 1542838611994
334778395981 91312258210745845
8161244921 347554776290880
63567338521 7555147696361280
413032790522 125132414217151042
204867525566 43712174195393026
156767241712 29260083108445722
267823069382 65337848183851258
8087312611 342842747832040
220119110761 48683230116194265
21805088866 1517844967738526
18302149504 1167195181879144
8345609416 359398105846560
2393939416 55214616716560
37943926504 3484213699388954
171878828587 33591253451176943
1654131404 31713007315834
26735621942 2060755003821578
118071514486 19125381345452226
82751052791 11221539265047560
205790955832 44008052920174512
196604536 1299424926490
293231329337 74852868209037193
13221737806 716675483390770
100931425987 15115826794199272
439298919781 137256604558626176
5980625029 218025679046784
371275939756 106644434625561820
259454582482 62299542467171458
19964116111 1329736572527851
143134703362 25527597229291522
90264693829 12784068234359424
3760742902 108716809449802
337904885927 92594386366694227
199619422732 42043310497774458
75670808852 9812612138142452
317102986636 84176996121972476
347204861329 96443210066865649
195426579154 40725661394442414
173544442654 34080715496932834
192375810187 39775750765217768
217814850254 47920791760271794
119981164871 19591244487452680
47037198971 4808989148601576
2458372141 57458712640960
9041157686 405251811049226
601091129 6946810200969
4320641362 133877953091118
34887215027 3071784396088423
1880831 1215018120
196958139379 41205349729046504
6671915371 256899877465576
189409969387 38859475593160168
251166470636 59338329854698140
320701584127 85613960396437627
71623744441 9036027724347401
25530655529 1923020035905984
336219270277 91902399484242048
16038315451 957476740333800
21215837056 1456735947967770
289335668161 73366170259532865
391600552592 115520205012467032
66216881656 8032394684935920
460989619504 147546796230394394
223541396404 49822980944768084
79923018529 10651234115601664
182905733077 36875137097435648
442951779701 138972134315798925
107349159691 16580220846796776
219063416917 48333422097618432
243912359791 56786293436967435
59636592121 6865324727471680
55346807572 6138053204635892
212946316711 46323135041951315
50194901747 5301284353318888
128182249651 21633873730351975
7836706222 327030975198338
5694312404 202558080906234
308705067136 80855310872961640
5127654547 173087397737863
193331610754 40072551843968894
359990973904 101819367071607834
423499512976 129918921927321626
324928028317 87311952036312357
58375857206 6648776632562370
47711797 155333713613
373491255622 107600340803570242
448062224842 141384093446549878
3961345546 117530481512130
6484839671 246170998826755
458102997892 146163106013056132
11082999404 550016011521564
1346363887 23287607400072
422030109629 129243344833616704
12974752417 696687980973153
97798943981 14417618120917845
1505001817 27522469931328
427860138827 131930673807922152
306143343829 79850960180314624
271740397867 66776579571001832
155834650402 28999373983447298
239598454921 55286464945814201
43188751951 4231043670078251
286145746751 72156228375717000
172284206501 33710161549616000
106079634529 16286972047595264
11961945802 616726027132098
84814535731 11643876624152551
62410268351 7349807662859400
61349615471 7163242452242955
44867347904 4480094423109914
108489245146 16845052767966530
113782388204 18092765113412474
328342069981 88691650496451301
481355624432 157431689171759608
278485949666 69278392727009026
420014995247 128318781198521992
491680398836 162523972475103226
1708055129 33276330062144
233803186654 53292786628786434
162315154 974756616834
117875759654 19077838073044634
14189638492 796795500233082
167997351076 32459832185003876
53520922379 5836831232104719
137638937 761143332672
211761534292 45937076698506932
320829737167 85665282837723307
458181857 4623054957312
124291262 653150592322
121746697976 20025262123515376
99690278461 14837867816340101
12663167654 671743054647834
32243650597 2729339040137088
421836280387 129154317027167447
312254248412 82253701862967468
16655107 32033326312
206254413047 44156801035247363
334560773002 91223236211650998
105625502011 16182495869904351
18745804379 1209891706358504
49894035779 5253692285631959
430035843701 132938270471439501
254396661754 60486707081302594
308086988029 80612603548913984
283798622746 71270253531164326
124162657004 20624286467295644
96956483191 14231725066656776
15465392257 906632845530112
117700543972 19035316641768442
268504881646 65587508436902530
87170452112 12132383525226522
22853616529 1628632510593009
77022433856 10076690976774426
255124031087 60746307422446347
2869220629 72448777339629
97508592029 14353459764147264
411123624032 124265815476892808
44300588971 4395474904175080
103816435279 15768539932917384
166991428829 32168727875717349
55786183301 6211289435139325
53621411461 5853277527693440
16520257336 1000956885356976
200170779176 42217618694873626
159304441286 29973289932778490
15123996241 876778392863360
105052216007 16050928084015112
370187531476 106175830424237876
2786572532 69341070936058
51729522076 5546249682288876
72566213204 9214965716390324
92585284456 13280217170325120
163353277154 31123209836701214
2841034511 71383833173640
110386794046 17288926866189826
458362432154 146287286947451714
8477126737 367927080434993
124910765932 20810966343043962
78827726212 10433033495784068
284071415629 71373037867760629
221132117936 49019683376024090
9792931276 456833715497850
20832385141 1417421596872960
69761770157 8685968240726933
406176703472 122029697908211192
29921796136 2439903048548890
45461527346 4569383575274830
454297503004 144345611387607404
115822197866 18581471026161110
190037 38957997
42585146881 4142654698680320
53784620254 5880021537693954
365358188791 104104918742551560
4301142127 132972676346123
25362812477 1904087784048448
293811332896 75075063530540826
2426362292 56340132466682
1131285962 17936538959222
10783122086 527844609329690
89055293497 12528001838460992
20868938552 1421153846588848
8970832432 400532716790712
57105608177 6432946761364352
57485080129 6497174535032769
197961735701 41520692408082925
21709757752 1507901880905498
1544651572 28617244827642
5288906977 181316072023073
7698109322 318393801640642
340027522186 93468238751633590
29111035279 2341410271329259
141822592237 25177386606610368
77295962 320314474818
278359838317 69231339321382357
140347463722 24785596006097942
157280006797 29403759404417717
230003731442 51999013601128078
291229869646 74087810995595826
51860838712 5567382044571568
74719922026 9628234806043350
131822896381 22562059948501445
64922998312 7798117737488922
170117986754 33076380400942594
36077412037 3230311344951997
444467504362 139686062024839618
948018197 13759536140288
74266001902 9540631445265298
440519239567 137828925477616107
290575420279 73838216906078339
100339232407 14982988647419912
307747975381 80479583373042176
251351489621 59403908354520576
7630386346 314201505575830
336169486 2905400828290
22855754504 1628861056379104
8878913912 394392477145968
143372360356 25591201671314426
44109994672 4367139429362488
22100954404 1548842251757284
377137005806 109179654633392770
225653925116 50530909105598860
316004152556 83739836411259770
406469680897 122161752796321792
134211473561 23178053061382976
437540367154 136433253899427714
456832736012 145555589516044668
29237851654 2356726778682434
492638794967 162999398091393032
285441123529 71889869313941184
277176978976 68790521781370650
377176957381 109197003834562176
185017790666 37515687378169026
124152192452 20621679166609402
253625459221 60211867605016576
19363644029 1270196957501509
23164882147 1662018521171688
416957531456 126920204745689370
112262409721 17731435986912201
5475444982 190992646783562
334822504 2887955721754
252753887 1894137644168
302085596971 78268666357321455
188855824654 38689067190969714
7136002846 284165148077826
336344745577 91953850568418777
262099946137 63254764167942697
323821340704 86866261989300424
385070256677 112642676835024477
151337737721 27753222370070080
3009754906 77836274927426
5427205021 188474166970405
336326701936 91946451191518840
305706871486 79680254202956290
362664506954 102955738886217974
67262500477 8223401204395077
438495054004 136880031398440954
2082350846 44793449091330
93950071076 13574939720131300
82792960504 11230064760687344
11156520001 555498006309376
774742567 10165139000328
15751616287 931918125044872
31634802346 2652398912999830
17302557301 1072891205725325
311256160516 81859643951859460
73251269147 9345763174375167
292170114832 74446893060468762
22069219187 1545507419805672
383932881061 112143979050707840
295360298237 75669536247042368
139433451082 24543866182695158
9650980847 446936923117192
148645782391 27016024109768835
8537651129 371874470312969
338999955529 93044865794652864
89635685311 12650672689526715
23878882381 1739449227562176
437605851629 136463883984314304
13139582887 710006121129043
267355603181 65166858853443520
354693794627 99580282842091752
341169801742 93939626507736178
22873075787 1630713065300968
248791405711 58498654947171976
483029822 5004188976642
477273781546 155433434254216130
214413933826 46802845246466050
18844684454 1219477220516674
28405957129 2256862762710329
143175904522 25538620167056438
458252331154 146234581653738734
97751185247 14407058437923867
99822939154 14867495460642434
37311607379 3397483033291719
12018003131 621066365907176
15430413629 903558730990469
62810135236 7420556870711290
199876669931 42124607818389551
169863764092 33002264513276282
248618613826 58437722307400126
37750512926 3457607229588450
314165638802 83010101747348098
401774995846 120051440159371330
137652159166 24075041450111810
25803672379 1953948686154719
89332361329 12586512827185024
11918676422 613382763484738
497615350079 165475515669885499
227373624076 51109649549917050
401266892404 119823778053294484
134032272376 23131646986388250
69594529741 8654752520662901
209807844754 45302828814887554
354613785247 99546590772123867
54758490712 6040445616321818
14885457154 856117221051134
136087270957 23665667144617408
14291909779 805425339678184
35353133372 3133524976604492
230558865097 52187383379933817
213441278204 46484735656650124
377276845576 109240384878161376
48186341581 4986290502781120
127703714132 21512839979299508
8345609416 359398105846560
74179312552 9523931391683098
1706126906 33219997025670
284719257967 71617333085329032
147271685122 26642282378480638
407977703254 122842222442949354
263311899517 63694007475414853
9364987654 427218250216514
317006633126 84138632538301250
129083059051 21862324407256751
88522223762 12415684494019822
688112254 8508737416194
204682576837 43652994300081597
15697882267 927153555199103
175890032606 34773987116699426
104703684856 15971116174728176
292609057511 74614724447699976
18013443529 1139686554281664
10577633077 512828332813773
24357665971 1792025962521576
311338221352 81892018818592448
172679483629 33826241608304469
165684446482 31791807732094062
41200504 124645264154
28484190541 2266192704870901
381948051067 111275472038272232
330802052746 89690250294214326
173575668611 34089914164255976
60416529856 7000443175803176
3810950557 110901201900608
315058029302 83364039495809098
16214853404 973329005401964
1126391917 17820271086528
9234065254 418290844009794
254036574029 60358327880043509
272682632317 67124193031120453
362725829246 102981852907628930
137507381572 24037069507630788
253760085811 60259815471146215
47167029092 4828913271614628
117341299021 18948233852467701
120346878316 19680886630108026
110092854181 17219916903707520
222280114882 49401903719712258
105161795356 16076048602445676
115272731477 18449400673213952
21297693692 1465174837678732
135756711916 23579492788562810
133543445611 23005217774378415
81613858106 10991019885262470
136863626456 23868468999769370
345177879127 95599890107102627
289687981529 73500214050008384
398180402246 118443936993896826
80394284621 10745580476994805
347830126954 96703847839682774
10934321141 538985492101901
134029683641 23130976832792585
163495060366 31163738958391026
119533362041 19481666879130185
461048193412 147574918354382468
94328006686 13656934578964226
122867424187 20302408393950047
296459625079 76092390789415299
165351314779 31695973061950184
2321018779 52711110189439
44619955816 4443091593851776
9929293661 466408711232101
38773745102 3599134115533698
160710198331 30370906140838120
29859692501 2432310831909376
281109392579 70259638253517399
211928168404 45991308895736884
3275520392 88370264709728
42833571706 4178957478690370
751343231 9708105913595
28528602412 2271494871873372
60770218252 7062005779600252
407176867321 122480701849472576
158148848407 29647742880972808
186935856976 38100580937780376
293700957832 75032762701044762
75821436992 9841925807569178
178579912007 35574725691400883
234414919117 53502079756656832
348160494112 96841653812295368
148496762 852965412418
399688182082 119117336924372158
307538540047 80397442729536363
16887819872 1034547845481242
228451159486 51473396849652226
78234054581 10315394798932301
84119509366 11501043639484610
21628360154 1499429324535014
165547470937 31752391203532393
65891941711 7973342262903851
137030051279 23912018008637064
350944785367 98005659633312803
183295446779 36993053660234984
97424263237 14334843719214397
76109486629 9898064106190429
156622250404 29219499243160164
466632580597 150264245883522317
379280870536 110111937345894240
489926752751 161655251484874376
170346716206 33143111363338370
347149031636 96419949239391226
13897529122 772318120988638
315983483167 83731620582331528
1495197271 27253957493155
317382574282 84288348194516162
153818588576 28438442112066376
287381685647 72624225780358792
310347902404 81501600593148484
242233404667 56200975939595807
146077962356 26319012556003220
296017033204 75922053987297274
175796926582 34746379737278658
322976087617 86526370460088832
67001609081 8175603341916745
493736241187 163544369637709047
136525332154 23780027863376134
112842189454 17868974455052274
73200371377 9336024165925248
134832869572 23339210168940538
194099701097 40311596422745817
26987336651 2089926337744975
192876083506 39931006984605570
39125415512 3648210244187418
207945102961 44700849743406976
225922050722 50620998373422338
195345313879 40700261262210979
426334241701 131225537484769501
9912390401 465218218784001
3054297404 79570556021114
459151716622 146665302335482242
1655454571 31751066891951
204770881036 43681246544303740
190993741 1244196906485
235874249381 54002465899240320
85025127007 11687270541567112
65822623036 7960763557210490
495537501629 164440155616234304
196901029417 41187429165484057
24146020136 1768720121128640
68872264231 8520371467635720
281783878117 70512658380904832
11829911654 606543230426434
53533682867 5838918790521832
255136174612 60750644628122618
196699641721 41124256361216576
134306301782 23202622389902058
147101320811 26596065904311215
29206907206 2352986329762370
429836475706 132845834297615426
21078664504 1442630825012144
239040142462 55093334594722818
20998441 45349637401
38408417062 3548387216069018
328205133337 88636172326641472
57110677562 6433803380972422
1666636246 32073303501930
710324587 8924044586472
156341974972 29141101855320442
251794109981 59560889540038720
33866722897 2937994656026417
446003912 4439968963872
309477160217 81158837881631657
24721428904 1832319348607514
136481964571 23768698082293480
348147142904 96836083357875184
206403446251 44204669271368751
45296135606 4544470693279426
171766861904 33558435344299034
256064937529 61082669103415689
189096202852 38762956687176698
82732746926 11217815888714450
6910353142 270793705202882
328249695382 88654224812136362
328333966426 88688367120321126
17429285161 1084699942595865
320458964452 85516824696955898
492530606254 162945706413228754
163276122629 31101162390998144
78890473937 10445493201893297
297181565776 76370511257805850
31126497266 2588728524785026
38130930091 3510002956300776
272907179029 67207122567830509
111938536747 17654759451824367
9938314621 467044470164805
53487228916 5831320329250810
344159976076 95177326664378876
411133598656 124270337886630170
100292648779 14972555812983784
201510595381 42642194450584320
2351711072 53760115151642
441192498982 138145018768539458
4246318091 130438399180776
769633762 10064757276418
469912288736 151851216281107226
342031076741 94295573640507901
143782835627 25701181868683752
245456962879 57326555499845179
46661306329 4751458608610624
125308440037 20910428236707997
22034777629 1541890909655104
424611074279 130430755964414739
292340605691 74512065919637535
110839267379 17395336301308904
25405848406 1908936169064170
7434498892 302180163879228
66340306132 8054863063307258
244734422011 57073617198104351
1456569352 26204653724698
30626021287 2526544669604872
166274432786 31961770293807726
394561096976 116832697303961626
2673829 2059741149
161600957287 30623758475165843
4959233437 164630019396672
163757635906 31238843312839170
5886179251 212881520923751
252092956831 59666957611961051
54192081154 5946966729951234
216746926004 47568797609758804
450092218591 142346015021482651
199998714832 42163195731397658
85163740279 11715862198803464
435006151141 135249647478525085
6872784662 268588424669122
30946863721 2566351199199705
33652092166 2910109539684026
396242708437 117580400897674797
479092749016 156322853681917210
11583713737 587707439023993
86564819917 12006165408545653
166668531982 32075470092675458
436701664081 136041156827914801
416221825537 126584433876307968
431505171637 133620179119847168
16997366 33025886026
71039431712 8925678358273818
118903455686 19327875625540090
129318925331 21922273541375495
14621953537 833485469614593
103700727992 15742185312401178
275289791056 68089167524385176
108816489817 16921326888487232
132898736791 22838825116192776
449121191647 141885618330432667
309791934817 81282691537917857
6130732547 226285338383592
324575036452 87169711048626148
494628007192 163987650497079578
31809860336 2674445817777690
162563164702 30897676274908898
221587232042 49171093139491778
48725834879 5070264200212219
272859159629 67189385185856704
449135408107 141892355247822312
257374067071 61551694471353480
360050372579 101844568489006824
378689722951 109854606651066376
70126435757 8754163481539008
129173516782 21885309196807058
427816662511 131910565424837515
192563181406 39833876456967426
148826313101 27065255648285376
337152283381 92285210623500301
72072945946 9121167650133826
203926373662 43411302621929218
357367065491 100708183258320360
267013492607 65041816664626312
106116486329 16295459873961024
22245626986 1564075203108290
277073496256 68752001425307176
326536644386 87961135118661890
223644379207 49857414197694387
34547032654 3026964938608514
71627907787 9036815606352872
40490753879 3840831440890019
7275014377 292508928141248
4719498436 152837810582340
38013654316 3493822297149276
158107233286 29636041426791490
164793395657 31535688160284537
270523889021 66328670253993280
495351355471 164347507601713451
77513821981 10173275728218176
353481989267 99070397132422632
476517875731 155064317299443176
298166111426 76750342410458626
11708248801 597210452193825
123560915942 20474538015584578
155900533637 29017766326227072
471786152377 152760424589050377
27426810737 2141183687582993
12219768947 636772159932392
445225865704 140043718337115674
59312740411 6809478246768351
301178410787 77916360763168247
48447152282 5026828073835558
283617837826 71202163647440126
92372401291 13234440259651560
21295629877 1464961872092877
202821760352 43059059723154202
220797734602 48908538195907702
478551587087 156058065307658347
169293621904 32836247336095064
168059959162 32477979248347718
187378197052 38235895215647098
8450585011 366200467815015
402499621154 120376366698367234
152177342087 27984500146114568
146214203762 26355841299479822
12101712526 627566574372850
360926647391 102216592101581960
5661916492 200831952653178
1499047 864451592
175936298267 34787708320431103
82645313521 11200037791761280
78517135951 10371433177546376
320816920711 85660149670868851
434090678204 134822921471966924
22564633267 1597839289500007
470137227004 151960261911423354
4880473004 160723737033594
3201716 2699048276
170214244454 33104457761514074
88686819904 12450328774777114
28960182112 2323234076155272
961082404 14044937920484
312727792654 82440883729584514
132617907556 22766471984512676
85346667826 11753630155490126
18351735572 1171941833755642
314307543379 83066350025723079
193481499017 40119162747585728
380394767029 110597369347405389
314715201662 83228008656053122
23269177129 1673255501920704
94475307271 13688936663783155
406566871 3864282605576
484735810654 159092878314956034
86737999261 12042212302345765
479787998411 156663255969803240
541846741 5945503695360
6970203416 274319325718810
204307176836 43532956011933690
3043209121 79137638840576
10804426501 529409695696000
383428309957 111922979295905408
181623343651 36488008657658600
10438174342 502719873364282
276116268127 68396024468186248
274774335271 67898020526189576
26991286312 2090385154064922
193799504026 40218112873741350
56680919779 6361318520661559
11418098287 575148640980747
160060010737 30186784492006272
429756741451 132808871829197800
342035212156 94297283804162426
54282983272 5961936241638938
21580550629 1494460324713629
296796986476 76222313811662876
219560794454 48498125205002474
492875064826 163116674121450050
321373871471 85883310664701576
418418999867 127588087211054303
159033054352 29896729910044698
387326290297 113634045265447488
49866556916 5249352713644026
417377704426 127112101631744450
16196310211 971659839838440
40202427904 3799879882437914
196600554154 41093185695614914
67123197607 8197867995983187
25494513529 1918938040793664
181526924531 36458956684754920
151764411646 27870674200822530
21338784406 1469417146047426
299415333562 77233187241721922
62411681557 7350057306052608
22595659654 1601135975110714
135182580562 23430070167653422
363414357154 103275213154711134
142067686447 25242681240049288
72986259017 9295092031105728
7502206279 306317583188659
125025751327 20839708984022152
24137670187 1767802735192047
253911138037 60313628544553997
434771131279 135140055659783659
289837950931 73557297278733895
148899429196 27085203236260730
102649125352 15503336916840448
49305693301 5161040576029325
427531808557 131778841905154837
259561205752 62337949581919002
75146922004 9710886045199354
62475645871 7361359576708555
418506824171 127628259606622255
29097765704 2339809535950874
308425401902 80745461793065298
493823692111 163587822230991915
41747929447 4021090984645267
99521119012 14800117345635322
245038851541 57180142726027776
349797953572 97525651644834788
323843874446 86875329291043826
19987302017 1332053743056257
41441333672 3976876144691738
280850017312 70162419408745672
162656120342 30924181599801282
27523624132 2152530898106362
456999070529 145635092799607489
764972056 9973450701520
282801258146 70894881802605826
6505469146 247346610965826
701269976 8753953135376
442377818806 138702109094149770
254150633629 60398982799285029
46555362371 4735285573044951
18954337052 1230136474804602
415011973097 126032911050569817
86810486182 12057310983896858
353880646256 99238041868838426
1694231156 32873167158676
76617138427 9997259612677352
153407313187 28324461542193143
10966730951 541383640225800
288019627879 72866181664156819
389368267031 114533843852558051
3573802 3183068098
365023176379 103961764167504104
228179510197 51381614226284288
28435043576 2260330049058800
77904504902 10250285232743802
341925218629 94251800490708029
40667381029 3865990354537309
256749131 1939226201551
55353129176 6139104850873626
158077993504 29627820625526554
473969412632 153822033176238362
409596216779 123573949814177359
173051680666 33935665314569026
160862174029 30413996761142464
12214610552 636368995252848
84690611021 11618366163801280
245001750004 57167156668650004
158096549206 29633037496200426
317823314176 84463982388212200
53447333879 5824797341019144
12700115626 674685175993750
257635288577 61645426039451648
347915206531 96739330809062295
82077920542 11084896762535682
3159687766 83724353247210
74399409641 9566350491306585
89117342932 12541097495949108
27677045176 2170553816721200
26330879422 2014136736739842
86503665712 11993444905693722
14397941972 814405189817338
71289180811 8972788979967976
981045661 14484812198976
252192112 1887826101368
142124727826 25257885505590126
331402607257 89934603479982633
408405980977 123035705153098577
367299491329 104935750608973824
43314338629 4249512010635904
150485643137 27519159075185793
201516943826 42644209585106050
2250701779 50333944396359
30064830292 2457419055350778
129197406976 21891380901561626
570527311 6423757192840
480178930232 156854769171308208
94881738772 13777366133171188
40537152481 3847435191698176
14614943029 832886116745984
180846091937 36254035204919393
47238926879 4839958731446619
58008437579 6586103977633999
312299294771 82271501616409576
366480572647 104585004220662792
176395725704 34924060545353824
418211368642 127493129769018882
312078045631 82184088901207176
368430859622 105420964018513242
477884607796 155731920925127380
202195996 1355252375930
115056764552 18397576652184602
8544708902 372335690491802
22432691206 1583845207613370
44275886677 4391798992834477
462583963297 148312899339653217
31373997761 2619666065214976
375499946504 108469543047348704
63357498436 7517768453825476
400022637379 119266882676024279
363058933876 103123743657285626
19832850704 1316643459819224
131191067029 22400043818785389
78842815157 10436029228521037
27159064454 2109906240393274
266724157 2053331484037
212155443137 46065311368771072
231561561247 52528196425593992
7791379 10248263144
70092360079 8747783543429099
83486991001 11371568241539625
2646390377 64174966690752
45019052017 4502835595641728
85962542842 11881083625735878
582957586 6634834628226
27773591771 2181921143278655
103614217477 15722490436408448
65248177 248421566848
251791981067 59560134161966607
19823491171 1315711540473576
33414356329 2879326223161049
271011048532 66507918050567162
443766737 4406603718272
1889003846 38701910837826
224187771637 50039233734625293
179520619601 35856191915166001
215132905432 47038451218301712
58492089436 6668644122100090
8581613537 374750481634593
34685697421 3045207681454005
35369621497 3135717373741513
119817607576 19551198177337626
293963132467 75133253126065128
342186585547 94359890022454863
589222957 6742085504533
82352849881 11140638630272320
8210506441 350706309041785
75525771532 9784414052744058
146246651552 26364615108897352
170732169076 33255667178797050
34307984432 2995601660854712
261887128504 63177738176496944
22759431277 1618574887791552
35380261037 3137132366067093
61194537562 7136099007129922
386226892172 113150575238863738
32436681754 2753885093311654
44751793207 4462797991445512
58520823442 6673558650024578
97535973616 14359506131971610
106739325704 16439137030632474
11091338392 550636888795728
8617153561 377080895147840
12855179341 687079340464885
1942919617 40370631483457
80668791947 10800663885259663
124295246167 20657331300554403
344507687416 95321602359894810
305401995031 79561088131366920
173109339407 33952627175644808
436043981297 135733950718659217
498311927206 165823093913030426
406278557491 122075601579408360
56527828204 6335563614890874
133307886727 22944375796286323
34095874681 2967864046490176
264836594792 64248033714050432
35370951352 3135894224508698
125739841504 21018504253020954
308199248606 80656667958459426
313408299904 82710121856126234
72156116671 9136960690029755
290150956201 73676484836861376
286908048772 72444760495516292
93650346154 13510030153246614
365935419766 104351730021195210
944624846 13685724797826
3203320862 85464600651522
54494063912 5996744769352218
341010394936 93873796199059226
403301235106 120736156320536926
438234751901 136758166087361600
123057853051 20349625947246751
64168844404 7662636996283284
11503638722 581623973885442
83250973082 11323381104020262
128307342307 21665550131156712
282660977 2240088258577
356406469904 100302403606235864
357844887121 100910230380992305
72094968227 9125348508617448
346873282156 96305088687355420
85165803829 11716288021631949
15091143316 873923079164276
283434851779 71133266838341864
427368152941 131703183340852160
35008299922 3087790400463342
494594190911 163970833736623240
282384015806 70738043111951426
206928702904 44373515146225434
247060564454 57889254978814274
126063000382 21099584584271362
165537689137 31749576984563072
95282494454 13864746333281474
413011886512 125122914713818168
113891178746 18118719844661826
62811907396 7420870924931780
347302365736 96483838690763290
63700404779 7578883059629039
92918647417 13352006986638153
123172975279 20378188664731339
296064740251 75940408498401000
49998018532 5270124473607162
153948404171 28474450784242255
230982111361 52331153162327040
177670883566 35303441459473026
61786846216 7239956088055776
77868961 323882973440
9432167879 431823509927944
362065184362 102700634363612118
119942958872 19581887465769242
113856341029 18110407077641309
135177904 740819984184
76336334012 9942349487319418
65576130176 7916088130567450
14807570096 849406643531576
21289851727 1464365678241323
69804358904 8693923488665584
31599345922 2647940923508738
8351165704 359757083726874
318713695246 84819169478451826
455848732207 145085559142974283
123679754629 20504083215160829
198588939311 41718174248299851
391573118491 115508065834284776
234341660711 53477001316367315
37761504706 3459117464439870
255722264282 60960096249077058
399510280261 119037816766976640
3426222811 94538624004840
262480192612 63392466252182522
241453081156 55929628328916420
321037239161 85748404505958976
463730243629 148864518735953344
54093689822 5930778058613538
228336938977 51434798312844577
247104851501 57904821167252501
106999611301 16499304396385501
20479742921 1381583937328505
4669789762 150429494264322
409576304986 123564938926394726
162058361329 30753869249237649
8309603071 357074723517576
157156642567 29369171435557107
121805425666 20039753445367810
89735212981 12671748719230720
2549229907 60673371320808
229695914221 51894661943269205
472100930851 152913334136309751
310401478006 81522706045268426
479308124506 156428277669429570
33913324831 2944060946519176
11468475526 578959227254850
1985980777 41720160218048
89122831337 12542256054337472
313751207326 82845901711222626
359243818067 101502544576305607
321178282657 85804919400902912
326951346404 88128754569698084
23963749427 1748730650831848
2337604501 53277123429376
498807212222 166070379201797442
667640612 8131862678522
18582353372 1194102027813242
1937188891 40192149422335
65922802066 7978944374033026
305088678092 79438684913437628
456740022442 145511281283692482
140753588879 24893257468727019
255517771279 60886989028187784
107376962821 16586662616552576
317799396391 84454448059514835
124764707 656886192887
358440708017 101162362583494353
79606285606 10587980946434970
42013033129 4059453308905369
218783517817 48240817617178953
46854268022 4780962654900938
456561312526 145425887698772850
87729180004 12249216001397754
146928344656 26549168261862426
491315541004 162343101408754554
138779402542 24371374699357778
421861080697 129165706929140288
29166317482 2348082999578562
17082820381 1052518117984320
7964292737 335049831236993
4577092004 145972618255354
100786356997 15083249447590013
25482998647 1917638120001667
25227184511 1888834986041851
8867856901 393655991733376
239106524686 55116285601481090
94641864779 13725152514270184
6031259536 220800390846490
161077217492 30475004163777332
184693098107 37416974745902312
1480577737 26855212555897
191307927521 39445016344257280
201175539517 42535885490765632
232431415337 52824455332679193
6490763017 246508361523257
1700290456 33049679159120
35604142 100130720978
171615602 1059726354702
132294163772 22683157320690042
275912689826 68320396604450050
286717432 2288482985712
5984125301 218217113299200
393702553762 116451572333453918
240060401779 55446430918821864
137949821692 24153174447663482
323206794002 86619097586277998
48430344701 5024212389833925
193679988154 40180914902839814
138988108996 24426372557114180
492565344454 162962945574993474
134398052741 23226402678939776
243519991904 56649325157117064
280312906876 69961242799696250
26704182754 2057121113031454
22481434991 1589010306740235
263203783031 63654782111398920
5456311417 189992401150528
74052259747 9499473248774888
12555657346 663206561997826
333720398936 90879740199992976
36447705037 3280171961159872
338016697579 92640348978257199
104793395722 15991646843141942
498239053204 165786719838714874
15611886754 919545333890654
16338806066 984511098433410
298280411752 76794479395753498
131245369292 22413952922660028
39113108206 3646489002826370
430023787579 132932680089864424
225934150367 50625065073181832
413815708154 125488372051182534
74595110627 9604120493483752
11655667541 593191888265901
275056786 2150302282990
9522345004 438031044391004
264752905957 64217582359728512
304038951322 79029047310281538
114516297452 18268097835051898
9253100704 419584935880474
26618051086 2047176563810690
60021250157 6931854180862912
10944231379 539718418631144
13182414379 713480601819119
3481909526 96852795430850
319951601831 85313814822362120
263793250777 63868742567775552
258341392222 61899028145857442
442023278204 138535399669098874
250494312916 59100292220204026
3921401 3658669001
491807337652 162586915626594298
294029844676 75158830787159876
89996364641 12727105895083776
95728720462 13962257246688818
358865024456 101342047446841370
307266459082 80290774201709762
52033605716 5595225656462260
63979831756 7628805852549820
82395062597 11149205500521088
461246027881 147669914559529945
6324019417 237070623966528
10989253627 543052283499752
164983476379 31590266134544104
231262904279 52426606611789859
355653767746 99984825175739326
371863861607 106897844977431187
23687828971 1718615159535080
174383214331 34328091402046495
452429244421 143456114011896701
300052543781 77479867908190045
17221916846 1065399441967826
109644249904 17114772996743864
188019077591 38432227574474760
389079755912 114406567747976218
447401714771 141071576890218951
381689387471 111162453828861576
486485082029 159954835516546709
451542172279 143034411857222664
298512168802 76883998164708098
64726041116 7762658837322860
178003069454 35402496474895474
167795113952 32401236504517402
258565708522 61979665538884438
8354396954 359965901643174
269990871196 66132733951679980
230242533346 52080016820695326
188454715486 38565875523372290
14080014146 787579671382530
79279828111 10522917291875976
152210996641 27993783973599585
162514701442 30883860489880578
37275284281 3392523023353920
4338787282 134722237693058
27912819676 2198348547926700
35383985254 3137627713928794
321940131832 86110400195412762
202963814251 43104304742771375
137278306172 23977028956350842
450412014404 142497749821655034
12085987 19800878647
109015781392 16967833972256728
234704641546 53601298392568630
14235665746 800675529552430
225720437672 50553252103219738
382192813487 111382451635099272
27828297487 2188370934039147
461090445754 147595205383310854
96295758379 14086496620420079
96360280501 14100656806752000
173224097102 33986394627707698
7799692754 324716808817794
365672830079 104239428288550024
263169683779 63642412351987159
350965730392 98014433504285978
429334088047 132612999339300488
491562400102 162465469587706202
182401658056 36722804215711770
342004610677 94284629082744973
188027662762 38434859897364418
8752901896 386026314773530
58819869592 6724777657566032
51417670861 5496171952335040
374890972051 108205780972916200
16355983681 986064092286145
266549654317 64872410618734357
316849791379 84076197759545479
391890881956 115648697459627620
424463641879 130362830061179619
160889968397 30421879674724917
197128891051 41258945478132200
78755875004 10418772216293754
2175591667 47835459223528
259179529 1966827067584
59201200657 6790279046919537
409714792477 123627614625808448
404971650497 121487040461544513
12473232541 656686589179685
250417875754 59073243000339394
160663712654 30357729833776514
315781594696 83651386519752730
177855127906 35358370133664670
218544785629 48161879981693504
287947530004 72838823260277754
366738313529 104695353531889289
241986374722 56115027055997442
169354725079 32854026343663624
19648062029 1298284994822389
216123209786 47363617548249990
16232145932 974886452650108
4078715722 122792456014838
90564062437 12847719777804672
382863689212 111675850430845068
131249468032 22415002899959912
133590478961 23017372344366976
436198081232 135805910611393562
239109982346 55117481141019830
237187936876 54454239049616250
2227106 1565656926
65188480504 7845998595728154
36039547051 3225227118502376
68755402 268719037302
1417435147 25155694067688
41971012129 4053364486888704
2607033737 62748695063993
287363490779 72617328847340264
126597320521 21233873177574905
339009836491 93048933848464360
318968432696 84920879647784730
22731490811 1615595246552351
146205010876 26353355740752250
309120871187 81018725613409768
220778463754 48902135350668994
265739818852 64576990480012452
131490894154 22476878125834434
371010579122 106530122636769742
13112848597 707840309273088
253454556301 60151018089757376
221395548026 49107303716994626
206190191197 44136178837229413
185674734421 37715675562297005
249102582367 58608440408807707
57937952216 6574103562272026
265761690097 64584962991708817
86383084727 11968376389202952
91516473577 13050920253171648
110959360904 17423615564986464
193491452161 40122258526218240
232943052962 52998970467316318
19233782647 1257440596982792
177890914576 35369042497027800
53769206416 5877494030482776
17206 1055426
470062564801 151924064256808001
10304665021 493105700457280
186123512261 37852497059463101
7498654417 306100072486528
42993529231 4202388183703176
59564433826 6852868257100126
3512686654 98139781586434
4105584421 124007808968576
1781329 1119863424
2889786277 73229110834048
361963927381 102657554682232320
424826740262 130530140079815322
300268714097 77563612613769088
8876115704 394206050734874
10816189661 530274514418240
128405129231 21690322835167595
947974654 13758588165634
274072757897 67638141849136313
83579365676 11390446692694876
37855824904 3472085785945114
32671942501 2783899986148125
20019104561 1335234236142976
273835151129 67550202751297344
23508600196 1699146768910980
11244525667 562083852791528
130291086629 22169940427871069
25508515516 1920519127673210
15690086941 926463023781285
39926434654 3760817277175714
226118373856 50686996175174426
295497890704 75722417985678424
31236376486 2602448294972226
458807758004 146500528785621844
349726025279 97495572149761339
194793158197 40527820391198413
32271844486 2732919635903290
224676181954 50202844369219074
497578439101 165457104603245376
205742201186 43992414684621726
38855380762 3610506739558822
47390583046 4863284819829826
147984592466 26835969951924526
151669114942 27844427248852482
4174375507 127137563419112
3683523197 105385598723392
335020646081 91411388345684801
192898443376 39937950914905626
40955776 123536278376
50411539102 5335641317999202
487838365967 160622733348757128
175197369712 34568777009501722
371711233091 106832038658326760
371549153497 106762172263580992
26156991004 1994217713294444
12335099779 645808260734184
64012745722 7634693494591942
268309989697 65516112158028288
234517637092 53537249646732282
4555685332 144949758833658
2867857246 72397144320930
245676316096 57403417745772826
17983845727 1136878780834952
33080163937 2836238122523297
205787106571 44006818187911951
58224586882 6622949717076862
220935313012 48954257496807418
393220865521 116237922879304576
78840432596 10435556179969076
126027352276 21090635394605876
106867348456 16468721489221120
184090074032 37233874284042808
300685778422 77725269150747842
245010850121 57170341746000576
116528367421 18751667200130880
58629666097 6692185520760192
362049016331 102693755286790120
21989876042 1537180294979778
297232450621 76390126894880576
18014962021 1139830667144576
43042513504 4209572168391304
382662281 3528528911545
25175772637 1883063874155072
452997313204 143726383537582074
196491461287 41058986745256968
385031644279 112625734612516739
47022477779 4806731723729384
58611861011 6689137249969640
56815339687 6383960951921672
982729612 14522123082618
9717643756 451575666219676
128791066576 21788185757977626
45768529 145940589184
199932945076 42142399318061050
21899373122 1527700269130242
105327877879 16114147146306819
94715405467 13741153166433407
150939134896 27643647234804280
16319469454 982763890463474
100246971496 14962328315276826
4531472401 143795703273600
11111603276 552146678487100
74755491112 9635110657198272
81264759676 10920575111555450
402388373872 120326463698458138
208854107057 44994275700148608
62726163529 7405680862402809
377763446656 109451795902051176
136027803256 23650156615244570
450111194401 142355017046124001
3815928481 111118565448801
73278830207 9351038244140283
20235187379 1356910960207719
22122614686 1551119754644226
354413380322 99462216640747038
56807249779 6382597484894184
423760005137 130038809016999793
65205452251 7849062844653375
28911106954 2317331229915574
289048953629 73257144906147904
146752761442 26501592013300482
115554752692 18517148381951828
180778139161 36233603469958976
3070027262 80186042108418
236262473311 54135844314258715
51042521279 5436130601469064
447217275386 140984351631516226
103438575704 15682529339938074
167461023451 32304515291930175
53601437072 5850007240819288
316181460079 83810325017490699
118935643061 19335724299681101
487879852916 160643223410604026
254153485447 60399999406097267
359303155072 101527693690668392
59230452472 6795312377500442
26891703829 2078827309050349
219630379529 48521182706747584
386585563952 113308228794917402
471681249547 152709477401902863
454820961877 144595164130698752
328339638904 88690665475103514
27909984454 2198013612519674
155926779142 29025094254945978
369775490407 105998609495675912
140644842529 24864414184598784
213437358047 46483455022701467
7435962226 302269385914126
7682482991 317424832304776
409915776736 123718593517587226
482484640957 157985896633110533
41391543061 3969711126181101
408941191897 123277639631374313
64864636111 7787604968636040
464624382301 149295274768717376
22625431004 1604301436342444
14532823342 825876129267282
32491975741 2760929824151360
100860450412 15099885271780218
424205629 4118471069504
69766252571 8686805406621951
315744244454 83636545681216474
230399314432 52133220874695962
470426235301 152100405720597376
1753356154 34608912711234
195589160404 40776493357829684
37359974576 3404091443649050
10404536132 500291715467258
463648388204 148825105185079324
374045465504 107839926023638344
50501439146 5349920457582530
207989603131 44715199468489695
252406190752 59778199510239002
354895963787 99665433510864872
257110826779 61457286629071359
121265566576 19906672456455800
140688336026 24875948823126850
220678136032 48868805427835912
96644962129 14163190340348544
222092130157 49339247329022912
387925899901 113898018310086725
44081485504 4362906252642344
30385192387 2496801900591447
166715300896 32088972114478280
37071875072 3364791669216538
153138231754 28249971118879094
184567310831 37378756357209995
302580152161 78460949796829601
4464888754 140638042628994
238592303506 54938581928823426
53676442129 5862290519484544
32346579727 2742418504777323
98301558301 14528904782811200
473281312156 153487180418525420
94444447192 13682230027959578
167451185279 32301668543075464
370504244972 106312117548594588
8728838129 384435488965504
58407638654 6654207049162114
88223731597 12352939858939317
116039363386 18633755691996226
33073219456 2835345055321370
141872126827 25190578386212527
378412155947 109733849042870767
25748725916 1947710874615276
292931974654 74738273437765634
84157659454 11508868508692674
427415704 4165308526874
88522644529 12415773016243584
39453949966 3694257453937026
7464892579 304035121634024
80049007504 10676429644102744
249392612 1856478618618
457792921954 146014731031913374
434557616717 135040517625896128
258856314004 62084184636637044
36795469727 3327230350244827
29997679331 2449190526822120
41996512021 4057059045144576
30541437676 2516085079747450
42541965587 4136355314218472
112125985129 17699124128256729
3665606254 104617624414994
27103623901 2103449009322725
70896645736 8898781547527040
146895821326 26540353553162626
429485144222 132682993030841442
14868207904 854629546506184
191797520926 39596534263078626
11978965937 618042768656768
236905633631 54357050014557320
429201052 4191434426348
168283240297 32542725197847488
55005313682 6081332475589358
5918521 6784600201
338080833196 92666716749850076
81723787042 11013233748361182
98255893457 14518782096969137
210521653882 45534219735762758
215874106351 47281754185930376
60555654056 7024637537690176
250302534346 59032434344947830
79109332 331652697908
42788801917 4172407389791557
168582146812 32629467874192268
20386549927 1372164311587848
31134232417 2589693562225057
45545392579 4582033493421399
317179892 2662725210132
451490857132 143010029991099258
259680102112 62380786929995272
25187442347 1884373311898088
61955344046 7269592249216130
245728891321 57421845414728201
96555294847 14143483959678088
321305729266 85855996815792526
20343562906 1367826576869926
38284627117 3531246390032832
225660643111 50533165675080915
111952258706 17658005861495426
104230137026 15862888784428350
4788338731 156194013357551
223023498779 49649937345623784
1062167096 16318073126576
31788172297 2671711113271488
88975125562 12511088989305922
305848279 2521311279139
81130163521 10893455229784576
74862249154 9655757850223934
287535606946 72682579807899230
57293325272 6464692357291792
340143808411 93516190772063976
43435686431 4267382449296520
131892223201 22579860684204800
437042845276 136200615026229626
157753725851 29536703352634751
376594395181 108944113862234645
415656529 3994597815089
4415509352 138311415004698
12105757801 627881269463001
127025388596 21341662563738580
76835332037 10039996002204093
373560401342 107630222835233282
14444645497 818371020509513
430407811702 133110789232990402
277315482481 68842089510498176
3208765996 85682608855930
148832860079 27067041600050824
335005093612 91405023108934522
73048930879 9307066884973704
47612196821 4897438177410605
484502484391 158978023694765651
187504938391 38274695556055651
157988041904 29602535388011034
291125321932 74047919717460858
328923355504 88927279830128154
40741279427 3876532737669352
4369862842 136172209323782
385958876167 113032817045564403
6266233327 233828674160523
364436420671 103711195116315451
42224615902 4090157793900802
75050421307 9692186525493983
54069023747 5926721969222888
86163345004 11922737980745244
371884559411 106906769948133351
127971199279 21580465847817864
10070288404 476378349808634
265649427254 64544044392108554
44759272807 4463916876029587
232096767904 52710413840881434
1361663206 23685677615426
209794241647 45298422999782667
88326255151 12374478904850251
3642524629 103631039926829
106308679961 16339750418993065
199275842396 41934811170865530
359362496977 101552846958790577
311340588652 81892952835623802
39419406154 3689406759962614
8169167932 348061015107962
11179984279 557251409840739
231946221157 52659137166763037
326348377357 87885074108816437
322778404846 86446942757597826
320477377907 85524195455685287
199870347376 42122609086464376
358749815932 101293249695508858
34974438482 3083311522310958
3350980046 91441543549826
2711387981 66553729430720
292475963432 74563822117863962
21519099697 1488081609352017
396904415321 117875054689116480
216324437681 47429781935310801
5139712579 173698299912424
228812933441 51595714800862401
18824305529 1217499608828489
186887555507 38085814937179112
12289121926 642200837339450
266140934677 64723257472810477
5492096416 191864557664026
304888739404 79360607905365564
84763472717 11633362813319157
353772128747 99192398319288367
118164834454 19148059987700674
281199377279 70293376734572539
331595583796 90013168668024826
120901900981 19817191792658176
264067156357 63968244113102333
284424281311 71506065675869851
74304932251 9548134257889000
28751660302 2298187295306098
16785608701 1025169861129925
31085093131 2583564983865320
279119923436 69515096052157340
170470480852 33179237923550202
341849970092 94220688757308282
45507975517 4576388203466853
334746484426 91299202491538626
138782563591 24372207383675635
177447414316 35236856894749276
100733385676 15071359809394876
157091054941 29350787978180160
117843716027 19070059346392927
149917273807 27363400539864712
314440756711 83119164815928851
1481339666 26875945596526
196719713129 41130551060855744
363602793467 103355548454737128
159266629 947424098944
13208406779 715591854174239
1102080827 17246462893023
422830700602 129611281261112198
94337996897 13659104233009313
324417138754 87106109895032254
452773659004 143619955561256204
321119777902 85781475550977298
269631656686 66000796432964226
155656054082 28949535562758658
269953395937 66118965391616768
84430294202 11564839548592902
4007318051 119582378019575
189305966956 38827474148942620
36753433882 3321530331543362
5213072887 177430411159043
260051377972 62514617589096442
32572069762 2771144836668418
41106903086 3928833369538690
42167677216 4081887378272026
127054120187 21348903815357672
15179527442 881611774420078
36416932504 3276018692329754
380222084596 110522068366082580
166174107257 31932847321425737
125024251177 20839333909768473
30607709654 2524279030749634
64353113147 7695667035923167
229623397004 51870088396479354
327793685087 88469548843410568
306530014672 80002290296482842
24726098632 1832838545311008
28498990654 2267959176068034
483432070279 158451467939558259
46241293996 4687449145047930
6481309732 245970025278458
174917493247 34485974993168763
214296731786 46764475700972726
9308277904 423343581924184
321345812041 85872063084273401
267940182742 65380709185123178
132490730467 22733731132561128
4109028532 124163884888058
361496116906 102458603417823170
230025435586 52006374056945726
496191779021 164765938334156405
294069722254 75174121355949554
80876186021 10842342374429405
177230634662 35172305602244122
12688165351 673733121467400
221043677857 48990278730019937
80501383127 10767059993503752
10523740504 508914059216154
2061558367 44124220957832
146737050779 26497336418880639
143088158536 25515146558126240
80167487572 10700141623972788
286967137321 72467141598190105
172820553829 33867701541112349
275815385122 68284258464380638
212201042992 46080163822957082
157645336279 29506267397933064
113481100216 18020950022752026
272723250697 67139191672580288
23126154517 1657852347721728
389284437796 114496857891064826
104153903029 15845488755588864
4068335707 122324005874408
114500026531 18264204565682920
104601662579 15947778680424424
299484209416 77259838236887776
278453859454 69266418537164674
84072756541 11491456703827776
155415669004 28882499733298044
474249857096 153958576608866330
101240325232 15185272609273208
17931729377 1131940417049377
305907860392 79758846594093632
3680862901 105271452071501
176533551916 34965000271604060
21342503107 1469801275775208
6008655877 219560291589248
177209797447 35166102905104392
314114909746 82989996795180930
818566492 11039733449082
18681381866 1203660115137110
2440174871 56821912092680
372657689587 107240324429175847
206969877272 44386759880182042
274549021567 67814523490948232
439180823446 137201260394017730
50009403154 5271924601501314
258998799061 62135452220941101
282369737287 70732677958436872
27415804042 2139894891647682
116335825981 18705210895111301
498632436397 165983103320377792
50729565602 5386211628004702
150918257107 27637911954799687
21782541004 1515491247104444
402226913242 120254048403834178
289037548829 73252809263082149
206474127356 44227377502465676
122234220704 20145666382997274
9311279881 423548395557945
3227780032 86445328943912
380440996756 110617531472018426
180689759527 36207035623859923
81962490127 11061521063659627
303561125791 78842818144754651
25924669661 1967708352091365
212311154266 46116035048167526
73042433156 9305825111628676
20510719454 1384719691913474
432306326936 133992481421779226
404305947607 121187608116866083
19875095626 1320852480213750
74547223129 9594873692893504
63576609406 7556800563047426
64287118879 7683832168093019
242826093829 56407368408503424
364160714654 103593526819621634
22677152096 1609805673132826
13068028612 704214281960772
472887363796 153295581464155130
108621109279 16875773815296859
499892505779 166612672499289959
38550175616 3568050054499610
269351943631 65898120201569195
27004763801 2091951032763200
3486667772 97051397489292
67247463481 8220643757658176
9684214036 449247461151476
72183850904 9142229084946714
176977694212 35097036465225722
20878132997 1422093151093888
40811096 122882216080
5642247107 199786327882583
113293950079 17976388824002299
249747427876 58836165052640250
55411038551 6148741304072200
85743338996 11835667541927930
157904859466 29579159355171010
70553643904 8834280450164584
339258554782 93151352248892162
110615737129 17342740858434329
315325596181 83470258999730176
82550612302 11180792514807602
61834663612 7248362326605772
240775320892 55694301285073228
24524812657 1810503419862912
44790095351 4468528652987400
97547457361 14362042210830976
78355934647 10339509593898563
31781869022 2670916490907938
10147497031 481867426608051
22834379254 1626576560462154
209010541786 45044837243260226
338748039652 92941170479735802
2196618622 48530627466242
580535776 6593531854600
19495916917 1283234248886528
13654359632 752136746079258
1331873467 22912663245032
4123818337 124834854152097
321648116654 85993267284214914
26267122207 2006825648182408
57883421 207569954880
287772046 2301121219826
70352818279 8796588084704264
40428740836 3832011247835940
49321395776 5163506245394600
346567669879 96177842429582344
7557183271 309690851466451
291830046277 74316953201999677
497061829154 165199493043654914
64234061101 7674321627573525
60999830971 7102067987247455
273582113366 67456594528921026
433106597 4248775736192
58412765504 6655083199629594
236504501647 54219051177202667
20438422 43547468738
208045073776 44733088931808376
11766163504 601647082661304
53717405879 5869002614340419
1767359332 35024349041658
46348706954 4703791222843574
108989167522 16961620844535042
108041134282 16740793688748662
86113127 376658826248
45694609972 4604569689396692
395316534901 117168394868613376
291756709141 74288941074481901
18429216106 1179371541759426
195393445886 40715304680357890
175537901387 34669613213834447
105943338517 16255592717893632
1242635879 20648880434579
138711975406 24353615285057426
115525910182 18510215976504858
369362611 3346179032040
328018815742 88560706666670082
360902008846 102206125598387826
11498785426 581255937528450
245464670117 57329255564972928
83500067497 11374240027934617
53328391237 5805364222538368
238637897527 54954330502636552
86084074847 11906288392365192
16961965021 1041368534610405
41373993971 3967186786095080
430998095704 133384715994965274
5915293297 214462902084113
171718803631 33544352456087176
253158461021 60045642736201280
2776354387 68960015765447
75565808147 9792195248988167
277261119454 68821847491741474
380832753746 110788437225584430
339653232101 93313951415353501
413683806004 125428378402611194
20911454272 1425498985434792
388781651911 114275109322323976
137024816254 23910647736916994
79789538602 10624562188405698
247775969036 58140878910735740
323488254727 86732269075502323
250567222187 59126096852716143
18171518842 1154721279287878
291523008526 74199699396916850
449818062787 142215978124912872
6218634004 231169427661044
243281374571 56566082246091951
39997111529 3770807683808089
1329861379 22860760426519
97680453007 14391423942570987
89147320126 12547425876469250
9023416292 404059558229028
219691358371 48541391476136680
239391519712 55214856050301722
254479410992 60516221852017178
2370195676 54395200744876
162201290267 30794563762730728
122408324656 20188723380294170
427715842961 131863938953806976
188156463847 38474359165486088
23433635317 1691025803101453
297755428972 76591827498601338
300747044581 77749025716582301
122614243616 20239687965536026
60858801641 7077452619469401
339715049951 93339427694986376
226763747291 50904152756079935
221486055142 49137419620546882
134387683831 23223714826759176
67516181779 8269967084778984
64557048151 7732277404493475
72678640654 9236389273981314
92920802872 13352471584186138
428320012927 132143434335465723
57780451654 6547314838797434
202264218326 42881632399282626
289402614029 73391634710419509
362556353881 102909687415802176
42008395297 4058781139797217
303533855086 78832193996228226
209466604876 45192350180226876
123707607937 20511010047371393
213907379851 46637085189990376
62838492796 7425582801611130
158871798829 29851269598617024
84577469971 11595091860968455
249963740041 58912620750787776
257065651936 61441090092600090
25560265852 1926366476263948
91681687946 13086277410945730
775451272 10179090390042
314189419457 83019527061329408
272371079212 67009186860026972
332844365254 90522128744969794
72025875112 9112233546922522
366198103702 104464112383294402
25907822266 1965790558347526
4010899831 119742740580995
240223955797 55503104390143488
357821199947 100900211067618767
313890641302 82901134123730602
69276283652 8595454894370052
17891982362 1128178947962022
180625442362 36187705292819522
195781844126 40836764393750626
58080329077 6598351305787648
169106307581 32781765043887301
71161610654 8948714863213314
398877664207 118755187780517512
207258856366 44479754078851026
37189871902 3380869271672802
236118827611 54086480540895976
328118448571 88601059058453855
2444298322 56966001973038
115336120187 18464620825537768
186764078866 38048076184532610
146722424366 26493374723281026
31425119651 2626071548922600
197679314701 41431871141021376
264659772197 64183699995068288
390858400879 115191963901777544
230977353629 52329536306578469
151085869552 27683967497944602
826434841 11199294035776
392199917617 115785521146092928
119226502087 19406696455863347
397823526046 118284736392009826
72832750292 9265782492402682
1112905432 17501179886608
224518646 1585775210826
137160435647 23946154657780667
311936645297 82128239657547217
298229254 2427685553594
94622722777 13720988702922048
422223983392 129332413542710728
59610347687 6860793356917768
434924073497 135211370589736617
135753064454 23578542506169274
15129040327 877217059369523
344663758154 95386384397189314
404706203302 121367613112972098
307304872436 80305831180115476
231547950817 52523565337279232
343679776057 94978197312411712
11079575371 549761143624680
1779568312 35387902302768
30481409872 2508670834979992
334574679121 91228923856040576
387881859926 113878623138121450
40262848336 3808449403341976
271382231176 66644600960793626
2111102732 45724374115708
218833661 1525927132101
114187753442 18189538184861982
26929750927 2083240648949227
140261648191 24762866711295035
37922993102 3481330766947202
36797368687 3327487924229768
478830447902 156194492106284802
147662158204 26748310868945274
188076724642 38449904048286978
96512234186 14134023672364226
17294373191 1072130077353651
174331129 1084978848969
11554204106 585463076356470
5221755722 177873886982338
3307487779 89667096238839
387615911629 113761523109886069
400975796404 119693413764771834
38144739116 3511909841116026
78902788129 10447938991295744
268589161351 65618391302108275
99213964879 14731653290068779
5977453792 217852288491528
26780269597 2065919264432192
321371466329 85882346547897449
140932979506 24940862405870926
418199479427 127487693104451223
448549876282 141614970807381058
146134721891 26334353693449960
309627445129 81217962295719104
32136829004 2715787008810044
362989914991 103094338713460235
61565580451 7201100205125751
313436802382 82721405053712258
219580674779 48504712317098559
16369370392 987274923659728
43039286137 4209098720107072
13501434976 739536600441626
212249253881 46095868459802176
114994411807 18382623357080712
359450671141 101590225199351901
390279892 3634416466228
75163205341 9714042549725760
51093015946 5444199283333826
330222359504 89454595411299354
378009473272 109558737645318938
369168599746 105737762564621826
44638777822 4445903234529538
10853727446 533037408698730
468868775897 151345683303662313
264948691 2032863005160
2561382952 61107766927898
8163289201 347685371541376
331954001416 90159149390464026
228799404031 51591138684253051
258944103191 62115770418040035
24194170352 1774013347036698
327958071442 88536107563807982
191925128347 39636057631421567
79431214601 10553072309725376
186442742047 37949922963428488
79541658379 10575089995640079
106594756951 16405750321536675
236199236329 54114111107298649
87285731654 12156458419194434
161375338217 30559647798532032
51057539236 5438529945373540
4053735862 121666125731522
12101401379 627542371414519
164166505507 31355911996556008
36523341857 3290387868077312
13828260754 766551197327854
182867631181 36863615255533301
60662540404 7043244474685434
48939907654 5103714583208514
1204938596 19716410279076
32149252807 2717362011592712
153842994166 28445210654676810
28799160007 2303884802119987
79914223006 10649475910343426
38063026096 3500631134882330
67636397116 8292064468406860
453926782892 144168961954265978
108308586332 16802994083856762
138397181329 24270759822411249
1090748572 16981137382892
45505863722 4576069656085442
204501548812 43595094838705018
8157668047 347326313299592
39952436476 3764491692181900
81481798829 10964353814297024
2454376954 57318701304774
204126314932 43475162765168212
67541171881 8274559022282176
428769021562 132351278192318018
301969792681 78223664288970176
115869369529 18592823889299209
35536047122 3157875291627138
11386989506 572799733220926
107183805502 16541926798978498
168443836 1030483252940
45105812129 4515858593119329
31256625352 2604979251377952
309415797812 81134701086989268
252053195011 59652841539605015
281457413227 70390153570129327
138132673246 24201212706844930
194074156621 40303638871440576
325225560766 87431905220545026
9888328136 463525269796890
3343207336 91123573606976
233279675827 53113894191666152
126638081746 21244129190941826
54574976632 6010105685137008
195953337301 40890432026145325
2467425877 57776421907373
458309773504 146262078488139304
480389648722 156958030187358338
34586735537 3032184517968593
18583702867 1194232108335303
5607140254 197924574849794
144208397491 25815370138277735
390658609082 115103652580509762
414318948661 125717351018078976
82093722601 11088098101671001
314697747841 83221085122336385
295699340801 75799864720781825
114144269911 18179149099603976
1959974746 40903366340930
453180084436 143813376475780090
95736159101 13963884694445376
499516616887 166424783776602947
457028708017 145649260215353728
55350467404 6138662037818234
189424741279 38864021602301064
71818036522 9072820432767938
164704996654 31510316828580434
224707688921 50213404874422505
365627506546 104220048852303630
14473724731 820843526207720
489807974891 161596467460748776
13430539672 733719336083738
247490245927 58040340017536723
204823360667 43698039881927807
55346474866 6137997858161026
141572920556 25110930492293020
69114087946 8565285881366326
172542583081 33786023307037120
333535789141 90804340344007085
88146038257 12336625694602112
461113493302 147606271819054602
483005415512 158241751225281168
1194896056 19470432966426
54238840121 5954665301743680
32727692404 2791028517614484
126711569167 21262623678455432
5774954186 206876183876726
106281937582 16333585304471762
829731217 11266367068657
355966734442 100116830618156482
196292789462 40996730543503722
423311787382 129832547269255362
196178770921 40961015689020505
99910981606 14887169207178970
140511751787 24829129099875247
4852553356 159346529652220
72735459122 9247222595729742
819618829 11061029330624
349810499962 97530898701962818
324199689529 87018546733578889
472448863712 153082408371746568
695700952 8649881861402
12017693062 621042330366018
32054993401 2705420073217600
56614947257 6350215559305737
108181563527 16773443243607923
478129047671 155851422508538755
66894029336 8155920738976976
458377751602 146294620861261698
301860226516 78181094327633460
79411685602 10549180668444702
16007882986 954752829092290
11545388947 584793192581767
144208397491 25815370138277735
130735064812 22283356013996922
380504676262 110645305957211418
32062589836 2706381833165690
241966200379 56108009753747679
39585523252 3712752616341498
112249142579 17728292831815399
105359549362 16121415846683522
97897593829 14439438234634624
115663425131 18543275980747695
305952446647 79776284590535688
38360760592 3541785091043032
134066963837 23140628293430597
368372490292 105395912733827028
295857011836 75860499167373690
445441041046 140145254255909826
438789157237 137017764869974272
288809500079 73166132322020299
3668689312 104749640189768
60137027416 6951920552224026
170200241642 33100372794683478
28181397937 2230153713501393
268060982707 65424929220498408
487103746691 160260055284477160
323953335202 86919379446359902
259000238504 62135970219258944
71759304542 9061693218511778
732468676 9344591237700
8534515277 371669605885173
20494519654 1383079490491714
23714173091 1721482967340151
151584860137 27821228362184793
17495815331 1090916573458551
19707775312 1304208016213018
128751990077 21778270369872773
477639253037 155612002804587968
264693967846 64196139790852826
79571575129 10581056726903104
94659268279 13728938528224264
446729403836 140753713643661690
279084808279 69501978258528264
207427574279 44534077915407859
557930311 6212182081715
39190340596 3657294838392826
260764393366 62771900143260610
459373106329 146771391840811049
150530083706 27531350189858370
98550018821 14584023085540480
349782898201 97519355424697001
34448268922 3013993875723842
365679671611 104242353695135976
963495254 14097862585794
277717040176 68991670561526200
36908407279 3342560694194059
355067852861 99737849733510976
76891399477 10050987435229952
185163204241 37559923933215985
30478447066 2508305077319910
25649199787 1936429086736872
50966506816 5423991566256410
263583376954 63792536752016774
99767541472 14855120878701338
398299991551 118497301120286075
13835911727 767187469461323
104585197277 15944013325183552
376190946301 108769091480443200
26852988386 2074339646996226
218640659629 48193575878283669
360131841587 101879137194478568
414831603512 125950756627317168
15146614226 878745971051650
1729631521 33908849464576
309666005777 81233134965976177
1244431217 20693646740753
36703564454 3314772313150274
133723871282 23051855827421058
9280055731 421419704243176
140311968931 24776193932876520
191645190961 39549370886922065
74694754 304281537694
69698284762 8674114168210918
146525309812 26440003738236922
1302872582 22168377016762
181596223186 36479836230972590
73441622632 9382216252575258
38106908347 3506686622394463
52280683121 5635125711095680
235243466161 53785987689019601
466748514577 150320248691121777
400688386807 119564746809827587
83024661287 11277239742884872
435932859454 135682068152335874
120344915902 19680405247500802
214146838462 46715418988126722
159665896966 30075360238446010
285828861241 72036399859915401
298299721402 76801936637761798
241730431642 56026023295750978
194044875997 40294518088823013
27509783204 2150907419527524
55216463456 6116382873706120
139450878217 24548467765412032
18145029751 1152197292629000
129031746001 21849289635344000
457210378132 145736112837131258
134712939454 23308077688990274
22933859029 1637217617744384
269456506 2084964640070
19599327092 1293457591568532
102620129096 15496768315218080
135620226029 23543942479433664
64938854306 7800974690311426
236404787467 54184765303853032
99488999416 14792952997462810
320347694396 85472288690024780
90385402207 12809720485733512
260153074504 62551291951914144
2360566406 54064052442426
164157337579 31353285410395624
12806160742 683153182329178
400854910654 119639290252693314
1363727 750050952
228012006161 51325046563278976
36157773071 3241110462717576
238871462456 55035029464473370
31900475167 2685881773837403
132380857 717945525312
184686412681 37414943161935801
11495904266 581037489417526
83399159846 11353628025067330
287307393562 72596066052702018
43907067946 4337037722078230
94898728654 13781066843786114
105343024516 16117623208620026
5449941004 189659763655804
108619244917 16875339335520653
195557264137 40766519139963072
127241206954 21396075500743574
167129000326 32208488136877626
318279518782 84645907554740162
13434473404 734041714272634
4979970101 165663685446400
453734334967 144077288278273032
28064950904 2216345302948634
306346041632 79930277452935112
76763611226 10025941735266626
419697935206 128173511023535426
79748398136 10616346005324976
75902846254 9857780953702994
12843637129 686154188874169
52847118172 5726954117986092
25304738096 1897551700492826
157469132 931429927612
2691908626 65837803920750
149221571851 27173148753383400
885342161 12417809178240
55151016904 6105511710251034
208532371916 44890346638044026
2976176977 76537351309952
93850398391 13553342716992835
355812342832 100051702910292408
16805036116 1026950155492276
165455993626 31726076474173250
67569842692 8279828337475578
34855260379 3067564992451304
21384877837 1474180810416693
331824459982 90106379067888562
69646770811 8664499385352351
236332593772 54159946627531292
5710511 6430037640
222400146712 49441924882753818
257581454627 61626105438533623
14748601879 844337792884744
50389949612 5332214078203868
143281877587 25566979433851847
403769286397 120946397945577792
224878669481 50270727048246720
413498268922 125344005924444738
211643107711 45898546935800315
17736448654 1113500158773234
1842760987 37289497119743
32280991096 2734081582366576
238552930357 54924983309360333
245088558002 57197542224183502
468635428129 151232714164917504
494150707912 163750343853320218
118969298156 19343932003298170
3918027982 115607945714562
354073326856 99319102501418720
470636743529 152202510947694809
325574064454 87572477758622274
124488773777 20705595298792177
243457186529 56627411215551009
48304380791 5004623676439560
140650146254 24865820656890754
127130753647 21368221827159688
82501860322 11170889390970142
135530141296 23520488018133880
90364570004 12805292121840244
83245668562 11322298878502018
23917360117 1743655277208832
80350984127 10736900254237627
484145220154 158802214319008834
244858970302 57117190947276098
1101142057 17224431134233
173860956361 34173993675407040
180225370501 36067542196789376
366820535657 104730564315465433
40985133361 3911388879075665
9320015657 424144592625433
61348564622 7163058405498242
280342108867 69972175557897303
131466280066 22470567165969410
228938776112 51638285646393272
150862223866 27622521178375110
286627082681 72338369873370176
376551003206 108925285248981370
202449344087 42940518127997347
158708934902 29805379266036298
342090629129 94320201992111929
413377328431 125289018757887051
443828493091 139384930027180776
381867646241 111240336556463360
130274012 700874195322
17142390542 1058028344375682
12086626504 626393447548954
416168908976 126560294571481626
46057 4636608
215750593829 47241181526423424
129412009379 21945947374848744
112883523676 17878793502851450
346961576711 96341861890628851
249478228897 58741062704233313
157839115879 29560688365618579
219398879 1531842987144
85375590811 11759605420052351
147649115992 26744767140177178
24543419791 1812564276272776
349465974232 97386847926369562
95815814404 13981315883704314
407098360957 122445280916350533
288141835412 72912562600500218
1606906396 30364638932076
36472818571 3283562752883855
264039541396 63958210099657076
416281132577 126611490192770273
54983425079 6077702858178499
489846576116 161615570705187860
17798090116 1119310022127610
118831781279 19310402121725064
4492145506 141927839943426
124666472779 20749944840069839
126651670279 21247548595798259
6055776379 222148082168479
5693778829 202529610944949
61442475976 7179512356378650
4961026246 164719300836930
28055711882 2215250954648758
36014851537 3221912628579968
3802661237 110539559556493
55451992754 6155559359865294
71300509126 8974927819650626
462195454879 148126094096930779
80647103306 10796308366945270
5651705404 200288903981434
16504265404 999503814409164
251660005976 59513313193695376
6987925091 275366176214760
193885428829 40244863090926949
143478941771 25619743321928655
163580274211 31188106027934440
290734007071 73898673006479451
392108699581 115745129298007301
29826955162 2428311843085122
203823566629 43378478803487069
48172062422 4984074266636738
89203910537 12559375380427968
5444096032 189354733555912
442040202641 138543356231963776
119077124056 19370236078140176
797142557 10609170317733
186593601496 37995992875170576
263767829087 63859510261592347
211580003779 45878020646521064
428604203441 132274972058171776
370696232362 106394761304899522
125691202891 21006309871763151
184306150546 37299448700219630
185961865441 37803195829291776
119808796279 19549041544109064
266974032404 65027399021194234
121318759654 19919771983370714
35866216 101238378010
263971236907 63933393627298287
151019912572 27665841184139642
201556941329 42656906392468849
259174440631 62198669267152195
459948393829 147047187985214749
12280187404 641500616506234
2520251507 59641751960487
92922096157 13352750347888037
219637670032 48523598677374808
134207846917 23177113595574653
297850354837 76628457206687597
111249265754 17491944553347394
12112916482 628438295384062
10453495529 503827124107609
332312612636 90305287859151226
10472879902 505229181368802
464024982982 149006465135867458
218644627282 48194887732160558
202511707906 42960361188284670
282140578892 70646590252163132
151753944071 27867790781677576
162927725704 31001670410370074
182575648504 36775360858870554
19856358841 1318985111291401
1431526279 25531748397064
197356256192 41330347172147482
81948724904 11058734579889984
36214306 102715848926
1454366 826081026
322019576461 86142276161170101
56674522802 6360241647156098
20052334192 1338560148563482
54177596552 5944582604291098
39722388871 3732024360988680
51300689456 5477425914120120
495077674646 164211323748645826
125054255887 20846836249960043
114927281597 18366528872336192
188403762782 38550235922048162
440979291502 138044892377898002
342977082977 94687055206344448
128979935254 21836131065593794
699884992 8728032465178
147189904 841730009114
236270722237 54138679509307397
447413066129 141076945773228529
2185629671 48166906733576
42491809441 4129042435068160
176386222432 34921238294520712
9652370212 447033439177722
188976302032 38726094678518808
23024541346 1646937767775326
3790287712 110000466606472
92529352021 13268184747103405
477343151741 155467323120632901
60663237041 7043365800114560
3779759986 109542484132226
90214988836 12773510197909476
109699982602 17127823950571202
230032218341 52008674341823901
41725393882 4017835536342758
159390814529 29997670076363264
364112924842 103573135181625282
191931943529 39638168841909184
70397838379 8805033101449704
129256379462 21906371191558722
316498829467 83936544571277032
444299695841 139606961828395776
44444177012 4416862311651322
4821865504 157837338184904
200380899154 42284110165366914
116794036396 18815830714481530
216868747579 47608906998126824
338190206677 92711688719118848
371315579681 106661514210680801
286219131907 72183988035563287
141984543829 25220525207975424
164140022 991241604938
240345964541 55545394481674560
265540103129 64504205232273129
88076773072 12322087347674392
1178866847 19079959951067
18782224021 1213419322264576
147352018412 26664084492105372
571034116 6432318649860
17552727931 1096243921236895
38190603007 3518245651199112
222394811276 49440145705589626
443440409897 139202152833034688
25588535977 1929563262080448
369520122976 105888824226955400
66410261236 8067607082207226
419191437529 127941558379315689
3845951957 112432559569408
241193253071 55839373598689451
43296975047 4246956985581363
118880049422 19322168833129842
143115977522 25522587851742542
70443623576 8813624407585050
434853194491 135178319089029151
454520579767 144451942990685507
13332056987 725663861911272
11572605181 586862238970176
9230532257 418050806010112
298459629316 76863701149868026
3731745637 107461835251072
379288709167 110115350905083528
1539486817 28473835041953
227957985721 51306807790656576
27394733557 2137428428051712
77165757676 10104830246014876
3246608491 87202821919151
426133887337 131133044793797568
242069167901 56143828319246501
273375774452 67380294008549652
100950297112 15120066300942618
19866722779 1320017906219839
1798590277 35956817327677
36791671954 3326715242152174
43702243904 4306725030204584
139820801267 24646212639686632
182413738046 36726452363632130
430880192206 133329986782805426
31538286826 2640269732855126
82873957882 11246548577911362
113447277946 18012894082268230
95095747996 13824005489303930
449891099597 142250616891108213
402160544381 120224286101120320
392077705576 115731406051417626
97891399102 14438067714781698
211801234129 45949995343074944
87166694279 12131599009946739
234150010651 53411412580030975
1523602802 28034291593602
224116 49903610
37729632952 3454738994521648
248382444521 58354474751344576
105579544961 16171935640617601
101149449977 15164831288101577
106634468956 16414919158341676
61364678629 7165880802027904
10179861329 484174564625024
50980555642 5426234394598978
188954785397 38719480895250688
245732396536 57423074066195226
101634890086 15274131700281690
282283322377 70700210450840377
89403809797 12601615997518717
27665642 68583131478
243178432 1787523608858
323091028586 86572564201183190
234235559026 53440686635198850
367428922942 104991222539248578
152206582717 27992566305489157
263775818629 63862411747659904
414766024292 125920891145536932
440733274681 137929388156235145
373670183317 107677671922297453
401098491686 119748355791944090
2326199737 52887701865993
78374937487 10343271125319147
269818212701 66069306471732800
102902109997 15560685570532117
37322535079 3398975710671699
175655239256 34704381275442320
378436515121 109744444912084305
183416560279 37029724799717384
138655096504 24338637491718704
194834355496 40540678078527680
125170307971 20875862240300951
90124959962 12754394209145318
126766446961 21276438202787601
272043476254 66888326999808994
40844106767 3891218051882632
177585650704 35278040660132824
479938865512 156737154862587418
58725243406 6708556481037426
71897268004 9087838641714404
88075513957 12321823119873408
392059995266 115723564683265026
22196296861 1558875523750976
98326833697 14534508679330017
196139937004 40948853828511644
476509089652 155060028682492052
243016381381 56473685809530301
188347906891 38533093749068776
301901408629 78197093990361344
287835985816 72796503227901776
139629437026 24595632246190850
202079177246 42822800529800930
161867697754 30699611732805954
157511725816 29468763775472410
36807678182 3328886414960962
41146481279 3934508833051784
152648291917 28114507991821557
172530247072 33782400048489288
327106624196 88191544056646980
346203109996 96026125818071930
377364584377 109278494226418752
221100862654 49009290916616514
276640418707 68590870909019783
457880000582 146056394106286658
4285852237 132264257330368
2174272597 47791961241088
454538695241 144460579044739776
287642542051 72723129813702376
64569625121 7734537114983680
419424956329 128048481851391424
274083863537 67642253018243968
177492096916 35250167104044026
193096633291 39999517027833935
453339087307 143889070746731087
510960529 5444454777984
453800067541 144108598182265901
7202820277 288165631842048
472399290029 153058314768624064
19384706551 1272269983624200
308485880551 80769212847162376
87337966654 12167372374058434
209647874216 45251026114835776
140555754901 24840793379353600
149503048706 27250070191055870
160452344371 30297841799150055
442456879 4387107460744
255722264282 60960096249077058
81618302326 10991917659922626
1928546566 39923485353026
2171174357 47689844795437
359767000132 101724359132555258
11817609454 605597335775874
124088418052 20605791799599098
14263013857 802983908571937
365059917686 103977460935649226
17732870327 1113163202032648
11657957861 593366739310976
8397756004 362771862451194
63750028057 7587740839675712
87179638267 12134301371626728
269024694922 65778062382189238
17863618637 1125497292350197
13451526232 735439777633562
13560327587 744380622670568
44637582656 4445724682406170
15191900896 882689953909530
13700338747 755939024373992
25514388461 1921182422486976
218474711732 48138717983469562
12200391529 635258119830464
220641598487 48856669153419272
1139195779 18124984607639
1921473037 39704037895872
424466406001 130364103454869376
302254 78183554
25664376962 1938148083944318
291664286921 74253644150578880
53864348311 5893100846314851
178238829154 35472854126854914
38118504106 3508287350251926
29744946466 2418303807777026
167700701092 32373893643158628
11153233982 555252600659458
438944678404 137090616700190714
71554877552 9022998504681848
63238304431 7496563719575176
437836957426 136572001054423950
290129626879 73668360919364744
51809322152 5559088457802048
425947424672 131046984675202842
283368599791 71108327519655560
34238865404 2986553512769164
29208115666 2353132366715310
370577418157 106343613482639808
757208071 9821998317576
413604674806 125392391393316426
40213203811 3801407774047976
62320562536 7333966893555226
220062053072 48664302354731288
346319615126 96074602350349250
8444086036 365778104298740
44363491 139271792360
498474665102 165904331938573698
57513565747 6502004463867367
91991544779 13152675098153039
864261101 11976930365376
415685362 3995013471618
669908107 8173325535208
26305871879 2011268046405619
254900499007 60666488697808008
97494019526 14350242228345850
8130101371 345567248825576
99900253546 14884771477722326
381142246 3507525060930
346908265447 96319658082357267
129784170982 22040683360138458
66615967546 8105120360920130
188267311 1217650224715
361834611329 102602546058241024
174998533816 34509944200288026
175319330879 34604880167953544
296121685952 75962319367663898
428150654296 132065067354604826
16052288254 958728266852354
20627546942 1396567438296578
40223697529 3802895851471689
3068930341 80143069953885
127158488552 21375214767438848
383106118781 111781937126266176
6306374972 236079147151692
2436962392 56709739549978
73896480142 9469513712372978
431801568254 133757876393956354
121857255976 20052545710142400
28941172579 2320946982190824
413165497879 125192726625591304
8357499542 360166442848682
309456705406 81150791751607426
57799490002 6550551067629998
62356578379 7340325409645544
66834056422 8144955066298842
310609521226 81604679391612150
14681525047 838584241590467
50755050922 5390270999880342
167618473507 32350086023114487
52964221312 5746000096653672
399247522906 118920399503407426
59327206954 6811969678423574
95754975772 13968001744430188
28830608129 2307659536021504
53144031172 5775285870417988
359281962722 101518711387293442
7051671904 279142782956314
110780421754 17381485100323654
7160992976 285659170885400
26209852582 2000266056270658
12503101912 659046837288218
83420398492 11357965322953082
181369093504 36411417386806554
81723787042 11013233748361182
211405053442 45821129245422078
8605027 11895018423
368792337379 105576149314524904
278998897529 69469888488526409
335277723376 91516625058571000
17859082529 1125068622205409
250427783617 59076748915000832
294639039191 75392531987744035
239855344967 55375403492993032
291312300052 74119268231439348
305145703867 79460958439833832
399073292746 118842563311614326
298030215226 76697877202115650
10496773387 506959165444072
150700225501 27578040800232000
477453568222 155521269079982338
5664151396 200950875247780
371795735404 106868470457453434
340110817391 93502585696048776
159121046386 29921545885589890
309196279 2562824907784
321895197796 86092372828664826
224885375926 50272975865120450
325111047067 87385731378884328
85601358262 11806282000701322
198433082 1317595677762
192411167971 39786717176400951
54975135079 6076328380322824
379265193517 110105110439156757
314796130247 83260113693427763
98021002 457431352002
410095074547 123799774501568488
213902801347 46635587856645463
47647999351 4902963250757251
35115812579 3102025535967799
3520234279 98456259193864
57389542 204918931778
492406551254 162884147903074754
91577812 413076993018
71973128504 9102225642768304
345520285117 95742173751906053
73887253906 9467740312178670
124833305612 20791611216539772
281633755817 70456316693239232
17124619646 1056383536845826
127925165837 21568822586284597
67763713871 8315488620497451
62816869577 7421750323889273
493671651727 163512278913506952
41445940096 3977539240578330
73947619307 9479345319220712
96258898297 14078409343319113
18401005042 1176664534875278
20387559557 1372266246356733
3373777297 92376271631488
111191726101 17478375681765376
86646808756 12023226712338426
10311987856 493631421433176
481471410457 157488495908788137
210861803504 45644622019533304
222470180242 49465280539805678
475635767447 154633944355344392
392019263071 115705530880697480
958278532 13983519794308
18728962571 1208261562471951
497310127472 165323292226819192
485517912167 159478068610151432
95873169217 13993871483266753
25815486701 1955290778371925
378490456082 109767909621201262
38928172879 3620657455431304
110604448957 17340086221846533
392292032029 115826314681323584
274187527027 67680631963523048
26965734797 2087417530790592
33395487581 2876887673325120
325423991377 87511935015002752
3369835561 92214426902976
295782401279 75831804693218939
215987138129 47318894196015744
269374697011 65906470453119976
6463788151 244973261806600
57233763616 6454614003704776
68497661 267209383365
487020840581 160219142093314176
12230558201 637615690797001
468736118797 151281457434918592
461733111907 147903889517063912
280664180372 70092791742422388
195885732487 40869272750284147
441815510137 138437735587770697
73597689631 9412138668969051
9513101081 437393361594176
329429662552 89132685698360602
15205325692 883860240382732
382065177586 111326660865828226
380167148407 110498116132731912
10893249004 535951482178204
208599541096 44912037463842330
389286202529 114497636460822784
74024553607 9494142497378312
375945512287 108662664296158747
208110874129 44754312852162929
1590226211 29893072351976
11712074726 597503204323650
121220755537 19895639351267968
457163522911 145713710699993115
353392028161 99032579417572865
124376030626 20677473633228126
425760080032 130960536457844808
280856851 2218675519751
333661579652 90855714478204548
431286888127 133518801163048123
179826941617 35948005052776832
210340306 1437956458926
217190257351 47714817224890376
100926034561 15114615652131840
144592102162 25918471694468718
138317749742 24249867885118082
324651582322 87200549274673538
150997930112 27659800838282522
457674278692 145957972124953828
10987474681 542920424019520
52826313404 5723572578599884
391819174762 115616957238228418
274571993404 67823034855191884
111269549671 17496728697730451
405108457261 121548606481038101
74251357481 9537809622763801
166459018546 32015007550997326
84292279346 11536494228405326
94746745087 13747973788152443
350814102529 97950922505714689
442547145616 138781752255798360
11022784004 545539626024954
139651632787 24601497137552872
295683191507 75793655212268008
38301785152 3533620560214298
235940190581 54025112959314176
397549504 3736435290394
2205907832 48838799444762
192488097881 39810580892259945
254480124406 60516476331428170
149557188242 27264873645634178
34468220404 3016612692305914
9821361629 458824551315429
249987073417 58920869927540153
490237622956 161809137133845370
40022287582 3774368534421762
328518752332 88763248236878908
107535509404 16623412566696314
242640757132 56342801411562362
234638873242 53578769936816678
65487795466 7900098377017026
143448945007 25611709356111883
103739897251 15751105239649000
94002528811 13586310826047976
122914025956 20313960098736676
70020491311 8734332746219851
484084212991 158772199237104776
40831532029 3889421194123584
11069008867 548974874197303
346140704596 96000162956262580
231618729421 52547649969168576
421971313117 129216336817508928
335048477716 91422779506870260
70010761916 8732512344794060
472172839426 152948272229821950
497987529106 165661195416439426
170487346 1049292797826
144518976254 25898812177908994
450929431954 142743365093588974
473889579031 153783170997542920
66386574391 8063291196915651
123721535767 20514474048417507
127982329486 21583281331068290
403236573742 120707120991780178
2638684336 63894861683226
224963177996 50299067042216826
432856970704 134248569465269274
238174561291 54794360179547151
257437207379 61574346135802344
163626607831 31201357883446051
59317217962 6810249339258818
2458512382 57463629455362
1301749801 22139726732825
155269075171 28841644764251880
126567634376 21226404826265626
25379251 60258806375
81870608926 11042926053832450
128273910766 21657082966545026
147539366867 26714953158969832
113777617879 18091627315767304
16531165366 1001948422566026
12717812356 676095862034426
201797009696 42733140164677576
9101905582 409343033797762
383187529307 111817569740129983
92100955079 13176146835798024
36427728404 3277475580144634
135968296 747327088576
338299597847 92756675236228067
464378051 4717152262376
226986038426 50979021356582950
64491308512 7720469513239322
88736944727 12460885463569827
398885702791 118758777711649651
59080828132 6769579755640612
489249911837 161320373430673472
2851068829 71762352832549
460399287154 147263469456147214
138052792154 24180222651707714
20782202002 1412303028986498
96750506329 14186397742639424
395213397271 117122544184246280
202106514754 42831490508503554
174373174879 34325126977758344
149347793716 27207633450968276
117552125251 18999323059974376
7059404 8838376314
351073816654 98059715000848434
56915162579 6400793014184424
73088305616 9314592932874776
306788836 2532950909476
255602847592 60917400662332032
24226297141 1777548024840960
161928584071 30716934803338355
121050942742 19853847571643178
115360456 584031545370
29048815096 2333907683172080
96320261 445577536640
80695304246 10805988887153930
197556722491 41393335689309151
96096184004 14042727561164794
153847986457 28446595261593408
314200517404 83023925785338234
203157546307 43166035090368983
4930890472 163220692840192
167247542191 32242761672496776
112852165987 17871344240795368
24734549737 1833778293399897
55757794831 6206548830314120
147908981887 26815405386536072
469157394112 151485449056479272
46352969527 4704440132447427
791045201 10487677301376
127041518212 21345727626179972
330581660641 89600632912904960
32066894882 2706926931632862
209788411879 45296534880756744
330599549512 89607905897271322
60899976502 7084636366655498
46548344404 4734214883927034
150014757376 27390094441428250
366185266792 104458619514434432
187182352732 38175965628334458
253119326761 60031720116618265
35246319761 3119334545345265
153966160987 28479377408403647
47681344837 4908111018565693
91526741629 13053116766618944
35810633632 3194547257710362
55832956531 6219102751312295
416171645957 126561543080945533
80126249771 10691886517209576
11435180836 576439842589690
342909172012 94658933903891322
352897026671 98824577555453576
17374996492 1079635948813178
286241073626 72192288697570626
114519168911 18268784940015240
119634594977 19506420711325952
375853603556 108622818989072676
323707879132 86820611236266362
488486553991 160942967574884360
104819034454 15997515978352874
484826399696 159137478131272730
60958622362 7094872459242022
69859295156 8704188739506170
185219194567 37576961495501107
192792245536 39904974414519240
473543062337 153614528164397568
419971002887 128298621556572168
10485911 16001503240
427648328254 131832718195347394
402753573751 120490309896581251
180017700436 36005220252804090
208783665916 44971514476850060
292101320947 74420600880316392
1530676786 28229761775490
284021670142 71354290820826882
9931548517 466567596841757
1387880956 24373040130426
4971789904 165255667422234
371107924441 106572052283428160
28137968926 2225000513658626
139770039971 24632792304761576
100495187041 15017933754914560
77829130381 10235412708842176
109215255296 17014426192364826
87537438991 12209080049524360
340427597231 93633248908547720
261434997254 63014200258608194
294294467611 75260316595295976
10812807097 530025782647817
229483177 1638662886848
350673394381 97891997626723445
215076497731 47019952242222551
265050607241 64325927023625401
18954337052 1230136474804602
359953640102 101803528308773698
29410279186 2377605396969090
153992243167 28486614417851528
114043477321 18155075343450105
306143343829 79850960180314624
297240931852 76393396494243452
154712315671 28686654430543880
350651620642 97882880412416478
311160699502 81821987779706498
892636879 12571600286379
434678819422 135097017933460738
61275377629 7150244240887269
350657482736 97885334991347226
232296436856 52778447343448176
162508430254 30882072865791954
340299712621 93580492606286805
52996772962 5751298130008222
32969653292 2822037473699932
123039001954 20344950116431774
478587785482 156075772367947458
6520762901 248219360665600
83241180254 11321383203077794
467817717404 150837063170064364
79243596461 10515704494236565
79421250526 10551086658894626
41911639004 4044766545552044
124427906086 20690411411905690
153454399022 28337503141367938
87022287892 12101464391686132
302475142006 78420108617183426
291336726116 74128590603642276
470014086026 151900562364787126
69024515476 8548640225606650
13885194691 771290166408535
226509929779 50818710799326184
68212112047 8398161548619467
24886916551 1850748732019251
29539689454 2393315486288274
939026117 13564232288957
110044058681 17208469808730176
36054314716 3227209692303276
79336381954 10534179014275074
332047710661 90197329441927101
80840395561 10835146004502976
55312876711 6132409577791315
475755740786 154692454872958990
873640901 12172438701501
49910463541 5256287194388685
70102469581 8749676168573120
339055949551 93067919667402376
51970396402 5585033296486798
250087490066 58956375171100526
70041823504 8738324511510554
135955311976 23631253825205376
361982646092 102665518085180282
49734637579 5228536136040424
231931954 1664962201474
59525093167 6846080173855307
14386065877 813397755509248
31742298742 2665929863846082
202168189876 42851097800764500
426930043036 131500714896335226
48900808279 5097599558175139
45609097277 4591650259466048
2181202177 48020620105473
499196822807 166264989788879587
10726803686 523714736459226
146575117462 26453486332922818
35161144337 3108034192701568
487353494629 160383323999280669
79037512492 10474709801642332
83215476821 11316139831252480
7193821327 287625762316523
14863552321 854228170072576
122966587487 20326991744869147
84193356076 11516191759965050
490639722311 162008255028307976
397923435254 118329298171770954
250032329129 58936870525771929
22188291154 1558032220586114
33479015704 2887687861033424
178462796029 35539735565198789
267185982529 65104852115352064
212572538497 46201224092500992
87150411272 12128199834534938
259841556496 62438973274095576
85478100247 11780791225217763
397903809241 118320544081895401
14940721954 860889379345374
268412866 2072863108610
383880306091 112120944681398760
361044754162 102266769054712718
113634554629 18057515563672704
68273808527 8409558091751048
199497493631 42004795776909051
160306790879 30256624324461704
43597353829 4291229407780224
423783020662 130049403293313218
147586086754 26727643530062594
487062292754 160239597818381954
28250288452 2238336271550148
339261849676 93152709288053626
401072518126 119736724325290626
353060027896 98893055307637530
64992923381 7810719546322176
56651631316 6356388569388026
14522425526 824989949394626
403129714241 120659142251215360
1790203367 35705606194707
91746787342 13100217942225282
26467367851 2029817730470376
227102616379 51018299966503144
397282272037 118043422071555968
263831022407 63882460779980808
33032595997 2830122716540992
4474059716 141071576968260
82536391487 11177903499355272
14056530616 785610125219610
241274521154 55867597922714114
110543784901 17325822191273600
226986038426 50979021356582950
261848048947 63163597346258663
12552805129 662980587262144
420124069576 128368769418201376
83606351987 11395963807860647
100351328002 14985697963935998
103361267779 15664951392305384
47696786512 4910495464118168
191938139254 39640088189225154
265045510702 64324071689760898
322881256622 86488264924331138
176316737536 34900605206238490
220401854416 48777060933962776
169532860072 32905876052736538
146442496267 26417591742777103
41213922754 3944186145723454
78245921846 10317741992642826
193891033282 40246608082204162
3913868576 115423898233800
412039072579 124681100514005224
379887297076 110376127536913876
360693889186 102117730206164226
90411339529 12815234773368889
2070815191 44421746976776
369192659572 105748099610220538
463318150891 148666130592105960
344418875704 95284744833275824
241030757972 55782953471712692
49546214656 5198851273254170
44327977877 4399551804490752
337031583592 92235658169892378
44114450062 4367801110470018
139594561537 24586417871699968
179455312687 35836627759617672
408692528372 123165215120902138
103054141037 15595183163431872
22860458401 1629363932368225
3359335529 91783765377984
473103285547 153400586317359592
66966105529 8169105925585984
276797388781 68649258518441920
862681954 11944119241474
386108250662 113098442676248218
369962127767 106078870933077603
77353654457 10141760282465033
247207500232 57940905917345312
6121213336 225758509523226
295296509251 75645024021473751
22115253206 1550345595640426
231345883006 52454825706173570
105331549691 16114989782181151
15186672061 882234277931840
160113765442 30201992719425982
168141715051 32501681425268200
234044636536 53375361645188976
10985251201 542755629687425
15763510462 932973875818818
63673637654 7574106546456514
309104359454 81012234256744674
77372142001 10145396329429376
6024012967 220402570501128
143552875754 25639548480151894
286980774004 72472307122573204
93297960529 13433848939577984
398697263966 118674632803659010
466950467306 150417820132991426
146100124291 26325002195692776
389247379327 114480508741440648
84314863336 11541130913523226
772972222 10130316310338
303164652457 78688406643416512
98298454529 14528216684318209
11293917779 565791399074759
20907773317 1425122614227453
255395543557 60843306001299837
79128188206 10492740645196370
39021703204 3633714009777124
17315395372 1074085518646138
228189643462 51385036989869818
13313611432 724158390988608
188324584904 38525936983390234
331344806654 89911075975718914
116812886227 18820386040042823
327173760904 88218696659012634
2131881754 46401117046594
197192942002 41279055859504002
466521490712 150210589580093722
307360536862 80327651774283522
9919431676 465714010804876
28563965606 2275719703954970
31758930379 2668025396067304
778210427 10233467141352
280007500312 69846937594992922
489963378829 161673379433991349
351577600697 98270861481780288
303119491192 78670824425847578
471435550621 152590173250880576
39211060781 3660195679849920
163083030496 31046007793883930
107958872116 16721677729775610
157432035629 29446402808493504
103005115787 15584055988180968
196667655031 41114225511153795
175138180562 34551260261665922
22212523379 1560585255178919
776081504 10191502336794
285946065731 72080712357843176
123346752904 20421329526701664
170618239936 33222385571500840
58698172397 6703918269689792
255164748752 60760850632297498
27498994387 2149642223045447
340617405766 93711568987974210
47195290066 4833253924100526
379177234031 110066809140631176
4368273716 136097935958010
102191101742 15399688077312082
1403095852 24774931192698
332003706412 90179400075681372
72605457646 9222442037725826
429120060079 132513847993233099
84891571129 11659744106081344
400552328491 119503852583786735
1412062654 25012807200834
341464761211 94061476625951976
50251949777 5310324540946048
31405818754 2623652567482494
216615265504 47525461457104904
936341176 13506097265200
110559772262 17329580943748418
210586546732 45555275113263708
129208082032 21894094153857912
158874226 943924746626
16063936904 959772038322784
155878198777 29011530762751552
255260483779 60795049074809064
281121389707 70264136093776783
906719821 12870283407605
63225146602 7494224152314198
38868205079 3612294375612899
2653451977 64432005438073
1248075742 20784621390082
131358620521 22442970606009280
495657967777 164500122881752673
73421694802 9378397816297602
30271654541 2482820562307776
126720127307 21264777843595983
359003129629 101400553631985829
245348373754 57288518140860994
286980016402 72472020142556802
75881808097 9853682778567713
389577438254 114626148812939394
167575051582 32337516287669762
28117571231 2222581535683720
339813970211 93380199386591976
28631407457 2283784215967137
13099896317 706791805995328
26952034879 2085826963452219
94015103501 13589037075427125
13637674129 750758506802929
405284900087 121628024941209347
126439872757 21194272938106112
382680823826 111595851121426050
28288570871 2242887630236680
5345004529 184208454488209
54307698097 5966008379797713
15723585112 929431598478618
436542803246 135966931128031826
65654377796 7930260985464826
85966689277 11881943269823173
310588240879 81596293232465544
27845522056 2190403019807770
147785000617 26781696335508928
341758194626 94182748550168126
44496367087 4424644582718347
19805574826 1313928241522626
344093607236 95149796554273476
38701097579 3589023686369199
185908811797 37787019481413613
218321381656 48088049714342170
391068856306 115285013139031426
386980471126 113481894164795626
168580985497 32629130711640617
133288782517 22939443767461632
229254888412 51745273700516218
44046158807 4357662675609608
497958587947 165646754212214767
485028286156 159236888134911420
298733967281 76969702872366801
687630071 8499795332355
337407712657 92390104572662912
34602780916 3034294790178810
375877013204 108632967340692474
59687370772 6874095013090292
9714158806 451332770431426
279346357154 69599703578131714
77201118271 10111776737691451
90573851306 12849802858917270
9560333504 440654891958554
47440470379 4870966109859304
56133104392 6269319319417882
387286684852 113616616493316948
112823662777 17864573980202048
200918091466 42454260617977026
16185513241 970688390551360
381198517282 110948082587853058
154444870532 28612302270258308
339183600266 93120483168377526
208280583821 44809068242512576
495066728986 164205877959898790
179677644454 35903246807746074
456375949891 145337332877608151
403122530917 120655917245826432
143023971196 25497979862579980
246272498021 57612495642504576
352538388517 98673967280117853
105771711892 16216107951130228
365071880371 103982571852254055
103080474226 15601161054091650
270738715027 66407694484696552
26077684501 1985155040229376
180352672579 36105763404910824
74502825079 9586303337447299
394645492411 116870184574688351
21344569192 1470014710103578
65922075857 7978812529518208
206623239904 44275296721470984
36602033204 3301027568749524
185833817836 37764157347343226
438346166722 136810322596171838
210583301852 45554222190264698
399303820777 118945553842563673
94922691329 13786286920840449
394980498004 117019028901913594
140911743886 24935225522026226
48560212262 5044434849984322
205094826031 43784942395423051
497439785767 165387950906167507
2452695742 57259817274178
90994419902 12939406510348802
278865948706 69420238584155870
105489038827 16151145431004648
84080137702 11492970076184898
7016918881 277081753878945
110269828537 17261455176447497
11465295307 578718424251983
437104552537 136229461859479872
386991028204 113486537988512924
42656467 131310830407
4302997297 133058716812113
271393282171 66648671771617951
215302172911 47093977257343115
455402936342 144872782109753282
407265308842 122520609471805378
179967301486 35990100907972226
76643367922 10002393826500238
41275672904 3953053745553434
23094550987 1654455141933647
226850629952 50933410839791898
68186259542 8393387618568682
24500899567 1807856043464328
101574935282 15260618277068162
313626852022 82796652596063938
76961218286 10064680282831490
243614913172 56682450282991988
71014933147 8921061603688063
10225286516 487418957740026
415859688092 126419265882135532
83716386706 11418468659575426
14815659454 850102785372674
109858359431 17164929227968520
8033224882 339409106832258
240648346891 55650251083468776
38162694586 3514389823710726
465764499904 149845133890425114
75417764501 9763432957029376
43721758487 4309610012502243
92760074561 13317842185233601
236282408462 54142696205074818
323805245654 86859785731485034
67695624991 8302958666224776
369096424972 105706755469720442
475599680866 154616346517598110
241122415142 55814775535117978
5631310876 199205745205626
317552298646 84355968672815530
252743080801 59897919710277376
420540331961 128559600021421065
17900117446 1128948474033730
206496619336 44234604479283226
235873562542 54002230025677778
69368254102 8612577447541698
81571442096 10982452678306330
235846089802 53992795646372598
198506389006 41692164545757570
101755303882 15301284229383362
384454444376 112372574001690000
388104727879 113976785328695304
247937905021 58197885924270405
468196001302 151020053657948098
49337729002 5166071374460502
489317179171 161353644678107880
59448174892 6832814693849978
382058184454 111323604375876674
323075491 2737310960360
225639817652 50526170528354298
400000276379 119256882400784104
87906035351 12286274937147400
26368298191 2018431700645035
91148061242 12972192076246082
280998431281 70218042330302545
415904376631 126439644079367176
95364956 438964901676
319273612687 85042783721217672
72481283431 9198792963904520
2425456777 56308596095673
314965955404 83327498150863164
91258677811 12995813692197351
55571945654 6175543604914314
480505318517 157014722932453632
2263332841 50758256781401
200321396167 42265277187307528
387640565251 113772376688233751
11906945404 612477395757434
20678763296 1401772006444826
223901939972 49943566730600442
72166373917 9138909038522432
162369355012 30842437846737668
242696490052 56362214873540602
57842677876 6557894323525626
76689574067 10011440446837607
21953820112 1533401155562522
305285556746 79515591967254326
498133245647 165733912159878792
233842165876 53306114501828500
184464646711 37347573208531976
285932453654 72075565457975234
467118633521 150499084060241280
44633399701 4445099787621376
18582546154 1194120610166614
345743106347 95834802933347567
167525846867 32323274524139207
108033696866 16739065093818526
70035086671 8737063822687880
471067607567 152411569090912107
409458654271 123511701713051451
16344904 31142494234
243335088154 56584816953012034
250538906647 59116074744302563
12445292029 654481314187584
230985509771 52332308079680655
91934076802 13140352110441598
143071575427 25510711090543848
145015627786 26032432083820226
4125634867 124917347775207
13910869802 773430450232598
239687762266 55317378861990210
58355016007 6645216351368883
262504827601 63401390985205376
3295299154 89171893594414
453723856301 144072297263460501
19489993462 1282649463194818
140207100112 24748422598122522
283903353686 71309708765937090
337025836522 92233298971795542
8856274417 392884997867153
28093625242 2219742882320678
37773872371 3460817004232680
78433544081 10354874923381745
8178501566 348657700345410
4358838397 135657221599813
44175301 138386499200
20068157971 1340144900050951
226649949451 50865839356006376
246283025366 57616189803666026
283267730956 71070362936130426
83250565036 11323297853455226
278579245666 69313209254906526
109435963204 17066027760814074
66797135266 8138206709665026
821887697 11106990364288
162711781 978331713920
83738893421 11423073668511701
3409686911 93855041967240
106152422996 16303738343416826
48693998486 5065295804717226
288592937129 73083852584928704
1952718772 40676433874938
320298869752 85452748994249498
312066985232 82179719891521562
849853379 11678685161704
209276356447 45130795062154267
498533576779 165933743652236239
322897579 2735050143599
95838579146 13986298886542530
317918994316 84502126878737660
86772989167 12049499746315403
292454548822 74555633101401538
313815374797 82871318125670592
25355605837 1903276292961472
240401433301 55564624349811200
107109738542 16524783352829778
80920432366 10851241166206610
22927006181 1636483847330176
118935155341 19335605364525760
77633957821 10196935702205701
217422973307 47791526340077983
484896512 5033225815322
411846644101 124593768725045376
227303497136 51086006374771226
427909167961 131953351670025065
159860914081 30130478512421120
85098957526 11702496609739626
128216682029 21642591276786709
129714381812 22022907744380922
86142590129 11918430342754769
320825731997 85663678701052992
91893345457 13131620328321408
235479481981 53866951914699845
331523923504 89983991445590554
3173614616 84278509795610
243761519107 56733624734306583
297244786997 76394882706612992
38651313562 3582100670942018
395370776467 117192510804470407
317601710507 84375658422373487
5563173422 195601177587842
10888083529 535570311445184
101364557386 15213232019206390
16319108131 982731252066551
16890209116 1034767401474860
378813312154 109908389304525634
388048012 3603284508668
40465146404 3837188438241764
32354973772 2743486076210042
241436403496 55923833663440576
1221736597 20130146696192
142601763991 25385157949371235
365112896779 104000096266388239
177771043402 35333298530863298
90864779254 12911763979238594
408893261771 123255967042329576
11290461316 565531680444410
263321333552 63697430586712602
136474127791 23766650915519435
98388040216 14548081974807760
89607319454 12644668063075074
138159480631 24208258143354051
7136122312 284172284080672
270740922586 66408506703049190
235126188376 53745771142612250
236844375376 54335968169844376
2255400704 50491655605224
112219294376 17721222090996250
74769798457 9637876867897408
129354527296 21931327094387880
2567971946 61343713893826
2547659272 60617306326042
408218017097 122950776352030713
13371766346 728908355395830
14366396279 811730122669064
228465354562 51478194465951422
296528160152 76118778711531802
90657716767 12867654125802632
90322062754 12796257811539294
394209398486 116676520926884290
145368589601 26127532715116001
4353891271 135426336749576
18706712026 1206109022434626
322948762004 86515389751311354
403406320879 120783348659885704
108924747397 16946584816834688
494872712371 164109358961992680
1002915292 14971853813932
58275102316 6631570668549660
186602154061 37998605241182965
292907481806 74728900018711426
325395755687 87500545683550547
23482803971 1696350793401576
413975838322 125561217626753038
199459595801 41992827083193001
434742224492 135126578217225082
371970806461 106943962673220101
245761140242 57433149669321582
202438526851 42937076586503400
312650293421 82410240242194880
296599783916 76146359125052060
219905514154 48612386261163414
8213582197 350903396566413
3512183767 98118707226632
83045037112 11281391475146522
380475888976 110632749792281626
70706613226 8863026830387650
448149319816 141425319133991776
285330821332 71848203017376762
293639647312 75009269107536922
74863796932 9656057301542212
45660757916 4599453805838060
112395598382 17763000368607362
499756529647 166544696433078667
493058759096 163207872907788080
104884977022 16012614633959042
232216013779 52751041149209159
32445087481 2754955638298176
26360720467 2017561675629032
391135188031 115314345757493051
9368820056 427480521606426
166816367246 32118156084460930
64364593867 7697726513492303
56512026146 6332907186223326
31733228776 2664787308889626
324587122042 87174579758771778
371908707577 106917183041795273
318009903787 84538374780351343
489076818637 161234769928750197
541321 187478201
221754357631 49226732424115195
379279128629 110111178786766029
29583213662 2398606963877122
9243444562 418928313381422
641984029 7667643271589
138142134379 24203699175382504
151205178322 27716766016133038
338660796511 92905267855139976
186916291072 38094599313197288
303203587282 78703565829932162
492595121029 162977722967085184
8845098511 392141545841515
12815604754 683909019672194
118946860897 19338459942866688
31453705892 2629655627561978
19797017654 1313076790069514
25137192091 1878736978902760
89315031982 12582850564292562
72152317876 9136239149756500
279075095966 69498350224007010
162103909529 30766835717255209
354820143602 99633496324003202
32273876954 2733177817772774
199467806692 41995420107203578
415566991946 126285822049093826
96170287462 14058974040549722
5300123404 181893168462714
160160737466 30215284087763010
149268557306 27185983805391426
183373560407 37016703771962787
24828498542 1844236043349778
29347497586 2369996297715726
559467976 6237881465376
6379133629 240176507585029
177085990127 35129256205850248
59462657941 6835311814091776
214386431029 46793840452561664
99204165166 14729470695539026
61467016891 7183814176329960
206318644897 44177429655945313
338568627287 92867343053608968
64672802482 7753083349786062
7026162154 277629429378134
273963194311 67597587243724851
5242828801 178951727923200
136867288807 23869427056141587
51588735079 5523623061367699
48350082062 5011727756343922
187624984177 38311458227816977
10131547727 480731808193323
329066120632 88985182832191258
258705955642 62030099455398978
333419004902 90756653134868802
171417713482 33456166533050562
12414703952 652069910479898
171317603926 33426862713883626
43551596279 4284475387335939
215721691747 47231689150598888
71659704601 9042833670125376
75949218412 9866816128224122
23194810654 1665240504633314
437652629254 136485765422937154
94032015617 13592703985788928
9550241911 439957361034115
407754618041 122741479614067776
340466379892 93649249897610132
156495787697 29184116969048017
8986511017 401583213409728
473264772754 153479134785073794
324427610371 87110327380665576
187792254826 38362702595610050
32142660286 2716526220020226
30405410102 2499294305138698
261008543779 62860079644345064
464381492227 149178220151305448
165059884081 31612213979614801
155242327867 28834192503961832
359041261504 101416709611712794
324152182552 86999420377123098
51089499686 5443637281256090
468872649379 151347558784576119
498942060212 166137727210057722
124397976616 20682946650407360
422820585079 129606630184098824
85528964437 11791308134108672
28876731041 2313199416930560
10935504217 539072970811753
88224571712 12353116306822568
318119171836 84581949567183226
40078608761 3782338544790601
99310205947 14753093851557663
104713752529 15973419761504689
145502881526 26163746144838850
347199861472 96441126855197192
152864410129 28174235612031104
46042620241 4657272427739776
56383002722 6311231409910942
288301275497 72973089046653888
28028950996 2212082184696826
364029300217 103537456254488128
110483607557 17311676468419712
441169015457 138133989261352033
66621077777 8106053017682048
364483377911 103731240387283976
15693807196 926792552808826
106895089126 16475134348460250
77061687406 10084395163127426
91851765922 13122708711285342
5129680117 173189970071053
286224428107 72185991585375208
288586099622 73081255282682138
33283419016 2862418413440026
360931279 3232259931784
90216263152 12773780844150298
441457436431 138269472275095176
61652283379 7216317566701544
152334612497 28027893019078513
151334436782 27752314355197058
75587191267 9796351945766632
259409922487 62283457689867272
187797157654 38364204950808514
185408528879 37634594009323144
349342254002 97335136179610498
252817738741 59924461615877901
50376934654 5330148363589634
242229228466 56199522553784526
164382598891 31417843390223151
21713300246 1508270975126826
164307494626 31396314226837250
91038365161 12948781176715865
103903941871 15788481044780680
228152489257 51372487599811008
52434715531 5660047889971176
367537800296 105037892871564826
127784587492 21533279002651428
6220195417 231256498686057
47572706197 4891346363537517
214512172501 46835014655040000
8026761754 338999580415654
101369059981 15214245685041845
13101676876 706935913757500
629291027 7441366417927
85404105406 11765497305287170
25256618377 1892141660226752
15742388081 931099285557120
463934432171 148962851088699880
1065349721 16391470838080
409834290691 123681704805356776
352137131656 98505550040526176
365074443829 103983667070458624
42453628967 4123478528130003
257131622882 61464743134191362
3773068147 109251703633063
446148276806 140479154066811770
399003611329 118811438347235649
10068727372 476267586002492
220565211577 48831299800160777
451644811321 143083183902912576
224281526627 50070626538397623
63095774996 7471233813288180
388273022372 114050929319116388
138233608702 24227743818854402
245245411426 57252459549396126
290128103386 73667780662396226
130169112262 22138815496228418
41353860256 3964291321292570
21512461601 1487393107693025
163208698786 31081899820383490
330077972 2826787769338
450323750801 142455865652771825
273509627029 67429787069963264
437322432701 136331332493265925
333465552812 90775659321474268
107362532 524358616058
62908350572 7437968830116892
10108642579 479102484674024
268104916717 65441014175496128
367110956279 104854965554891784
16359058522 986342168607042
239514701141 55257478641896960
373764418504 107718407060871194
165201256222 31652836027945442
237571725472 54586459409285192
251389068847 59417230960517963
313178743879 82619266851588104
30083959987 2459764848567272
13497327151 739199117970251
31805824792 2673936894314778
4761562492 154885691992332
182234995042 36672484442667778
67562490622 8278477017819138
321321762076 85862423082688876
15836749436 939483486910476
83041369279 11280644088151739
59498528321 6841497777748480
386238317872 113155596257015992
132542726681 22747115296063145
198991223512 41845002097457168
340103394632 93499524735806112
837489202 11424748557902
414143280254 125637404501421954
235545367981 53889561074481301
3151346356 83393028222970
128490786712 21712030496833818
388199003546 114018317531086630
216505359631 47489295940247176
357055173776 100576372515308376
8332049506 358522535629570
175386249931 34624694999689551
428557911916 132253543028444026
216356669146 47440382606302530
369962987956 106079240895205370
355775226346 100036048002335830
291646720717 74246936082775157
211535771581 45863634732301120
6668450356 256699773714426
487861084792 160633953881080432
132817291504 22817833591008794
30937659379 2565206340128744
290825519131 73933566532151551
378684501316 109852334531004410
100541369254 15028287114381594
463615648057 148809341712836233
152299840466 28018297051217026
339404369152 93211413844291048
101967441437 15349158959812672
412455852382 124870321882835362
108883677841 16937001266715776
488493472952 160946387001519152
396155472022 117541573430528938
407379936121 122572339387376201
9433541404 431917837787514
201508056031 42641388414551176
27334142579 2130341070335399
499723538227 166528205028457448
69798007126 8692736871730626
271722705079 66770058022614024
95364956 438964901676
41424925367 3974514464528707
450792690922 142678441169361238
76667252411 10007069788459240
321373871471 85883310664701576
12679883129 673073556359744
90817466392 12901680638375632
314559721036 83166339791996476
243420902671 56614752403385451
144075241207 25779623034928387
25203380356 1886162178105220
64799820001 7775935200480000
305792889781 79713886646705920
4982665052 165798179671852
347144032181 96417866362699520
316529063426 83948572086120450
114977147881 18378483877642176
44597255186 4439701351220590
16723553056 1019490092486426
407651182 3879752201858
360637834561 102093926287331840
7461349562 303818692896518
163721011426 31228364014458626
274525309711 67805738313506440
60101311754 6945728295705654
363649696972 103375547874758588
375769508242 108586365310274178
175696886 1097754156226
23285359504 1675001288918104
307794264716 80497741845963260
130878791254 22320112687061994
99797918942 14861906089140482
247351666277 57991598159111552
308683852129 80846976133160704
61786494686 7239894301561090
38856774607 3610701019250312
428172863356 132075343225710970
1754244529 34635219271889
57923315704 6571612552336624
447892792571 141303905557685480
489305308129 161347772949119744
278898809512 69432509392399168
8346643004 359464874339404
121702784842 20014428643545282
241951591897 56102928624233792
244019932102 56823864169352698
5078858506 170622558623426
470125590946 151954620340333826
9140128411 411924260607615
377361109379 109276984776768744
16663437847 1013997965508067
64672083191 7752954005260035
47107463041 4819768676269185
220818335404 48915383234689914
66675112207 8115916908453512
32577174632 2771796326559258
7071994057 280350345818233
2894729917 73417105115653
158974970386 29880352525903726
370146231004 106158062434597804
1252826597 20903411804317
212247950812 46095443963249018
76798879571 10032852029657576
29395486747 2375811828523263
92395613002 13239428984418498
37592957101 3435983748228501
200161288406 42214616209112426
297753113896 76590934236944576
149343421504 27206438688293544
421325739781 128919918255154301
4651349476 149539335267876
485042075057 159243678620545233
117463894472 18977936646797338
14928796822 859858886937538
383158640711 111804925042771976
9865980686 461954813754226
475560669886 154597323330093890
8343542432 359264593665608
760870546 9893346112130
93084259129 13387719457170569
76559214557 9985924591788608
326274862916 87855379788204026
201448385912 42622449491684122
181250464241 36375699420320401
74748531277 9633765124477173
280476158029 70022368725281984
187627507 1211448283112
488439111007 160919521382655112
3695119562 105883651106422
405572151931 121757356494675176
129618643282 21998530488445058
203743127032 43352802142172912
36086008277 3231465955376173
413189132932 125203469223972858
142571859067 25377173102892703
319227267062 85024267218894018
212174985332 46071676315424762
3637575866 103419919503110
309260059031 81073452255678051
467118633521 150499084060241280
182235598756 36672666677662820
329854319201 89305088235339425
109941810904 17184491400932634
50667153616 5376274781354776
13589821954 746810545829374
257881560862 61733837052631522
312689832646 82425873725566530
26923485226 2082513633395650
61601026502 7207320100968002
20088998791 1342233061688435
283638173254 71209821593420354
10832816029 531497674806309
14763032197 845577274251392
199772992657 42091836598263537
241343991904 55891728813548314
324140105062 86994558191005018
79817104654 10630068603787634
436343800754 135873968805012354
219029660731 48322250741027551
133320279379 22947575328082119
182526705307 36760574238057087
5042138411 168775499098351
252852582886 59936850521325890
72230973322 9151182780328642
170206076077 33102074823354773
9028253126 404384485856250
13921380092 774307160828282
276351888521 68483590550550201
39624925342 3718297327813378
330181726879 89438085329466504
3944185337 116767606961097
13165208512 712084186508072
299293079087 77185889338578568
87563801404 12214595725394764
341672217982 94147210211794562
32489936417 2760669897522432
348329075131 96911999173811551
176292985156 34893553023666170
130936654 706228676914
105657677896 16189890765084576
331698201787 90054956125040872
115998418631 18623894106784051
233681482981 53251180554510720
383449327129 111932181817040704
448332057427 141511829494927848
260422197361 62648379101230976
7899679361 330980765950976
418852721954 127786520383390174
16519348496 1000874286796826
391167029257 115328427181479737
51471559129 5504814620314944
481816888777 157658034473079673
274569029242 67821936574628678
17926048532 1131402553223412
360775430962 102152360692686722
404310443762 121189629655596418
58111689071 6603696122877576
118970273737 19344169942382272
314590655446 83178608208865730
179499049031 35849729571919795
3601585757 101888861122112
262018862561 63225413555314465
203859322657 43389893906494433
387642326254 113773151970244754
474927940316 154288890115228026
436520378162 135956454381068622
253832043766 60285448837625026
22699945129 1612233336335769
399471844367 119020638670521707
255714397654 60957283351369834
390335160791 114960730886432776
281771116166 70507868169834810
402324682754 120297896416823294
467583664321 150723879721083201
316308706879 83860924166882619
280678415704 70098124489966874
53929027154 5903718460821634
259178760436 62200224324595476
42681800536 4156766327128976
177499246654 35252297048530434
9508136051 437050981812200
116984537957 18861884993281408
117236198977 18922782247336448
14802063712 848932892146568
148772306027 27050524543722927
162801024421 30965514583368576
27824758852 2187953537886202
174906846976 34482826579430376
2388545287 55028102549747
17647662386 1105149561723726
3460329646 95953787695826
5812091021 208874927184576
3886489531 114214858899295
77435094881 10157780876562176
204976357951 43747010870666376
80398294516 10746384437885460
14258622886 802613129491226
161548090321 30608732070952576
252357168529 59760785198882289
19037760886 1238266735517890
375028662712 108265399514699568
224639314904 50190488211502864
111212004772 17483157351833188
237378069826 54519729061722626
109086300506 16984300643893570
24813125066 1842523415049410
384023143154 112183528740732814
60632937029 7038089431747389
223328818651 49751928689542975
187112607931 38154630850572520
14010572 24714652538
127826550632 21543886843854362
3333891997 90742983726117
39898463887 3756865958764168
81953987941 11059799944891776
225730516187 50556637980334143
241343297147 55891487470251167
173258237497 33996442598324617
56588842 200645177878
123331366 645598601026
208623440432 44919756077046712
182220506206 36668110983898370
113797653916 18096406386450810
263609515852 63802026211013948
201272017 1345973081728
125348492557 20920454493942837
204097563352 43465977742290202
93527908751 13483544493285000
19476570296 1281324606764826
138919049857 24408169672926208
382381683779 111465025585529064
35300769196 3126565594020730
306426669826 79961835207170050
5626336 6288370440
263516583436 63768290187300476
24192190631 1773795609402195
26030660366 1979787904948610
300414421147 77620076755074792
169623127577 32932160596335273
1382354491 24227605629151
239942621954 55405630721103874
44826317911 4473950427730851
7122628982 283366671499458
215140776862 47041032856459618
6297169201 235562406489425
483353410079 158412796559716699
155920077952 29023223177154152
73180093736 9332145093750976
172986973111 33916633221075976
226705834762 50884653593060918
108413797129 16827483659620544
4713962254 152568959736194
368966699966 105651031768937026
485984123671 159707828599702755
435008016632 135250517491760112
71854045417 9079644838584153
412508532361 124894245823636665
5975704504 217756664100144
451349280461 142942768471912565
349954381316 97591078409388026
10121443504 480012832086554
367760749126 105133481570050626
340688391241 93740865101699776
47456181082 4873385966605158
27892267579 2195921036962024
47703581641 4911544864769401
220727964832 48885358131668762
27133433629 2106920165925029
205585070926 43942027173578626
191267462 1246872597818
50536086322 5355426985289038
230343654431 52114330440848520
413826625136 125493337899723640
6683587537 257574324440497
124470811271 20701114035246451
9197545007 415811812311883
135516084529 23516828901115264
41156522254 3935949130589554
115341403366 18465889549275610
229806406379 51932111326791144
211782359972 45943853390399588
495932804851 164636962269204775
1541984812 28543166897018
167050959121 32185931028840576
312995950807 82546943766775587
241309949987 55879903809002743
359010755842 101403784690657282
91762209004 13103521096444794
432168720754 133928510337323394
52679820937 5699781026196672
54154556857 5940790990470208
275160696367 68041278396965707
9900003829 464346479687949
11772453847 602129621166088
369593198921 105920236506546880
378721923829 109868618750427149
142805307526 25439527890114626
30505858516 2511689692460026
83033218829 11278983346346549
61990197887 7275727536034043
421397343742 128952784419570178
45162296071 4524343766494451
136958863507 23893386798235112
1336677661 23036748403365
32016518629 2700550657833344
233214107491 53091502522924776
30193705192 2473236844419328
735994162 9412138700622
119979205441 19590764567691776
121965394672 20079244235443738
4849696856 159205848454426
30770230702 2544410890400898
213457612579 46490071884616424
49100221766 5128812764998210
387017421529 113498148102060009
139171647154 24474772259403214
46890090731 4786446681843176
93517529051 13481299953222376
1622989852 30821659320698
334377566426 91148315210174950
438141136951 136714347339809800
88829228261 12480328912494976
61862800132 7253310211044612
24611928181 1820158740821645
295548631207 75741922495507283
238919848171 55051752136123880
426026804779 131083619527326184
145829971541 26252019817227776
475497280456 154566413978425370
230575841822 52193147555280642
76231653346 9921905430957826
288259513117 72957233645862053
9632928202 445683478238402
302408256151 78394098664558600
20703174356 1404254910354426
15738484654 930752997909634
159690762092 30082386072505628
270827760379 66440459211788319
201154607782 42529247053804058
1177410602 19044616519702
58519972 211003519588
151704916552 27854286886952352
51818979557 5560642877496733
1815483154 36464584349314
320922664129 85702504430404929
100466944897 15011603461900417
19307598779 1264686335353064
3073961 2539093440
177726921901 35320145128241600
369525281041 105891041360588401
115381271254 18475464520290754
177028267852 35112081693275452
460860001954 147484571445959774
332230277941 90271728484430285
376672507036 108978010833717740
100349088022 14985196214015938
413281861591 125245619198240776
270710753392 66397406958781978
493817729302 163584859309709098
106248744826 16325934216532550
316536224312 83951420876334768
338052053641 92654884438723776
222594451 1565432589800
272543075851 67072669272039400
69391721917 8616948375031557
132816776107 22817700774232687
425611525654 130892001118212034
447998802307 141354075433876712
103489523776 15694117287917850
235938816712 54024641080993818
25736019376 1946269308115000
25513033106 1921029340899970
357047568362 100573159056771522
295967021879 75902814530535619
306068229637 79821574062419072
204204273847 43500070891952963
480826914481 157172381254926720
7282374271 292952924796155
258100648157 61812524227598912
63796455802 7596031337729602
104908336654 16017964351766914
413587394287 125384533077300872
113462521162 18016524631429622
215047640837 47010489525609597
97591190116 14371701551933860
10993405061 543360038643840
19440666337 1277783156685568
218692903277 48210850527855552
334393104322 91154668523777538
152766461 890017413440
4890654451 161226944915751
353582893847 99112820974813192
175542049027 34670841991587048
217121542 1508053870778
355024034047 99719387366372488
352189164629 98527384129674669
108885077812 16937327919149268
54820061641 6050636390368960
193647003286 40170650754071490
151909893202 27910759134788398
208537538392 44892014915101978
186193682731 37873905262963176
255810235727 60991555453686827
262789276 2008060469626
17121103582 1056058204233762
134515767904 23256924337750664
15870581881 942495665897801
283266978271 71070079669152155
233967331654 53348919007758914
57590580037 6515068744931968
26071518727 1984451029070323
134810021626 23333278036765250
243459977707 56628385048483887
445208880391 140035704432893960
173830884007 34165127548524883
136138924504 23679142315385104
13478275021 737634542700405
24411108404 1797926956318714
12825052247 684665414312867
239759081629 55342070338700069
58011162511 6586568054671851
14151591731 793592961203176
468113752667 150980260534579903
202909662281 43087055147145920
229531242112 51838865927306522
86833821746 12062173012836430
191405053687 39475059264396547
206178632326 44132467523597626
286847451452 72421810305848652
121094246002 19864501938239502
27516820529 2151732815062609
54444885121 5988628842514305
326524522556 87956237165971020
353651853592 99141817564932378
421412032486 128959526887235290
3437490071 95005350637576
3569575772 100533532098938
57890305246 6565995608301826
7558412726 309766428831626
193166862904 40021340880133914
390799165241 115165778402955401
15880916872 943416454177888
69258790111 8592199328892040
326486542279 87940891424946184
150947376526 27645911379518850
5196136654 176566455616434
4269203407 131494311132808
4208985376 128721996820250
15996433546 953728696709826
29734215592 2416995271584282
179654865601 35896419501449025
57514583221 6502177005582080
426469992379 131288218527834344
44307435404 4396493893031164
114305821912 18217757081128218
60696680321 7049191059352576
11595436756 588599830418426
50510656042 5351385128352278
434343222562 134940594137590018
353488715791 99073225011879560
246115316437 57557348286812672
330571090172 89596335425310092
193176807952 40024431624527898
859818247 11884694443763
71968575746 9101361994819326
497825868577 165580534612411648
275530254946 68178400248771230
488390682004 160895589076950644
348238103077 96874036308193152
147847528532 26798695174544308
33818852629 2931767607532269
587713471 6716193664955
30172575379 2470641104972679
106506585812 16385399187969018
359332825412 101540269805488122
178627725487 35589013972951243
31609151029 2649173484291789
38768175832 3598358699109658
21753955406 1512509011607426
278570288572 69309866362179788
144247604404 25825898762711034
432157564456 133923324385190426
35657183629 3174036086641344
41196124321 3941631443183201
68521613722 8455384409238338
346666750112 96219089827891272
192199690001 39721141134160000
415701017579 126346920180516399
109507554046 17082776903789826
166487292281 32023164721465920
35315384731 3128507530932095
221706410779 49210767860456959
2279441441 51301109116160
75122500306 9706152570628270
331994742941 90175748088691776
50070775927 5281632347577352
59318595704 6810486610197274
481858118896 157678271627619576
129548389621 21980647998520576
180585174826 36175604757302550
26646207527 2050425669356552
339256907341 93150673734253760
19131929467 1247465574477032
25558231006 1926136444045570
283044979856 70986548768466970
463991266222 148990224868368338
298581713467 76910867354577128
942018716 13629126812026
115965668029 18616007344239109
118483955822 19225680607825538
112369523212 17756819340814972
2219878397 49303499241792
18944019277 1229132173533173
119841595526 19557069815809850
5413253276 187747863440876
230507259691 52169862893031151
78447010852 10357541886078948
52585731452 5684517570177402
1915031329 39504542983424
448433383966 141559806395277026
109892580079 17172950120117899
162286166329 30818738035533449
18069290152 1144990686091802
3310497766 89789527462210
426072036287 131104495926306747
414857107942 125962372256523482
108925214141 16946693741582085
111351175742 17515985349234178
52617517801 5689672513419200
63890076917 7612758225206528
230576520904 52193378131122464
53385231904 5814648278892314
13368495856 728640954409720
345355709596 95673777111364076
217575987631 47841986141999051
6582346954 251744053447874
160933650112 30434269862158618
44735639404 4460381838855034
129089664442 21864002526656578
41120093701 3930724583861376
15257162587 888383891790568
10769762467 526863959825128
276836824279 68663929805357859
146589736531 26457444051140551
20856682442 1419902084105078
12138611767 630439033242632
488454925079 160927336527036424
133509338692 22996405049573828
157036689254 29335552809845594
211580654287 45878232226524843
146707257004 26489266715327354
435297216097 135385414655750817
94009900079 13587908928007499
366534510916 104608094168805060
74188171807 9525637613322587
35530182307 3157093566036712
3937349431 116464171328520
101346548006 15209177806108570
394191640096 116668636925378330
257137359886 61466800207253890
39192860326 3657647561537050
46005606112 4651657504590618
229667448154 51885015326898534
22392464501 1579586838506125
446302262254 140551888708391554
242164501954 56176998277750274
44241969454 4386753492117074
108920546746 16945604515111430
152974462502 28204666524175002
275125831156 68028346681010170
276719270146 68620198933004030
370549869757 106331755459810112
482828517182 158154826260273858
283483792879 71151691669799819
66564511147 8095731163134063
451666671142 143093571974029978
301618629587 78087253488814568
56797138204 6380893424132474
39387122779 3684875400817384
160316983136 30259509933331226
291625336487 74238770284668243
55550611222 6171987693783338
160929678802 30433143342493102
260777392579 62776594012834024
9171793642 414066738587478
87950486716 12295595310492026
23226051629 1668606001274304
451369232876 142952247006325626
202503434602 42957728593995202
59410596161 6826336909724865
12382777 20534775177
146378101916 26400168949522810
22211258762 1560451984464822
433662173254 134623338538495354
296921041967 76270108050577032
23721578206 1722289371406370
112912034446 17885567355321730
35949395731 3213133024351720
11587519262 587997077532418
486956691886 160187487855606226
122241637379 20147499948224279
150447242992 27508626443399928
422008060457 129233216386601408
40873550656 3895426496426920
183078753496 36927472790555930
116569888436 18761690404319226
57913445612 6569932924234618
425982498691 131063171326205160
364742977951 103842082661233800
287493900061 72666766517323840
424272939196 130274985921128826
38501043779 3561231046611159
759973592 9875856854032
235898976251 54010957804934376
449448227152 142040621388235802
367691284741 105103695797455485
201277676629 42568282923249069
6773257856 262775311858970
304884835004 79359083473381754
276237410542 68441041232065682
38247556754 3526118752449154
352059928522 98473157014424438
65534077 250056200773
341930180362 94253852054424118
30831287041 2551987845314560
456392191504 145345091398688794
5183198021 175907374504576
70592716132 8841620041256612
369617272579 105930585441109224
212048628379 46030526688681704
3645427192 103754933653232
254766997837 60618834854148597
12717333904 676057709554264
49076721866 5125131141397110
101963377154 15348241273161214
336965084779 92208361338117039
330928140286 89741534320820226
405388443097 121674638606544192
5242521607 178936000051187
289645357717 73483992737836032
356405625622 100302047200610242
454797118402 144583793916618302
172267770907 33705337830151912
170756128246 33262667676906826
39515773376 3702944091705626
205977688204 44067965162462074
325152979321 87402638222592576
18039456541 1142156164715685
127955010751 21576371036554376
13213933462 716041031191722
424120039501 130204569380728000
462764809991 148399882033365235
1599262291 30148226572776
158889837341 29856353775773760
2541595457 60401016083137
231177900529 52397704104153984
208096035886 44749526480117890
328090096226 88589575423099650
110432845667 17299747005431528
141761884216 25161222321930010
16535711441 1002361756251776
269341668226 65894349351424126
122475130351 20205252979899275
200444843062 42304351833291018
233137622747 53065386864390888
96878996111 14214667583676040
360452715392 102015327510809882
93888094447 13561509322528392
39744376954 3735123553822274
279666360556 69719332133186426
299664562367 77329638977569928
47936452162 4947553185481218
165764471006 31814843391623426
241357887254 55896555825391554
84977298641 11677410424923776
8465281904 367156206827034
479350226279 156448888802913939
4177025701 127258657409501
354425167279 99467178504686539
182533955737 36762764598397993
20919430786 1426314683700226
60547302092 7023184306393532
29371972007 2372961618607112
95612365279 13936808942031259
2208233197 48916045746517
216044322446 47337687535903730
315305743106 83462376117916926
379992774107 110422100228334312
22459175831 1586650935898120
316976376367 84126586876253832
340921209454 93836971937119874
71294089637 8973715768771293
188483571277 38574733558674677
20524494316 1386114882268026
466110090371 150011939265465576
10688462737 520909357226993
47609728177 4897057290944977
87770234801 12257815452117376
30543909221 2516390505246080
384336075431 112320680700992520
201568369916 42660534514555276
55288266716 6128317347823276
136629337912 23807206700388122
265015660529 64313205450681489
138266736181 24236453563133645
35049061181 3093184796583301
436805406457 136089636418344512
50856418351 5406427170131275
20263965271 1359806634989576
267538444306 65233720516656770
160502765452 30312124276267898
25786864352 1952039844733448
181534757629 36461316581772229
62605442027 7384311887320552
95362834282 13882285662836162
191361745982 39461662448090562
271908508081 66838555461237120
399023264446 118820216633041730
9885796967 463347303937032
249946063966 58906371887077026
6868564616 268341082496026
52721052122 5706473960849638
142338068026 25314777952757126
128639361152 21749699987112552
3173056954 84256296723974
176570988154 34976123045877314
211139189536 45734719086366490
320102808257 85374299887949633
8948878654 399063311826114
85536822856 11792933255158176
26010357241 1977472089875401
365041974026 103969794874758850
128166554072 21629900331744538
2453045947 57272081453288
325231206329 87434181816407049
224024416931 49984551930507895
324895783657 87298955576200537
3161198342 83784400909378
769280701 10057832337925
5977563131 217858265945320
396844879 3726505714219
385803381667 112964516163955432
67394971954 8247706808012674
175561602847 34676635192063067
7906594126 331415435000626
60842754196 7074653491716980
153833009827 28442441575633527
92738970457 13313297469192512
8474262392 367740616587632
96576389287 14148119109540872
11055027166 547935051563810
68393216782 8431629753826162
320821726852 85662074584408452
32728459936 2791126701459226
79005311266 10468309083425026
181307064226 36392739595789150
67569107467 8279693198893032
88446922579 12399845793550824
316084451596 83771756845534076
139369560904 24526998632562714
38689969879 3587475870589219
370666096522 106381787479215542
188374299302 38541193263299098
302904631954 78587193206035074
19339052779 1267778051409384
478166208004 155869592099811844
276247073351 68444632376379400
208525913911 44888261349843976
454478629529 144431945029063209
247401606754 58009161875304094
313434427126 82720464748055626
11701210732 596672038151708
98918849656 14665972433894170
261129216476 62903678086601900
18063056 36180305176
49599113404 5207179453966714
44090690582 4364272916766658
35839274857 3198380513391833
116114527852 18651863657614202
380347667932 110576829325224108
135340696586 23471189624380726
1433024881 25571851362176
60659753896 7042759186901530
237072929654 54414638325152714
393133075687 116198998403190547
270940375876 66481904417605626
52632441236 5692093255007226
1577562536 29536703398976
424277545036 130277107295036476
154027762879 28496471040263304
150526242904 27530296494635664
486966560641 160192357466934401
36066399601 3228832402325376
134780426029 23325594723820309
78666999532 10401140899720058
169097584286 32779228519060226
102324058391 15429751737255651
8652503927 379403644782723
471154968902 152453969063111802
60792532396 7065895776442076
786556954 10398545143974
497347028497 165341693365749888
1785598921 35567940146880
6637651372 254923426119388
404245701542 121160521666767682
97246012579 14295520418119799
605085079 7016163209224
186621703517 38004576813126757
435942196879 135686427522948744
472796924737 153251607190024897
140488957702 24823087596024898
20211858097 1354565043364817
44326489132 4399330169067612
19051032004 1239561747814394
105127860917 16068267902164557
252573186217 59837534502453657
34527846721 3024443715136705
172458002161 33761183307438976
256061359379 61081388789462504
72375476492 9178657928969082
327803401361 88473482421070976
398288388817 118492123301615232
28320929011 2246737059839976
23624967136 1711778493939976
169690698331 32951840764322495
721259191 9130900963651
6406384222 241717147694338
3448775827 95473610866152
25418924129 1910410080913569
58498588177 6669755530287473
101183186027 15172418745048552
309962766982 81349934836795458
32133026279 2715304986797064
183566190656 37075047093386920
42126739981 4075944642561845
1424045029 25331862374784
318101623877 84574951147205248
14423916782 816610048726162
400063783252 119285284643117748
2135017186 46503521044226
1415404 793099164
359623659571 101663570693882855
117827210404 19066052948899684
5735365652 204752553847802
78425622991 10353306335672235
12182746466 633880481476510
14634781987 834582590747368
303221498141 78710539709458085
21201214322 1455230149985038
99140924117 14715388226059053
9168678821 413855824712576
61836070286 7248609667370226
488970999596 161182444423486330
133596681779 23018975464229864
403373087146 120768423257458326
130409032457 22200051231625408
145432761541 26144835363282560
132351780772 22697977464658938
77177150761 10107068212488640
1082915992 16798553870928
15515556247 911047603680867
595107751 6843342421000
343068193612 94724787650890618
359160202 3208497822402
45313895491 4547143680299735
453471671 4551948653576
56895258457 6397435616733033
61461757711 7182892213150315
22062496771 1544801315714280
338501977004 92839921727504604
42124998412 4075691888217468
134962724197 23372934551932288
22354599736 1575581995667226
360436583404 102008479070537884
141168270982 25003347707963458
190214643656 39107369877510170
250751312197 59191268168676413
278701673716 69358906228714260
258423342661 61928483694647101
100536885079 15027281725352099
144272850031 25832678980758795
457670451746 145956141437406430
28779003829 2301466529366349
490727889271 162051925842881155
222249445279 49391679555171464
320342891807 85470366620667483
68301525602 8414679652887198
494665803227 164006447060574952
235907905717 54014024545202253
87648773956 12232379758610426
137198672536 23956168746078490
30972742717 2569571005701253
204359597017 43549711323405632
418476633527 127614449394668552
76128995504 9901870058478904
46917043327 4790574182208648
55440337579 6153618749915624
229239314606 51740001024969426
68484969466 8448602601773510
321205533266 85815839912145026
454385201866 144387410748117110
1687253096 32670281736576
11295721361 565926936007665
433852179772 134711824906793292
346739195882 96249252950264258
151823918404 27887067940786884
96946795612 14229592135434618
26940195382 2084452717511362
78735635552 10414756192905352
207394726862 44523499963163522
19171071767 1251295854362632
447326042731 141035787817797551
45129751 142895841251
168770913637 32684287649271168
121312848736 19918316196675976
300888988897 77804075342162688
240789199862 55699116923340618
129679239629 22013958682039669
11540374927 584412279987848
13778249002 762396444888002
35173874297 3109722226774592
234830037904 53644260752529434
221090888029 49005974483473984
196195683667 40966312735699432
36803911 105234655240
317470219697 84323265054251392
369981912367 106087380279645832
120155618221 19633988743856576
147556206904 26719527131940784
163028208592 31030354481892378
19623290779 1295830547820264
17289352082 1071663199574658
28033923292 2212670842389932
20393011991 1372816781344776
347466570752 96552273348267752
343211510272 94784150773186792
7245010126 290701201379250
25100881654 1874667713438914
50795840746 5396770236377430
139933460801 24676006411461825
189953831162 39026964381799622
254629249877 60569678185717248
2500836004 58953874393444
157398369779 29436957913182184
123578812676 20478986521747450
189793609672 38977597296066592
465218380937 149581666023316672
314783434879 83255077063254779
325364294504 87487855878307354
256994670916 61415644142190276
134467534756 23244416638360570
122723708452 20266797753607652
4815386317 157519312138357
20098019806 1343137265088770
7371104654 298323347637634
15611533351 919514110647251
52439897027 5660886884280552
17685632629 1108718204848269
296749990856 76204210652370970
156560691379 29202274212252519
171909904342 33600363837049282
219296471717 48410573317856128
458647798891 146423921326988776
2755454731 68182808883176
507673181 5391996876645
83371798654 11348041211663234
68561970754 8462855444305854
140487367486 24822666132332226
24431219677 1800149272127973
137726151031 24094455583751176
319580537551 85165443559882376
103270354279 15644288276222984
173927006737 34193469768198272
184615311547 37393339046752488
29789109742 2423691617288082
491671474067 162519547396137607
51704114807 5542164066376712
163037344936 31032963001752090
231373772641 52464311445163776
14591700697 830900076803392
2859230011 72070704784351
109582913477 17100413648397952
445398568111 140125210385947851
415235211952 126134616217893402
60418267921 7000745261928576
16760882506 1022905485541570
298891672031 77030660608016795
177237379 1112223644904
185271626 1188702765250
402627933481 120433933254123801
21272109454 1462535522834674
147140376527 26606658585856427
5463835381 190385522642176
27298848292 2126216297458682
455465926379 144902840750704104
184573994101 37380786631045376
128696947 688185485288
310114744832 81409772240097512
192692905616 39874135652438360
1250572 658635642
217828050904 47925148182682384
3576761332 100837247781908
5420018671 188099941373576
38615455561 3577116982441465
16364485417 986833019050432
46028055529 4655062738812864
5425329862 188376495094522
73841629 299083219429
54508920932 5999197329075108
115935329686 18608702478001090
1141153652 18171730786298
1274089961 21437837717440
125755889296 21022528176687130
23217646817 1667700353361953
249180230432 58635845924576712
4653182216 149627727402010
34522853996 3023787735976826
276601740977 68576486632218577
177647636212 35296512759965972
156620571361 29219029379767040
310207682281 81446371216691545
69909401 275512957225
483161702654 158318561432696834
54369015136 5976115282933640
455496468571 144917416133749480
3556744312 99991938480922
17550292277 1096015752823552
52894269127 5734620344735752
166906486496 32144186421676826
36020756216 3222705017312026
68399874181 8432860888315645
5942843732 215962941293562
942105529 13631010892864
482134013407 157813712382411912
249926267504 58899373684336504
389328557321 114516323193872576
535806481 5846363138176
81259115681 10919437447250176
421567197977 129030758554224448
178761039347 35628862752649192
54714485401 6033165685609001
3362943067 91931653696232
81871822879 11043171666873179
285663303592 71973821551520282
72391456757 9181698026571008
27133666582 2106947299358658
354072485342 99318748428933378
111841087726 17631710199956626
133544479222 23005484861786442
474216744751 153942452693194376
388992429596 114368053218537580
155146502281 28807499112905920
101951184791 15345488432672776
172033062307 33636477786196712
6294363901 235405013729600
179605716154 35881689842217734
122865441329 20301916929210449
118829343754 19309807970131254
337762681657 92535941193631808
156387271954 29153767367128174
200795766329 42415495292461449
345344905504 95669287562768154
126918555754 21314744559847894
17662507276 1106544305961850
219477969454 48470685323833474
3771244129 109172489266944
93328200704 13440380840072474
108431958142 16831712142762882
76615964077 9997029763610773
493947925486 163649557894812290
164748619172 31522836044133988
206476697806 44228203402830770
266793575686 64961478813079226
33442281511 2882936467536851
24850787392 1846719996418728
451179227776 142861992255929626
372085530532 106993442362072058
201350012992 42591232665265832
485310012601 159375646368821001
6107722027 225012551363048
394263564046 116700569325139826
103107718996 15607346686247930
195444709867 40731329019065832
149968202281 27377345188971545
487819598641 160613464607477585
492391665704 162876761923890624
1865658071 37986664024355
250449723154 59084512505383534
37187144687 3380497387953547
88511704912 12413471575172122
148758669427 27046805413349352
57601780237 6516969413273397
30950346802 2566784477931598
5621869667 198704983450807
180490834154 36147260338090434
274228997911 67695987605471240
10280846 15534361330
267980446372 65395446982278138
42184522417 4084333583622528
258862789747 62086514369365992
176018761129 34812169155603904
65383246537 7881187565733497
362180072872 102749520860826138
364552538627 103760766307279127
268295339027 65510746112067048
94472264504 13688275348803354
28649596879 2285960885000619
53553317357 5842131390693312
55597619071 6179823620281480
31871686576 2682246775135800
374031626872 107833941413818992
371466403081 106726507558314176
3269371954 88121561911374
190798346 1242288043830
82198297612 11109291718559868
437246682797 136295912482007488
30020217997 2451951338764992
136022065832 23648660343833408
201556306417 42656704836162432
209270533879 45128911604059144
27414867404 2139785230773114
96272061802 14081297301136598
305956357877 79777814360591373
276946216681 68704632803907520
1992098761 41913093940601
130784158204 22295908912081274
323657994521 86800542919145280
40460310346 3836500574277826
1110453502 17443373792002
1009689454 15123801798274
139462496912 24551535806728218
376808788217 109037159046932032
198350157562 41642954413369922
57167808181 6443459884050176
45771428081 4616185836454801
2770917347 68757543098088
48822031441 5085286521092401
66030325102 7998473380931202
183484401311 37050271219528840
180907440806 36272484604326426
99271096 466210166576
2726505091 67111105194135
2270672356 51005356286970
36598786526 3300588365454626
157074239806 29346075507168770
439997512241 137584142095800401
6947081002 272955444034498
12412182904 651871296645914
416791347529 126844333681296064
80079419702 10682514509093898
166412285596 32001526286590330
204982120471 43748855680937955
328238352029 88649629401476389
113168491 567464546735
147663788521 26748753857050201
332015114641 90184048201724401
437723736032 136519029689228058
4690009676 151407582434876
489473494654 161430969062853634
530125642 5753630322882
361422145504 102427156510448904
190616385521 39231330153645201
233911926277 53329969925559677
244467939181 56980424286147520
44945566472 4491814967845088
772303952 10117181797402
5946769154 216176952358914
53774453432 5878354377137712
241182140551 55835514601097075
75360684107 9752350769861583
486128073466 159778792717859526
315967584097 83725301079609088
438627772 4330279594188
19609425704 1294457409704474
11304891796 566616250104826
467650392496 150756145262651930
261668609911 63098681371550851
178185098029 35456815077057984
27342560477 2131325246777573
115607639977 18529862286994073
56189744066 6278810571390526
77734470661 10216745125198976
489511093241 161449569751219776
5433145162 188783683965122
405289401682 121630051374712962
479691024941 156615761806714901
476747318686 155176325843984226
373909684996 107781211612536826
39926717237 3760857203610368
4983064366 165818110931026
184673042192 37410880214618328
178649841386 35595623596876226
8922943667 397329758636903
391475779436 115464998193679226
134336881954 23210547348515074
132896674577 22838293526401152
558732307 6225581630983
202803927502 43053380972442498
83952243442 11466757091204482
72479760481 9198503042578176
307570695896 80410052452789530
188240514991 38500142316296651
52875187 181220897768
149806137397 27332978669892813
1891217252 38769953707002
1706886379 33242181232104
752429029 9729158180509
47638121447 4901438677766163
438096205327 136693317666070152
409832479982 123680885139491458
55424657 194485128433
337753046 2925954654826
170881795316 33299393690028026
18390455437 1175652775000768
60963161611 7095664948568040
172550807332 33788438956657658
4753856279 154509836845064
23597803636 1708827084511226
244029013967 56827036482961032
321808548154 86057612869813314
308033612551 80591655475208200
133475236129 22987594575679969
180895410796 36268866581826076
169402451416 32867915363990810
331497052891 89973051612918335
31427626696 2626385811400730
449348682007 141993434600373987
196154969032 40953561359866912
359445583876 101588068513130500
602930176 6978715833626
73987235476 9486963944342900
478949844727 156252916644285448
26463686771 2029394283874280
183116272207 36938824817573512
283000590616 70969850446349776
303005045812 78626274329865172
193674386752 40179171810953498
132572075582 22754671053237762
353796522706 99202658052535426
129282311279 21912963915195659
171384340381 33446396691217445
277743125396 69001391101377530
1562321152 29109688515048
111032390704 17440819888910874
483812679361 158638629603479040
210526844942 45535903927162482
61421094317 7175765028194453
325869470557 87691691773740608
305383238371 79553758717945576
192833230711 39917700034718851
119114703829 19379406444685824
278438188162 69260571178501122
179174448754 35752529229588494
63152980711 7481396809171976
355706059879 100006877304229779
315167583017 83407525008063257
275387003012 68125236805603322
449217868012 141931433574048668
143398600346 25598227546721830
30069244297 2457960259814592
41557435957 3993600333266637
125420102381 20938384412432320
393121548457 116193887753897408
340709027941 93749382559119901
18802968004 1215430119563844
146769014737 26505994831814272
21869037817 1524527074758857
31279882141 2607887187280960
270863824232 66453730637569562
61085086157 7116962303298933
5621127436 198665633332090
360800065186 102162823525061726
249602565241 58784981751494985
1707938236 33272914127226
66250366022 8038488161522042
41824248811 4032122472482351
430491317887 133149529652008072
33190601836 2850453139983226
310120257682 81411943059849858
127895324404 21561275896760314
70321312777 8790679787002048
157708793011 29524084874389351
95112757027 13827714546642423
77940429154 10257376159218434
409022589112 123314447960760368
1069739386 16492885304390
158089239254 29630982292230594
87302863012 12160037476813668
183499546111 37054858511297915
11474988779 579452508474159
168945253687 32734944984949768
381502 110890498
13602189454 747830240038274
55415033417 6149406258506432
292948814081 74744718118021120
51925270412 5577760622601468
97875470704 14434543919093274
42794945404 4173306016065914
9408833254 430222036908354
269317448404 65885461488112634
774152227 10153522584823
145895865754 26269815060204354
71697945827 9050073212265527
43851670879 4328832308241544
119604758596 19499123925979076
246638981954 57741145343683074
106715301106 16433587222359426
658101061 7958196787840
391818022 3655923375938
211189879279 45751189894665864
246495725912 57690845675816218
42447801397 4122629516740813
126365254 669567369794
12291944029 642422065521509
103298752 494869897498
152886528029 28180350619729984
65237957506 7854932781779070
52844517352 5726531352744448
280812545237 70148377863428397
18183912457 1155902824585408
364469717311 103725408769352840
99414965657 14776444005759808
225715734442 50551672078968982
231050084311 52354254738040840
93327768667 13440287512303807
296769250906 76211629633261670
259546795922 62332758509107842
107702062787 16662047623772247
797182486 10609967460290
71280873952 8971220713519898
31804815946 2673809673537730
87169199492 12132122016375428
232930767071 52994777609079451
3916788779 115553102617064
320888215496 85688705513723930
12470231776 656449627769626
15959072497 950389365769617
59745775651 6884187084358376
52174998029 5618047262983989
453588597112 144007878147136368
489898046782 161641044039636162
18718022 38166050938
477031513942 155315100519980482
75207411862 9722613652679618
477951089254 155764419305560154
187703402161 38335479205158865
232878214417 52976843989606528
126612416506 21237671316080070
169700019491 32954555885404151
299704820221 77345222561376576
386640082567 113332198762680328
1374898142 24031844658978
53966144716 5909814519353276
10036682041 473995691723401
483337678807 158405063038871587
381133033582 110919495187472658
7323343777 295428570274048
26276520391 2007902788150835
216457325704 47473492826281824
46726397851 4761404365754751
25595775641 1930382207443776
331399350751 89933277877694875
165211602901 31655809738503725
39111709771 3646293441480655
39455073596 3694415271422330
7139945752 284400699255248
306932599261 80159949975654976
478490933386 156028397019870390
356027487862 100142462379751618
82367460751 11143603588554376
74743504931 9632793428755176
297342716062 76432638963922018
448796169992 141731625668785178
43615368227 4293889386776823
63225502201 7494287377460800
212369805061 46135145661951101
10876871287 534743248804872
444233712406 139575863192127426
474868491241 154259921353808985
17777908204 1117406716410524
32422674629 2752101468028544
19662733972 1299739486904692
173545031797 34080889041375488
87936646879 12292693179710619
91615755541 13072163541067776
61523479591 7193714882717651
301776316942 78148497996346482
229319897836 51767285257677690
20507073941 1384350533596160
410357753212 123918740028221818
111669041 556223503185
15459237367 906091667592707
225901213204 50613995123252724
55951647941 6238944455532160
217851502 1515665530498
180891200387 36267600330792168
25788454066 1952220357553026
179907911782 35972287114691162
110616677836 17342962090378940
168549050902 32619859651620802
98601968927 14595556450715227
192538979332 39826366976939012
309319046381 81096648942602176
340859281954 93811405199690974
43448361154 4269250449975614
132595248062 22760637306425922
261834299426 63158622370824450
347845974322 96710456754720642
313915996262 82911179017251418
782279236 10313830233540
44509792342 4426647214585282
26914668067 2081490712896232
84451252754 11569146017549954
589978426 6755056341126
96879876472 14214861342108442
165242644882 31664731987659758
57521705791 6503384883054651
51350350216 5485381344554010
466003889716 149960673049772026
23189426404 1664660704363514
39791192357 3741724982286208
38423662292 3550500090614778
274173457261 67675422541207765
323738455471 86832912701331080
258239331781 61862350965722045
53134251067 5773691701076703
18215201279 1158887535899784
206692029776 44297409053901850
470929787266 152344687345027710
2360772542 54071134347778
239154242602 55132785574066198
290003952154 73620499962306214
150911664421 27636100978567005
125342984956 20919075693570426
426644560717 131368837765255157
190946241326 39333207197396050
183236721136 36975276879529976
190447244362 39179124522636022
223469857381 49799065878562176
35440138262 3145099630100418
3583361497 101116489232617
409267734086 123425326175322690
475375389581 154506984497656245
458302951 4624887866376
460379136142 147253801292778882
19439088901 1277627638453376
29056287646 2334808308525826
198720677236 41759693036599290
237722707576 54638504073337626
296102446927 75954916575623723
102532259221 15476868578094701
8639354077 378539058540773
314456617321 83125453781738201
11903859254 612239289254594
491245162822 162308220538987642
101628127381 15272607231032320
318177402622 84605174363003138
27331103101 2129985747758400
76286328316 9932581662108026
20717217236 1405683906815540
34021230826 2958123339674050
290748495521 73904197083009280
7122867691 283380916876776
3367373146 92113370005826
197676170836 41430882753879476
3611437579 102307211419624
9759511906 454497216384926
36859518829 3335921605774549
341406089651 94037234740111975
31760190529 2668184193239489
325674939454 87613180770766274
62788516897 7416726122649313
168467776492 32596268514569082
351057058004 98052693700481844
272709218551 67134010071139075
54220397557 5951628452324608
434063657512 134810333247611418
156969445754 29316712475510854
4416261172 138346741710842
197598210982 41406375781345562
371604325561 106785953147302976
18992517754 1233855246857794
310904368427 81720902337194223
5263391 5689727835
121378369457 19934455129729408
346489651 3040215711975
2860364431 72113601175176
386737698076 113375121180584300
490919110004 162146654682101754
106889540704 16473851643455624
467512106062 150689281213391922
1207050412 19768266980218
15077421727 872731427746952
61828333777 7247249362794673
226428495932 50791308065435212
269153075972 65825152872505338
476396830217 155005236648356032
73865343904 9463529374111514
4251757006 130689089659570
428951469566 132435763568833026
256728041962 61320091855199318
268320977962 65520136884791318
171283655279 33416927294357259
10171301879 483564034026504
58032964271 6590281455806155
797541892 10617143540228
303800381329 78936048014058624
200920627096 42455064294146330
4814503129 157475978077504
15639110797 921951646785717
1406435167 24863429729307
456577557437 145433649371044672
450632236576 142602270843617050
21384671029 1474159425745664
297773178187 76598676068708047
347974434731 96764034861683176
326223165412 87834499877168122
30145559654 2467323621164634
1253827927 20928477848227
192531532846 39824056557589330
3127258156 82438694722426
347784255029 96684718467128064
7529056117 307963492120832
73225626706 9340856211210370
20082384667 1341570237171432
276193558379 68424744540425704
5560536697 195462132531017
314369388916 83090868395120276
280195365529 69917242959405609
6053685562 222033043326018
209874571141 45324442425851901
359004824336 101401271639092440
207874815292 44678187593113932
86414677129 11974942688320704
30160785211 2469193110222815
398724946501 118686992834077501
763212916 9939067426810
83543390704 11383093309458424
89228410462 12564549905470722
147147428806 26608571453064770
428985740779 132451635390084584
384906386 3559614276226
190412684606 39168460461919426
95798742622 13977579408383138
169435631002 32877572232734502
29653795747 2407196292917992
394822307891 116948736531753960
885300082 12416923878158
2593044106 62244295116470
4130268829 125127870991424
460228497311 147181533669194715
396927580606 117885374493479426
159433162904 30009625954307664
4258583617 131003968815553
381971649742 111285784942432178
192024889904 39666965557662234
73910705051 9472248138182376
66123388654 8015389008362114
81159168829 10899297631215424
414669486541 125876931111830901
439138650031 137181498226958795
384914063902 112574148309059298
9123911071 410828426491355
1497987481 27330282298176
6431878072 243161438506288
148202829097 26895355415456192
122712809311 20264097957362715
35759268736 3187676573355290
14051668621 785202558763701
9829211737 459374763429993
242663049532 56350566261320058
52039089967 5596110271633032
284947951156 71703637550846420
331265847781 89878939398534301
48539957677 5041279104611477
268510011337 65589387986463097
14523618529 825091609952289
152769321391 28147951159088776
169067926766 32770605313368210
106328047232 16344215780574312
360929196254 102217674884072994
2055379 1388067304
490715010457 162045546470472512
360930045877 102218035813269248
5261482072 179907610383642
432053445952 133874928620783898
228514026742 51494645699311178
27002672246 2091708000346826
10285723879 491746744452104
308028118279 80589499261897459
31649644622 2654265796747138
145351335697 26122881204940913
1172853529 18934156453289
58422646 210477326530
121956998627 20077170899299127
344201459851 95194535679524751
28822444372 2306679438214138
35679084886 3176960862653890
23981276 55348789626
273281875351 67345581294907400
227088463702 51013530967239402
74427571654 9571782662010434
444283670842 139599408877791878
22665227596 1608536092478330
152944595129 28196406724565769
36968203829 3350687090630349
116146335529 18659528250177984
420931109216 128738833236560776
362612557402 102933617961748802
463979706472 148984657048312192
203350733047 43227620995779592
108080649847 16749978844765192
4609104067 147506693888232
56419275656 6317322714701920
31534770817 2639828223209857
41623770602 4003166137839702
1095049802 17081681892598
8136350831 345965773769995
5282737867 180998925780303
484540875991 158996920021092360
39369162107 3682355208703208
219697987016 48543588419549210
487342634692 160377963175999482
17327679721 1075228733958080
22555287029 1596846655933709
91766493029 13104438737812864
103529563204 15703226107668474
11007496126 544405074333250
258843362761 62079525346022265
12448763156 654755147058170
87532418029 12208029632892864
22854899302 1628769635499098
260226654601 62577831281220025
379026594454 110001224585218474
2890318466 73249340934526
405547835137 121746406387009793
212330051971 46122192336207080
33421077992 2880195080444928
245027650781 57176222199609920
58813353029 6723660145209984
50394711602 5332969960781698
7231414192 289883290323482
31142717236 2590752266123476
404914054561 121461124147802465
885116 392107276
138654569902 24338498837148802
3120539501 82173166732501
463517434552 148762057974818352
2164984504 47486048493104
14879 848219
188304946456 38519910920710426
472906814186 153305039396209090
261176915171 62920914165072951
245810218747 57450354642318367
495479762716 164411416144454010
4138361777 125495820948177
123103002337 20360826243529472
48261497222 4997960652517442
271115602067 66546408990244328
92768689171 13319697468562951
356732437447 100440039247578163
9644868829 446512417487424
51826062226 5561782969414126
8762960306 386691912471426
14433769561 817446916687465
90635575921 12862940511274880
264675050831 64189258003069995
134167957067 23166781147104232
487570718779 160490565553256159
201270697492 42566068910681082
1137955072 18095382268392
7845472217 327579847032128
331204803556 89854096779666426
306085442492 79828307744205178
427681622512 131848114117810168
34668316222 3042919007718338
233548875736 53205859276627226
338663265502 92906283839998498
453239112187 143841475441341672
20229353797 1356324227279488
23339125327 1680806009110152
37192053746 3381166798284430
13945251511 776299612808515
94206863212 13630634026994972
7075562362 280562557378118
355450539676 99899137209475450
9839028782 460063146911058
28572331726 2276719584971650
4341489154 134848100348414
8566685066 373773036201910
196601181212 41093382296169068
415573373629 126288731037182469
133097771 723785689576
2325108529 52850491945809
39750861781 3736037745824301
459238924379 146707089065981119
35533914406 3157591012847426
165221375062 31658618413929922
46559939591 4735983935520776
383612229742 112003518459842178
481875789487 157686945223959243
57019125361 6418338840110976
45861635512 4629839115621168
265903145876 64636534409461876
422658753167 129532228083703432
354254275586 99395247627378690
301450889279 78022122065486984
9842255452 460289480065402
153911229154 28464137505138434
86915521 381935779905
308351578861 80716473311950165
62125128787 7299495548944872
6719824486 259671937748290
129893222279 22068468785875059
350815777796 97951624134757380
66789825356 8136870843714426
115223761226 18437645376659650
397918974754 118327308567976194
118713346481 19281540449115345
11014322411 544911572738351
446414697857 140605005311159937
18637143646 1199387167085826
93953538904 13575691332837264
266527750672 64864414468613592
5338596116 183877266092276
968990254 14218640019794
143120257606 25523732794542970
30279036656 2483728818982426
41919166927 4045856342263723
14491037 25996923968
15675033271 925130013750280
40548257926 3849016351643450
417739588036 127277454669535226
237507624292 54564368251638778
13553741047 743838344596488
78512380717 10370491002824128
40209233572 3800844818971642
125776452026 21027684579397126
21678304754 1504626098199694
291660468136 74252185840600640
372828645856 107314127490259720
292486671031 74567916850951176
18279962822 1165073430587642
95417432282 13894209402034662
44967155996 4495051815028076
127202870692 21386406644997732
139836137221 24650267657624701
243852995621 56765563439095680
168876088031 32714844649840795
9095295629 408897205682869
132011919029 22610605455872589
121513407754 19967731233973954
216789065812 47582670740405172
239834567072 55368208154703642
199041064454 41860724347870274
2249561351 50295692730376
386065192696 113079524448424730
55544278351 6170932295499400
71320524682 8978707267026358
183772865641 37137678295843776
10700308906 521775596511170
181030169756 36309402178531820
133620460582 23025121446606658
263006473279 63583217616872584
27012201097 2092815300480192
1496017651 27276391194600
208879313654 45002421489244234
26860868311 2075252778616840
5239757266 178794490670210
97377478706 14324519250382926
230417642977 52139441894455073
30352660921 2492793218730505
358665115582 101257378991366658
1440153947 25762913993663
37783767961 3462177036806976
74391309227 9564788192809448
385976448137 113040536390020793
364808746577 103870170369705777
79271466226 10521252507467150
11661011971 593599927481576
496548477154 164943638657839134
304968394621 79391710579284805
436531590632 135961692687275008
202330370386 42902671284725890
43248140254 4239773765809954
110968311652 17425723873399802
13802329732 764396024551812
235454090879 53858239656301704
210599526502 45559486967505498
27071038271 2099656799492155
40550251372 3849300195429242
248864066752 58524284167582248
198589569532 41718372837239162
234628597777 53575250435922048
2339519407 53342602204808
77456347256 10161962934860570
101632184977 15273521900409073
457124319367 145694967818833928
191852647081 39613606667933120
306688980521 80064531944314905
152051584241 27949818112379776
317518031387 84342314677860072
4634485951 148726833546376
43167593707 4227934852244783
287213405096 72560445810338330
4561 142976
205790314286 44007847129860226
24004924717 1753239685060032
310696226471 81638851164271955
420340426942 128467944119516482
441359719747 138223565831925992
76194173266 9914589010094210
69639679802 8663176167617602
1098843761 17170532640640
241907073529 56087445169221184
468734182336 151280519965585690
30699322579 2535620781685224
304235491036 79105689790415226
59094922579 6772002351477224
194919885007 40567376201023112
30215334052 2475894831274852
142718209454 25416257767390674
238145574592 54784357471193128
479282668517 156415816001849728
206047654432 44090420508544712
24936916151 1856328975345475
3647135122 103827858421742
238968238786 55068478194943490
294024476747 75156772599718888
30895386754 2559950552753154
5903334812 213812883628268
338506913837 92841952751708693
207502295737 44558143810377993
68079946502 8373765340045498
97199270872 14285214841566992
170584360657 33212490713039537
293124125947 74811823380997663
117252178897 18926651297578417
197255119051 41298581007356751
386318302504 113190747543187994
70320562732 8790539145501562
92765243279 13318955334556139
571000322 6431747649538
466250100631 150079535309054051
3908473492 115185319517178
150059128366 27402247411571026
207024568312 44404354616722672
13258025704 719627957954074
14660798231 836809041543176
12102334832 627614982156408
258789402736 62060114144331290
94177349002 13624228978562998
328458772261 88738940098492765
186665693537 38018015137394593
94649696156 13726856134402426
354418431851 99464343133657775
480709244941 157114689144340160
79802662 336022417218
449515544879 142072534568454219
7833952207 326858599333512
237650312911 54613547026055851
50584739557 5363162703843712
7831949591 326733273120776
451420541111 142976622304556040
292697038606 74648379504109426
85636118176 11813473957282376
180775733987 36232880363415272
372370260637 107116277422255168
355201854086 99794316107877690
12794960497 682257148714513
266377822 2049333392642
322392856606 86292101856839426
11105193997 551669020556992
457822585172 146028923057439738
353996753177 99286885351126848
235708750102 53945640231718698
235465756891 53862242469174335
166336142254 31979564928615554
24492931129 1806974158499904
433528076062 134560900907842018
29766170029 2420892530677909
129734246891 22027966982703151
274946347379 67961788038330344
275646813787 68221667590064872
151254125029 27730225430600064
157784620891 29545380641708776
184727134879 37427318495392904
279539982187 69672079260816047
496381072126 164860232659797250
31929276754 2689520055172654
177178841561 35156888815979840
391012257682 115259986571704962
44997750029 4499640009849909
49010325904 5114733948325464
134036414404 23132719259064314
45336175522 4550497721753438
288289885457 72968764618642033
419964587527 128295681785213427
11650476982 592795686407562
8818783222 390392835354442
198061165654 41551978167246314
52591569041 5685464162962560
438019452466 136657396962523010
28755257392 2298618595389978
5172614617 175368877632832
6542135692 249440730452732
7089487351 281391205690376
102001765279 15356909772469384
16500086971 999124266447080
312323795032 82281183262048912
197660451886 41425941053956226
72493467607 9201112553826312
9172335404 414103426574684
152656027526 28116645118189626
115960852154 18614847714046214
3237911629 86852662286069
22272000986 1566857541506790
219901535077 48611066842005277
27286932856 2124824366008176
48386471987 5017386826427368
37081405957 3366089346865533
63012322501 7456416154640000
5475549629 190998122228544
222315454222 49413685484611442
149799021691 27331031239916776
16547716082 1003453503333762
202867619852 43073664517880698
77057761601 10083624567845376
2840280766 71355426974210
84807534247 11642434840058888
325988154976 87739603249610376
2381500606 54784833819970
236879477452 54348048110529402
106767511852 16445648975065948
225727156657 50555509337831808
107468275079 16607824826192499
108188540867 16775066015901928
454342304626 144366964400677250
88016765267 12309496689930728
13801332871 764313214062451
82505922437 11171714427852797
139437675742 24544981665090082
346695061351 96230876964527251
472193246911 152958188063523976
25594418126 1930228637541250
89257983817 12570796914455232
108941084032 16950397460712808
307529128897 80393752328228417
137819062579 24118841288237799
277028089076 68735101349677050
168549631504 32620028200671704
43540086872 4282777105274138
24419063522 1798805895431938
141347925587 25051092852138472
420717529 4067777568064
464917477061 149436564982451840
39289791361 3671225008361601
232022510237 52685119377459493
342689749627 94568092158036127
29024716646 2331004018717530
238291906426 54834859770221126
295382587579 75678102007739999
800820211 10682674701351
95583943379 13930595076233704
75742406656 9826542117651176
2686701557 65646865892608
333789845041 90908109350587776
44744015086 4461634549828226
447871024267 141293604284677007
56510009021 6332568121126405
236573282297 54242705031926217
372845052812 107321211382193018
407713981556 122723131590902676
1221143491 20115489712360
168383620087 32571846830649347
67487154967 8264634467532003
320059602776 85357015524467600
29798141627 2424793976918248
124654156 656013282170
209208431527 45108824644844552
128095176629 21611833915652429
46035034166 4656121460854026
138113751952 24196240280655898
13885028047 771276281380488
29239544401 2356931448722225
1685394712 32616320303568
141668717366 25136422191321610
144384064507 25862554915067112
72389173754 9181263685820994
173618093279 34102413118440584
381451773847 111058666751406088
233425188481 53163598186153345
36088963471 3231862916243080
29032668029 2331961961585984
306351520882 79932421891664258
304482815704 79202171515716624
466944669011 150415018450481640
180812414629 36243908783588829
62947374337 7444890875364097
107463639004 16606750168940204
241212006029 55845886060309184
475535313607 154584959094988083
313410675061 82711062083401101
161158960316 30498205127459276
256779636766 61338578105805026
25322288447 1899526145713288
306539410522 80005968708335938
57175923721 6444832004774080
395219620712 117125310696697472
211016389621 45694825446098701
488830584529 161113020581459584
10985399426 542766614938626
322617731746 86382403224941826
220751220197 48893084005775517
234915710404 53673619818799684
197464960396 41364499152598780
116168989106 18664987648971470
128845885162 21802098125857218
203085523271 43143082393069576
414621221879 125854954932202504
17228413126 1066002319490626
2389305629 55054380349504
208406458856 44849695165618176
262067366407 63242970419707912
8567732254 373841573347554
15388281029 899860509849789
377375009467 109283022658769128
69829395196 8698601206884730
217428908204 47793483170577274
137220150386 23961794321203726
177504013226 35253717059186626
287136861337 72531441160241193
20046326797 1337958671654592
291539043811 74205821540447976
109691083154 17125739739896814
65566714627 7914383278294248
471594810611 152667501660504040
1460133781 26300903121920
358538930611 101203947353293415
320588670481 85568749490178176
39541078721 3706501637336576
9229037731 417949279122551
38718348676 3591423680557700
417677254 4023763458554
11732132791 599038789699651
215755192066 47242691794374910
358560101036 101212911080602490
9285233402 421772442143298
74358911981 9558540699766720
1598866427 30137033320223
468678994879 151253803717644219
481973629 4987784449344
7771990151 322988366778376
93123958831 13396285015281995
116179111631 18667427298967176
26613898117 2046697478344832
174571655287 34383749606824968
393494939251 116359470331646375
121047498497 19853000228820992
104754485782 15982741077684162
74185860646 9525192492380826
9152977351 412793176635400
11660095696 593529964616730
162662394379 30925970848495119
453343848302 143891337451689602
126187054897 21130737402815313
79778353736 10622328243507226
199819138366 42106421687940610
245696644516 57410542643535460
293568381877 74981963969879373
473539169611 153612634001880040
14529243346 825570979357826
186992114654 38117781596281634
443765370917 139355195664322653
17361577312 1078385438896922
487849231426 160628099625109950
5072712451 170312938801175
300693533287 77728276043428872
99307531954 14752497999680974
221460764527 49129003643623048
477035420996 155317008651896826
80673612041 10801631937273401
19296006577 1263547534808273
411275976932 124334896966802212
100451256532 15008087401223162
4892236987 161305207255647
419319635879 128000254090126419
136679525704 23820325500674074
17554039507 1096366794267112
421517615366 129007995289068610
157537545271 29476009895789576
260435909756 62653327246391820
48657181129 5059552103665529
401002662379 119705443428218344
269055503581 65789362050947301
76474716329 9969396970341824
40929322996 3903402248103930
237402186331 54528037704143551
277700644379 68985560975194879
5111464387 172268276659543
182778742192 36836740291799578
19480715192 1281733656189232
402802040236 120512059873912540
385028134157 112624194494714933
161158960316 30498205127459276
23378247029 1685033911253389
440267720897 137710900152277313
25871186716 1961622366790010
74119622672 9512438254358488
406696923787 122264211673556968
168254814466 32534480029728510
484360743967 158908265613442907
92171784629 13191349301034829
90601092682 12855600443482358
412526698651 124902496166862975
421618620061 129054367731403840
14101837831 789411480666120
48236645902 4994100739260802
44656707232 4448582090098458
483616946941 158542370454184901
69509493379 8638894705533079
344384848082 95270624373957762
1640184176 31312756142200
198646923829 41736447068947149
19557574201 1289326560141376
313914411547 82910551187635967
443561903129 139259364421299369
122308892167 20164129350396403
10596404254 514194048657154
183428673829 37033393246001024
208706775851 44946673834150376
253159884142 60046149053834882
178119437654 35437218360536514
3832369927 111837496724723
34786910797 3058546366906613
231199660001 52405102134240000
24662095096 1825726679406576
10023934846 473092970397826
8127041287 345372164644872
18439200704 1180330115592474
138665102132 24341272028602362
9071671 12875727880
390463286851 115017338709569751
41329706266 3960818623625026
142985465704 25487683542135424
111037103129 17441930234023744
191846452736 39611688175531290
21723304142 1509313448620978
323352334111 86677611114108040
15361626841 897523530471401
14111580004 790229664895994
462750379436 148392940676660090
156373849942 29150014240377578
321792503204 86051176867322874
466726292782 150309513741949058
85869274492 11861752593869178
121874041487 20056689133803243
7443159046 302708316376130
200765982946 42406058606253826
13615882711 748959783138851
471263696542 152506744453895778
233195668057 53085206000176233
4839754921 158716536196505
109211983762 17013661698663918
132484553377 22732141283946752
247949172101 58201853015253501
332770122722 90491843322950942
110503821556 17316427688032020
385072011832 112643446976415408
210273855257 45453847922061737
326933556511 88121561844661851
5397137461 186910066526976
1040706254 15826020034994
98890829902 14659741443018802
201513769591 42643202009909635
126884801891 21306242164268776
452191465546 143343036543342326
388051868029 113953500657265984
298156844792 76746764477354778
358780310506 101306165222533570
7967953204 335280846970874
639800107 7628549966312
182498309176 36751996164423450
336108576217 91857017410155753
226920687004 50957006913151354
59739207997 6883051980298117
157000263904 29325346627103514
90878847616 12914762742044776
51853753667 5566241187598807
56198460397 6280271613688917
240101978029 55460835769409984
51997803887 5589451931244168
28607961202 2280979498704398
451794038879 143154103777717019
101773800704 15305456566773224
21263034872 1461599754203888
214669401181 46886516364115520
398007297307 118366706874201087
33598670701 2903182738547925
43801340254 4321381827869954
80664373654 10799776555058114
102970169722 15576125957199942
136126923311 23676011264136840
187379421401 38236269972653376
95131948529 13831899920561809
55675675972 6192842555705338
244986350191 57161766807248651
61534354267 7195622273702632
44973753829 4496041161736349
461478489572 147781564108729892
391833338626 115623226451253250
66621077777 8106053017682048
238104168082 54770069999634158
1761597047 34853197614467
8100926542 343708811717682
8002706329 337476793547049
53558553829 5842988283044224
62347396882 7338704262559362
3222318782 86226028341058
214672022147 46887375045651688
277254417532 68819352175176058
104979805792 16034335590826778
41794175287 4027774329559747
417223311941 127041577923459901
28839733696 2308755267948826
373825807447 107744946483168163
36113684377 3235184225618752
308463887629 80760575561406144
329112363706 89003940895857926
50357256691 5327025613516776
24321702629 1788058612323229
442059007951 138552197214666376
8908655422 396375775331842
15597930377 918312553133248
321225571216 85823870290930776
388027201331 113942635562630120
16657596551 1013464831881075
43158779302 4226639961059098
97198389061 14285020444347965
137193434291 23954796788163560
421733404 4082519947884
197015885341 41223472505245760
119762297579 19537661940471599
35302363471 3126777402621576
648810254 7790264743794
83296680562 11332707749653518
121962431329 20078512453447424
122778211417 20280300331838057
440980230629 138045333357189504
1775156321 35256379731105
50950863811 5421494598507351
11818993132 605703699795612
10403959126 500250098765250
97890956629 14437969823825069
2211158251 49013270888751
31093072507 2584559830523112
7058561521 279551976264576
24483414971 1805921171823455
14314912207 807370591862408
59203265254 6790634259284954
2754563977 68149749216448
68775801761 8502477268752640
45905560507 4636492215116008
365676250837 104240890985001472
86131383536 11916104649715226
302269063961 78339980114482601
407761842517 122744741676297728
83621891536 11399141136713240
480900465256 157208445994856320
349537039672 97416555518876592
11703964507 596882683351487
162455415046 30866962073560130
461682181822 147879419037257538
431231165017 133492925649333353
20047928681 1338119047875520
84667153754 11613539479249254
45745411576 4612250625410800
30711713204 2537156051374074
167694909757 32372216668000133
9921826279 465882660299784
7922069002 332388889890498
320034000904 85346774039612384
155764874027 28979899048221423
30279282742 2483759098019082
158338997912 29701229228708122
2120860757 46041766217133
156813160277 29272939881922048
56918536504 6401362180992794
11753281222 600659272473338
198372202627 41649897043647127
9037124021 404980638842701
125645581406 20994874070951170
274080161632 67640882610032008
10955922352 540583468816952
422610025762 129509828485437918
162502729279 30880447812844859
21605072386 1497008264073726
2657605966 64583368497026
13710106846 756747627617826
61779112787 7238596866374343
410082395636 123794033265616890
1740942529 34242018328064
858533204 11858060641274
102047840566 15367316279241410
282456917029 70765437860667264
435011747626 135252257529423126
15565095704 915414408661274
309804529129 81287648303331929
78371374279 10342565768697864
194878054361 40554317990994665
399291309796 118939963682905380
104300461357 15878945605037333
338892921004 93000802811378554
268533461977 65597980670308073
69252463204 8591021986402724
367401491822 104979465266330642
83143283654 11301417117509114
374009139641 107824216895099401
28060923451 2215868235030751
60614133932 7034815770246108
20535031154 1387182424650114
133706288641 23047309523496960
343494917977 94901577427380073
446717115937 140747906247427297
154739573587 28694235988191943
116641843516 18779064642096460
78006772606 10270475690599426
4956544831 164496157735995
3463241926 96074948738626
111253039366 17492834560681026
15918186379 946739441072104
714401101 9000977630400
16945944754 1039893548600194
1321005701 22632790709501
124624033129 20739350014839744
5372231341 185617755875776
177054449986 35119871499969726
335045203346 91421439321145326
190670724157 39248106759244933
134275725091 23194699235414760
39821383156 3745984239878676
254609268811 60562548856447976
119503538287 19474376268600968
223068248146 49664881396746030
126368475086 21176323581346690
139505279006 24562833980217570
233304266329 53122292690325824
407467496954 122611859444023874
322842685286 86472767569020226
12297275552 642840079585352
21625240529 1499104924089984
427513314827 131770291463168527
324217404886 87025679312758890
207442388671 44538848912573576
352301636122 98574584956888742
3312369529 89865689499209
4054726379 121710721778479
1943667727 40393950633323
419218906954 127954134520745974
24404480129 1797194725807104
497649269482 165492435151455062
79181504327 10503347367737523
19161086681 1250318389325801
371633637386 106798588178013890
326387157541 87900739742254685
43640476462 4297597747570818
242386556897 56254284057904417
146394875551 26404706922284251
19112764342 1245591594141378
63672567086 7573915527684690
16090834529 962183632450209
296117838097 75960838770777713
296657551316 76168606246204410
267954091654 65385800173774914
173504383276 34068915856907100
255112602151 60742225535095251
435898311851 135665939292944751
471924097922 152827427947610238
392403646672 115875750453107738
213505312531 46505656007500551
142492305881 25355935862656320
70517586832 8827509049191512
313389298972 82702600294441338
444558020986 139728735204724290
398266076342 118482166381958282
218608919701 48183081904258925
4765857266 155095293072526
83933805187 11462979664337047
65696418922 7937879310523842
246900320696 57832943519016730
328912000517 88922674988313728
63450440797 7534316841942592
159936126379 30151744977809519
36909222361 3342671420230976
208198624117 44782621853959053
408781134337 123205271285993472
227779088726 51246422719291626
142194045841 25276366191036401
98290030252 14526349097925498
108437546452 16833013356996148
50354717879 5326622766887944
28855827029 2310688061161389
44496068771 4424600086649576
300327612691 77586435244701160
361468829 3239483663424
386506430867 113273439694777832
225586750666 50508347105480310
198939496477 41828686963847077
46059918829 4659897341438549
53164898404 5778687745708964
89889060004 12704350443868004
113920293802 18125668079998102
314859610927 83285299891291723
307777003879 80490970570640019
7728912286 320306735647490
53496387254 5832818095296194
443067557879 139026624447015944
409995459812 123754669572097018
166632737987 32065137771223272
474473882731 154067679725919720
369143681467 105727057049005407
211891060606 45979230066279426
22911805081 1634856577160745
202160559454 42848671832083874
46596260176 4741526711106200
77810588317 10231755184732453
269242594021 65857994963464576
2047840004 43684523007994
586068967 6688023717907
134832832 737985044762
4662447896 150074872940826
62618889106 7386691142883970
296553574046 76128564547436130
290336097172 73747013920079988
43274907722 4243710551046338
10677792181 520129494290176
245261519752 57258100371049498
266868819452 64988962388715898
2993793511 77217918149640
54017407642 5918237210489382
127652170727 21499816855031827
167478385636 32309539374383140
203743127032 43352802142172912
466918577129 150402411309706329
66541161611 8091471793302415
228527547712 51499216108294568
373359896386 107543580181989890
498771255836 166052422807354476
13721534971 757694013519080
23626923511 1711991126469640
5837887486 210267085580290
420608200432 128590722483151608
10407854227 500531056296327
49732114511 5228138270293640
526095704 5688146773274
36990504016 3353719386455960
240512390021 55603097399857280
12956596 21978709076
253158461021 60045642736201280
210772844746 45615740090821826
36729036997 3318223632612992
46511737504 4728631297459994
1342423021 23185435504576
7883347396 329954877560826
458469673666 146338629491639810
172233141329 33695175070572849
417884933911 127343886746022115
30609689026 2524523899354626
7951676887 334254039147043
49399945651 5175846372495975
2622654101 63313492700525
132221131681 22664376771467520
309471653086 81156671563538690
420288166036 128443986230762490
305546596951 79617600803296675
261793053029 63143699011918109
486955705016 160187000899901210
99350320162 14762033555114718
405432565441 121694503699182401
22160493076 1555105214917626
315993022801 83735412436597376
160705662847 30369620479661192
211339384454 45799780684228674
14339457227 809448021119823
449837981329 142225424503416049
72245797261 9154000069938101
238342304677 54852256893694848
21007067852 1435286904056698
445177741492 140021013069205332
186558171529 37985171491484089
30263289232 2481791472449562
323331425782 86669204235685058
6017867779 220065400927464
161018761387 30458416250184168
109797900356 17150761429620676
41570986997 3995553844421888
158071246246 29625923733461826
103532748491 15703950824166735
457867560271 146050441753361451
391468700704 115461866419298074
477017839379 155308422181344744
229248794251 51743210436991375
20486219737 1382239389489897
36734728879 3318994999307979
488316560629 160858962592447744
88434725962 12397281015747318
4985460586 165937732031190
320597478632 85572276009594112
443103329806 139043461675991426
446585740504 140685821764816154
73630688132 9418469472660612
105003634246 16039795148341826
48711163876 5067974438085626
431174516879 133466622304378504
84765943154 11633871400331534
108369565129 16817186472100729
5983468922 218181210844738
247680240472 58107187936563088
374209818829 107911010192901749
372115724017 107006465868926353
104034814732 15818320188946812
127193287529 21383989886286784
466441321012 150171871663539668
362395431532 102841179553104412
495964674947 164652832612943767
228877203601 51617455050165376
6075050879 223209519469704
32178166456 2721028659910426
365719011662 104259175845173122
188691766771 38638664671129576
58565991136 6681286357011226
202241958046 42874553552329826
445694977046 140265111921753130
222979421702 49635219271310402
116349332467 18708468480574503
84224955952 11522675849140152
452736547267 143602298130794728
112436850737 17772780559462993
153314824412 28298850290336122
153165350657 28257475543078912
413850279091 125504097687650151
3091220507 81017798320383
112310272712 17742776883357722
4477844296 141250613150880
41733193966 4018962223377026
111663801601 17589803126245376
40706461786 3871564443015490
142869980332 25456811212546012
43120300279 4220988700773384
34211132677 2982925676836477
458425626527 146317540921767048
76070866432 9890531198104858
260471274967 62666089454725128
56024931692 6251205853484828
3163584197 83879271452288
306956888102 80169465250562202
5788503407 207604674763787
7223839702 289427953633898
7711019206 319195069775426
4481157116 141407394015610
471087991154 152421461714506114
75032213272 9688659592694042
33084022297 2836734351990592
240533197256 55610313073260570
148002546017 26840853730729728
7030786072 277903537551642
33765298912 2924806467428872
165294387997 31679606128207013
10819719857 530534143566208
30691393891 2534638534188776
75738125401 9825708976865600
189043933717 38746885757558253
65735572756 7944976618392570
1012702511 15191550397515
99387767404 14770380536019484
103926736096 15793676800322330
20291554879 1362584674110779
33044677582 2831675526420658
726624382 9232973839362
201920274871 42772300679039555
4856199077 159526139745152
248660924656 58452640672381176
217184062 1508705297922
43676822347 4302967743119567
108983098147 16960204027843063
761026592 9896389828378
242973159352 56458620155398448
64834024466 7782092790918510
540991172 5931427231738
330514988204 89573527983684474
80970726991 10861359338356360
71421022541 8997691840989685
265558322254 64510843953479554
297147644966 76357436032137026
417507452737 127171378412790272
235842655822 53991616426225538
104054429956 15822794097893370
67117701772 8196861191986042
50949906154 5421341747831234
267269323882 65135316026023362
21280773361 1463429129035665
288200291656 72934751743126176
259813442527 62428840015676552
74467316161 9579450728769601
21943344287 1532303731700872
50154353971 5294862021401576
43369395356 4257616911690220
19257129376 1259730794434376
280386289129 69988717023530944
157749793972 29535599092281338
67916578291 8343642198732776
339128419267 93097759743338728
265036045831 64320626164376051
4655594266 149744085900710
69823415972 8697483987385338
424900484782 130564129131902162
465063094666 149506778442521526
352996167262 98866225204188418
193936666 1273064934310
209836347932 45312060972867962
105666412196 16191898339572730
121183829587 19886549197823943
195631067296 40789599214479130
318857421736 84876550806630976
51888861586 5571895142468226
314445514852 83121051472364452
151517693342 27802739140157282
45382860902 4557528423423298
4233058067 129827890976232
210839724397 45637453104601813
1282432691 21648746290535
499058943212 166196110210183068
335519334866 91615567501716610
107510004254 16617498827837154
48292881154 5002836632847614
398027818091 118375861267766760
221830284082 49252016710606158
347599130006 96607531004863426
18258171779 1162990767934359
358483043692 101180285656108828
132480950141 22731213906486085
375603079282 108514233625676162
2481495577 58271306351273
46493134517 4725794658183757
36479841106 3284511133946926
175454958877 34645043755315877
21867783016 1524395864923776
223223235862 49716651130356522
414813386542 125942460186525778
103113622504 15608687122015744
187853544776 38381484854861850
102400072427 15446948525842223
464981121686 149467251604364226
194612191382 40471356708025258
322109465029 86178347342432189
25452756254 1914225439744994
215896447496 47289094274171930
45234153811 4535146105188840
80990849216 10865408367690010
493248446926 163302065150538626
484958359747 159202453643974888
271348342861 66632118174543040
43843971382 4327692268743362
448529039147 141605102949730792
158681329576 29797603218369050
223924692721 49951179771976576
5599835707 197537937858783
58763976077 6715194602451648
322005933757 86136801951155008
136941592792 23888867449344528
4573839547 145817054048488
14768531317 846049776515328
439731137707 137459220762603887
433636097176 134611196375749200
90265968496 12784339029715576
157958813146 29594320784405826
68295981737 8413655174354368
274063873547 67634853033789967
410363188831 123921202188330120
36339518846 3265578182237826
91940937706 13141823107126870
122399913379 20186642514476919
338082477779 92667392912338759
265505852866 64491725669441026
35531781754 3157306751129154
29990331596 2448290710334330
308701138376 80853767359412250
12796720211 682397902078440
40342627327 3819774430934152
85178185654 11718843175281034
374156183776 107887810873658376
405347924692 121656397058535732
20999279581 1434488787354176
463410566971 148710613524281576
128717993272 21769645142454042
69992427586 8729082275828226
10185855086 484602241666690
342031903822 94295915671584642
57881798921 6564548461254201
200023381279 42170996149933659
42736453904 4164752906047514
19418390986 1275587631204726
120292917761 19667651468414976
179864062 1137040657922
53204361707 5785123066066408
5337872827 183839898812648
19592200226 1292752147644126
210444444421 45509172291658880
393882708142 116531512146762882
36525233782 3290643537146058
57697535452 6533226567039148
294554604346 75360126379677830
96350183777 14098440641462177
202333551046 42903682942939130
269568506671 65977610857567880
137259967432 23972224545735712
304384497967 79163812924280907
166224266237 31947306625538368
35883157 101310118912
15340250062 895650726820018
274326763117 67732192236624832
55090588081 6095479754914176
181964631746 36590903868941826
409378118527 123475263516988552
556494842 6188222665282
337254114971 92327023769123455
57109663667 6433632050967528
97100973587 14263550414382568
499602579004 166467745858992204
3305942642 89604269422978
237203778379 54459694546419919
148679589472 27025241179373192
327960501106 88537091440451970
66464574716 8077506230053260
112600986736 17811712019826040
123921586042 20564250210462278
114992973097 18382278376722713
59036493154 6761961210764034
26993609777 2090655077383552
10577051291 512786023735935
348291516421 96896325229288576
293703967 2372638562907
287177026592 72546660458176282
346771674029 96262776395983509
143384141279 25594355986941064
38813298421 3604642775608576
58347158816 6643874280288026
41577330796 3996468472744826
247246174802 57954503374057602
67541171881 8274559022282176
201110210737 42515167807382993
19255166921 1259538233934201
228641139652 51537618220842052
350958190111 98011274850413915
281303627557 70332470641059712
204410745137 43566062111475072
479227842529 156388977734968064
319829222792 85264871650766432
448092517786 141398431907282726
50782773472 5394687881325338
2153878162 47121110553218
10083775079 477335661009299
431114158204 133438597952640524
297753885587 76591231990058472
362869786657 103043165664791808
58101462056 6601952930726426
61701102542 7224890602389682
31687394897 2659016055554688
112289420254 17737835700545794
162070886446 30757434664699730
247911850879 58188712716817544
1975972681 41405190257145
59762369227 6887055271529448
111738008279 17607340130895139
255891783746 61020722427899326
1942420957 40355090370533
135325609162 23467264970493122
489150008596 161270964284729076
431086301779 133425664959671239
98986469212 14681013204025722
46086631801 4663951776253001
307638934607 80436814037542187
446531872711 140660367939788851
167498063867 32315233964182303
66663427231 8113783497667720
356279838779 100248952196681439
248405703977 58362671744162073
9882563167 463119969413403
131348369531 22440343541234920
454936373129 144650204391613369
399808891792 119171302916298778
156865246787 29287525901740247
99724663504 14845545274375194
484367251 5024987338375
81112440607 10889885901362312
736723306 9426129151426
191445891154 39487693325133614
62473171504 7360922257084954
383812840154 112091388529039334
380741994766 110748835384135026
333828247754 90923798356558454
157037810101 29335866883784525
85099370077 11702581708697152
420370684741 128481815837727360
118880537029 19322287713179264
300522174086 77661841794343226
103491798536 15694634740086240
14638717172 834919234019092
148208817904 26896985676520184
273006925129 67243971719783104
361123786027 102300349852248552
293150924957 74822083180985408
317912615192 84499583555489232
226080716236 50674334619495290
9644313287 446473839400968
205313281202 43854916865174402
248553039154 58414603858390914
6586937254 252007436831554
54262556597 5958571340136192
256943771371 61397399352968680
13526095051 741563652582376
9509239279 437127050761864
84874266016 11656179032160026
8858803279 393053289840264
1588534796 29845391784826
161573670031 30616002297763051
104232419911 15863409939679240
389623339876 114646408010208250
166650057182 32070137004488962
1140484921 18155759650880
212268148831 46102023952691995
262923799282 63553239632797058
476559854782 155084808449653058
93431053951 13462605138826376
104836891852 16001604259982202
414675861329 125879833817361024
18140648527 1151780009520427
173421333712 34044457635617818
94339734379 13659481587603119
429146926462 132526292851102722
312297714142 82270877020190978
1069785641 16493955043776
471773524567 152754291457464328
31622226871 2650817493567555
178927302946 35678581347305730
39049085531 3637539464655551
65746088272 7946883097217688
60319932779 6983660857585839
368786325611 105573567792210351
396390498154 117646189379545814
8270587579 354562846459999
140004359062 24694762209743018
302864938042 78571746101858182
1292683282 21908827191662
402213459652 120248015107764548
127773465887 21530467869625947
375588345161 108507848505935865
876946261 12241585200640
181251066322 36375880670784642
161483865754 30590480797666854
246059893829 57537907393759549
67321197517 8234167870544757
26470589006 2030188294557570
66059036941 8003690896334901
452014598611 143258945468345415
52926617 181485376553
141386209967 25061271261845128
491239215601 162305273088826001
1377836266 24108919738710
309739985986 81262247010529726
192938818646 39950490605710826
114349814426 18228275218338626
54749555872 6038967262161992
73390658761 9372451931540601
235670302154 53932441637494134
129655814152 22007993987523552
448073584576 141389470255726376
373580281921 107638814943149505
388142612986 113993474627574726
11 15
323588001629 86772387753364069
281752349116 70500824135903610
330365406232 89512727062706458
206305155379 44173097112787944
37449960682 3416397630038358
103398553876 15673428526304250
439607357281 137401184484016545
324638689754 87195354958943554
86099427997 11909473779487013
175020423904 34516419540056584
448106717956 141405153394450426
139064041132 24446392273708508
302422254904 78399542132158234
364948844971 103930010421795951
11216200426 559961328900950
1416955996 25142939547180
493749159586 163550788286354690
225162439454 50365910594594274
21199817 46003607232
333508020406 90793000613132426
46289051512 4694712752969072
433413551131 134507584055187176
83498432879 11373906031751179
126205643216 21135406658432026
152265072404 28008703273866484
361326929096 102386682609996576
300272588827 77565113965089023
119809775296 19549281162191130
209879754217 45326121440561753
311871880426 82102663540420950
18158176597 1153449746647213
170832691982 33285041706162562
418071452437 127429154203462893
3211249871 85782117857451
2386472242 54956478325582
460075005391 147107909466065835
375514678891 108475926664297960
7912379707 331779268497887
14183742952 796298969009152
5440548829 189169696370149
12939337147 693837449716063
487845280336 160626148238061976
194975458031 40584726515943051
422862887162 129626080882801218
99524688176 14800913527079450
2128813876 46300992241876
21463537267 1482321965384103
2572130227 61492774761448
120360125029 19684136168028189
85479754129 11781133140099569
286910321296 72445621221935130
46346575741 4703466790419776
452145819154 143321332471341934
231409147279 52476343783382664
2406063766 55634610486210
5836482862 210191202875522
240956129 1763076010529
135099918529 23408582750641664
208181201692 44777000735023482
826638131 11203426616551
333748176511 90891087151883515
403239267862 120708330704195522
1602770654 30247487820034
387607987417 113758034606302528
4889764387 161182933476072
9997899122 471250975209742
18875564957 1222475964569637
369140244529 105725580482871889
388525091761 114162011321453265
190616385521 39231330153645201
65664524422 7932099445020738
323774666161 86847481728454865
177581478991 35276797577264776
103269899812 15644185006323172
110406059372 17293453110046492
54493403647 5996635782214792
338191851526 92712365100354626
147594236329 26729857378410649
35151598379 3106768568109544
141657007129 25133305614208169
165079994311 31617991417427976
146406780004 26407927734542244
369689498257 105961636289322112
141153393476 24999395212101626
414643077227 125864906092862952
400432401506 119450186667040926
150419268829 27500954361346624
64549861861 7730986338987165
191491683797 39501861992476717
256378480486 61194894048187226
254747011367 60611701668014803
449873076976 142242069140442650
1506757961 27570657206976
47250300346 4841706776459330
3683437366 105381915286026
68968794301 8538290755515200
420341343829 128468364459943424
314040408871 82960473532525576
222202778204 49376123750711674
231302351326 52440020984462626
50967145357 5424093499589312
86453344111 11982981031907851
10227717754 487592807060294
236015072491 54050834483602735
353096162129 98908237647649329
89981940532 12724046271111162
248742030476 58481241301621626
205150549879 43802788041358344
158563048231 29764292618611720
323813077 2746690473773
316258600396 83840998321777530
38395668829 3546620728475749
300464031611 77639304840735976
8793302806 388702088425770
269800582601 66062831055005376
99038979271 14692696679094280
276473082607 68528645724739208
251592612691 59489408728076776
4281964612 132084335126522
37809887546 3465767722312326
181092151654 36328051447002434
7988164004 336557325900794
59197759742 6789687053838082
123707607937 20511010047371393
324655611302 87202172540643098
179957702486 35987221512740290
370920998254 106491542239630354
1468630307 26530806532087
104210961779 15858511530947239
128758586992 21779944185325082
77179115171 10107454102171255
6618308776 253809935533376
192553252166 39830795530463810
333315304576 90714315558237800
115552349012 18516570615399418
308701138376 80853767359412250
284036744072 71359971397431392
143738866366 25689393500932610
54547228366 6005522566450610
349416650704 97366230913612824
228733967 1630644465003
260283650257 62598391409723008
173157591856 33966824095654426
1013963029 15219923082989
88198530007 12347647203709987
1768786504 35066782076954
45383764727 4557664572909827
295958558842 75899558944073282
259430811361 62290980870061601
154814684347 28715130862842088
187571693806 38295137199024770
86855076506 12066602069103426
25116344002 1876400199965502
323199558056 86616188761311770
21345602272 1470121435015688
442591364062 138802552988657922
212073375746 46038584994381826
170098738481 33070766834603345
1212608882 19904974830862
266359122751 64802866120074376
227911398232 51291080320231312
300955706536 77829954630654490
196862404 1301982332484
52076842357 5602201034664333
76240634317 9923658857774453
177492096916 35250167104044026
1855836427 37687088975848
374777547797 108156677741765613
175135221367 34550384579640707
48711476002 5068023149249502
287374862504 72621639379303744
56644226237 6355142318658368
11459087579 578248477512424
7103068456 282200174457370
7776104987 323244908287743
5287261529 181231463498089
20111254291 1344464164492776
135511919701 23515744791180800
192565043167 39834454148373403
20187537581 1352120892234176
55083949571 6094378012857576
130671154937 22267018157380297
111978758662 17664275916717122
310246279042 81461572319435778
213719701367 46575720799644803
29283089011 2362198463471015
267287602232 65141997978459312
381898234036 111253702444070740
305522363972 79608129246521338
113401554442 18002005361249078
203986409629 43430474492656704
405654113902 121794267248726802
439722697579 137455263224565224
9441372406 432455768900170
497928649702 165631815918621402
77297811892 10130780056514132
324352701754 87080159133673094
45350630362 4552674197858022
118057422487 19121957482914147
2785378204 69296495927674
168178830667 32512443664151528
496629200377 164983862313373248
477159478279 155377599965801459
368260914737 105348031618470993
13342999762 726557470815918
196383025406 41025003156807426
204343614542 43544602541253682
77893058254 10248026173803394
1772118812 35165925745018
163870396342 31271114616998282
421050396631 128793561974614051
157285054546 29405174944669826
108336513422 16809493422867842
2681353066 65450934605526
30853639846 2554763655787330
348881839504 97142775685997144
184321329221 37304056536126080
287340379 2295945424319
5446809379 189496313968119
9349802632 426179587062112
414095956276 125615870304945876
143748517579 25691980882562024
388779888322 114274331761665538
239980031237 55418588614022272
260721064996 62756255601191930
116282772376 18692416898839376
200607597821 42355886989152576
17091324056 1053304119046426
80853263129 10837733096605504
15925681216 947408158538010
29119963786 2342487540343490
257514708341 61602153500395776
167576209427 32337851438351848
84867262067 11654736232673703
104777373107 15987979362702312
205876932041 44035634625473401
3491404 3073601084
431437358506 133588681751435926
39050762312 3637773763360672
9256501954 419816304211774
88379220952 12385611323195152
430197779 4206043704839
217114470281 47689844741071801
69424881626 8623125697250626
459476631511 146821009674786851
293160879187 74825894202735047
3742725422 107936458502738
448947768952 141803445107759898
218656530457 48198823436628137
231886288537 52638728566359593
43027551277 4207377389231552
126923090197 21315886844987392
1531340812 28248133548922
118568673029 19246304143737984
380258710927 110538038444469227
2661252491 64716338124776
36552266632 3294297398567008
12058501457 624208328025137
238300881067 54837957618852328
147442691062 26688699804622018
1548433426 28722407800450
56811968822 6383392817064642
44437618141 4415884615184960
270981600472 66497078212316442
2339861437 53354300485893
13767958831 761542517610120
53201752111 5784697442915976
338678902654 92912718582776834
445665709357 140251295845750208
10632392401 516815785794225
218563958747 48168218048898367
258646256066 62008629368510526
468888143467 151355060863171503
106947343829 16487216419674624
1178769736 19077602363040
174948842482 34495246435378562
368891968097 105618934954297088
304031933221 79026310994810205
46096954796 4665518892060380
25148180047 1879968965016363
204589174286 43623117509210226
145876420012 26264563168787322
37951 3466376
370939085827 106499331761468648
165952230217 31868913117156032
138618236779 24328932943512239
462693621436 148365640107030476
9165970711 413672479571976
66468949922 8078303829013342
74963891 305927647335
