290698168772 73885009368274938
118487850202 19226628493102402
163830324737 31259645111824897
496440856396 164890017287742780
58310612752 6637633107884248
491543561279 162456130090493064
100410024386 14998847802981890
64572140662 7734989109906122
320813716637 85658866411196197
216025917472 47331638561749192
71555255851 9023070059559400
118924425754 19332988914499394
2766675692 68599723832732
98021002 457431352002
80215945531 10709844797298920
314075280521 82974292060249280
123618090607 20488750779747083
6272504011 234179755656015
185817967391 37759325882061960
418838993129 127780237702391744
2026074997 42989934687117
210473639611 45518642933944415
309803741977 81287338499589952
11626218829 590945201554624
24486070457 1806214987408137
215246399141 47075678970968960
462882186862 148456346441333522
361170529372 102320212922536492
12573570332 664626354284908
173855059616 34172255098275610
293719352236 75039811735567226
334433995247 91171389180810888
377092714142 109160421797690978
62996348536 7453580967536240
336195416 2905736997776
62228098937 7317651066632768
2136978001 46567599989376
251450052436 59438853012188340
42728268286 4163556404031490
333466369471 90775992787027080
440731396954 137928506692502374
414257050879 125689179465069704
57840297022 6557489434303938
172130446954 33665043308391874
800746 337381826
170648617322 33231258494589142
121288221461 19912251182245101
2007783397 42409070214813
264669230347 64187140628855567
8063674522 341340718383938
357177716611 100628154338335976
58741351904 6711316937964314
12726266492 676770125884428
323774666161 86847481728454865
317671850071 84403610423912355
214269236507 46755475829392383
40125053971 3788915221544455
19142298281 1248479836315545
244005261754 56818739912153154
337851453067 92572424312416232
138950677867 24416505748925928
327907050577 88515447837995648
365018904254 103959939064438594
32080065052 2708594745994348
177671479672 35303619130356592
420924686527 128735886744487048
295767018829 75825889206709749
316978432 2660188677608
2424342529 56269798258689
416551261141 126734749249815085
97331146616 14314297070816026
11517749426 582694461311950
10968508217 541515250772032
8505144677 369752659774848
135108235577 23410744411715648
141691606954 25142514426843074
161902407242 30709486703634678
91712093341 13092787874948901
86496594851 11991974407014775
4961325079 164734184214499
391251060937 115365591998676672
165105277481 31625255480758720
216104144026 47357350261154626
35458777057 3147581082788608
66228163486 8034447577492226
366149324641 104443240505991585
475938168262 154781438161696322
149522187826 27255303123122050
177011521 1110098264576
2490732911 58596982511240
2156635651 47211629958376
1701748631 33092203917320
25622254379 1933378448827119
35825354327 3196517240005027
420727442087 128645409240111443
180866540404 36260184309441684
85349973062 11754312940401018
59187781654 6787970468478914
142494975091 25356648329524135
39178303004 3655609918580844
65938779676 7981845320835450
212220587287 46086530137636872
79607083637 10588140159405197
437747127682 136529973063327358
440164506412 137662476431493468
288374177081 73000769431853120
308001432512 80579026772880168
217727735996 47892045993328076
496609268107 164973929938655208
14951268427 861801079759848
489940611106 161662110549491970
189234597202 38805518832036398
270143003362 66188637730891522
95689781716 13953739142870010
324588733471 87175228933821576
63654012004 7570605045917604
22777876 51235040250
75374272717 9754988624808128
82520953132 11174767417531258
24466821446 1804085546289730
278784551866 69389846672681026
31187156627 2596299602207623
19815925504 1314958395344154
313736948779 82840254324947439
409891330072 123707526133870288
268866278254 65719970237134354
364048072256 103545465096198426
85157549779 11714584792223559
185372602717 37623655983921253
67616905412 8288480265648122
25734431279 1946089162331784
480153451129 156842284863091529
160872951152 30417053239442552
31448439029 2628995157674509
231196940011 52404177342399976
163747907129 31236059520588169
174628384711 34400511180306440
164866313977 31556621515216448
321425336 2716365531440
137166720797 23947800617576613
95564706337 13926389815565568
22261660516 1565766471980026
375908227202 108646499459408898
196621247596 41099673844994076
1854618157 37649985039808
84211002029 11519812444834709
258066162677 61800136241390848
33088652626 2837329903749250
17276709556 1070487959826426
86207353607 11931873605668083
40513238227 3844031087294952
207945747857 44701057688509937
290808740842 73927168563681878
4712505904 152498261953464
5650429666 200221091809026
63421945477 7529241960781952
78122546282 10293348575833558
51670355312 5536736923671672
173981271787 34209473521812968
196419376297 41036394408265113
94760675471 13751005899913451
59713632154 6878632238034214
37841793172 3470155503711092
135086923654 23405205421613114
474225509671 153946720678956755
2502462886 59011411516226
31672292087 2657115272514568
389793729154 114721621671575934
284392604932 71494120537103108
70175504296 8763353233890880
108111337504 16757113164979994
354192831997 99369389338706117
448647438397 141661176420214917
64421294932 7707900570028212
17172029182 1060773482792962
243709154782 56715344610253058
214303278541 46766618697750901
27563993822 2157268412641538
43873884754 4332122005435694
38574058891 3571366384588776
318737647411 84828731236613351
206566030882 44256909827584258
5952332387 216480376655543
41534087221 3990235138296576
160143192892 30210319385617228
266464235191 64841229349041160
84141249754 11505502538718694
119187439967 19397159917754907
307614618796 80427277619624826
10224285502 487347384738498
28057133171 2215419292473255
236831298797 54331468257478592
260065080601 62519558688601001
189389658976 38853225409450376
34370880392 3003843092033632
16701065704 1017434489831424
9117563204 410399755028474
166374788591 31990710725450635
91108358147 12963717172663063
175488133529 34654870145301289
19270476722 1261040726341838
441250740821 138172374479832576
51759439897 5551061903994688
459005111257 146595063411750633
383201536291 111823700845650935
85919011312 11872059866005018
259469710126 62304991164679250
11252325121 562668767000576
28053106279 2214942357451784
13663780706 752915308352926
44077922506 4362377297975926
16256479142 977079422470978
110275933636 17262888720848890
179502644036 35850806575201476
54103886776 5932455115949850
9202699612 416161414377772
357693471916 100846189774044026
1666520779 32069970402639
269363656 2083887046176
11132334292 553692621558778
177675056329 35304685168176249
81382118521 10944240171600201
1071405196 16531425070076
6253254029 233102550513589
408133989551 122912816025802376
459595508141 146877992087848085
3174650404 84319773000164
188273036162 38510119909129218
29241962696 2357223855048480
230024079047 52005914008109363
179847332386 35954119505236226
34144724504 2974244517544144
221815630597 49247136612872317
49771 5209576
112171450777 17709890382373673
337005311672 92224873592706842
60522249656 7018825815087920
37911151762 3479700338759918
98637054091 14603347374540776
134198003416 23174563744918810
442000712792 138524791392490778
1109134352 17412300223448
472895143904 153299364590295834
392363782477 115858093205891573
367368918697 104965504644821913
359962124887 101807127883356168
140779057511 24900014239496851
84870558007 11655415182305987
197303485754 41313771489420354
20324001692 1365854209843578
70884973027 8896583938275048
379961390981 110408421069058176
271064795366 66527703791963610
319370310079 85081421630048699
246635470279 57739912159308339
26104639772 1988233783746938
26651748251 2051065242054376
235041848752 53716855850653752
147272227841 26642429650165760
454507231754 144445579802679094
435651849767 135550894796375507
113696060797 18072178357435717
16264233547 977778613909967
51577247 174588987867
344179887976 95185586732790400
1191086029 19377381609664
132603487654 22762758892191514
485390802404 159415445061795364
69095499671 8561830650980451
280405010629 69995726905415869
344316797881 95242387640544320
99804173701 14863303300661376
158986811887 29883691118696072
362419269626 102851326946999750
445793172442 140311469256335078
314956431286 83323718621305226
370865015704 106467434222190874
197362538857 41332320762981312
54923088166 6067701396144026
103044607436 15593019131340476
3999712081 119242083093120
177565984486 35272180667988290
14165222087 794739785303347
417136535806 127001945874151426
15759071812 932579845761018
431528396537 133630967027835593
37370089192 3405473944767232
432794633636 134219570167717476
49231297579 5149363980917224
317319636404 84263277488704084
4655497772 149739430402938
257974256 1953123107320
214702164406 46897250636863170
437937091022 136618854915847042
60762200107 7060608160799208
27996996766 2208300449405026
209236247066 45117821191519910
1222972697 20160704943017
26688008029 2055252394469989
2713523947 66632389583663
103985556742 15807087113621178
464336198327 149156395308233027
90429200176 12819032415766200
360460356986 102018571615814726
412385920366 124838565509588610
141948842611 25211013457405351
309008442871 80974529423912451
24611040731 1820060295327551
36482002022 3284802980238938
466305144904 150106113106014234
195851308592 40858499998880282
358845539362 101333793785101022
154182654472 28539466314228192
155810087336 28992517811505690
402009889457 120156735860400512
25642405492 1935659716057082
303188013052 78697501921716602
475199894171 154421432810352255
522662947 5632564380392
67744203829 8311897670445824
424555231 4123563459720
294449461504 75319779653952794
185315371616 37606233677812360
239280130091 55176323038535151
106352028202 16349745450533398
24353031166 1791514502519810
168912703379 32725484978441704
164714179862 31512952177400618
444864525886 139873266212477890
376277691251 108806714868865000
84195818191 11516696926256776
470329242751 152053367995274376
376925992382 109088036085815362
426249293087 131186318684708443
462418538771 148233349207611655
204820160497 43697015774724992
147765429379 26776376437558504
251879983681 59591361779620801
8860666882 393177325199362
482799037277 158140341861699173
76477062872 9969855824506138
45009450497 4501395144404992
337918039279 92599792943518859
315695771902 83617286784972802
398684762491 118669051135724776
247180078279 57931265373280264
63824677841 7601072358356401
376559681401 108929050798065225
254472276907 60513677097144808
49208161 162698589601
103522737754 15701673218824294
112252637 560589679168
316197364529 83816648797783889
404911354852 121459909411038202
14351314072 810452192158288
196281511427 40993197380435223
52335021629 5643913402730304
224920921754 50284895714223654
433637028451 134611630011846376
18470131702 1183301301037898
259247162146 62224849521645826
14208849601 798414204325376
360371210096 101980728003212826
3674516402 104999306244302
495706755754 164524411293075394
232439597111 52827244554662851
419260112779 127973000278079464
110938163204 17418622881300474
309570788941 81195671187651776
193691813602 40184594929043202
332125947637 90229209738333197
338783433941 92955737388714285
381908721562 111258285280560422
376925992382 109088036085815362
465252142252 149597949240588252
52791864517 5717974832493757
144275535866 25833400350380610
62910478829 7438346285540949
413162770801 125191487134551825
364589256241 103776442837503360
249983537987 58919620002779368
150303011951 27469077858506376
217849172776 47932119007697600
292804163876 74689364534491876
204710089871 43661796228652680
490768508176 162072046498713626
41407081426 3971946681259950
496980073801 165158737366557376
186930965404 38099085472936684
5673947602 201472422838702
186910176937 38092730183914393
44877233846 4481575203762826
78998553817 10466966053950953
154012222501 28492158488240000
58262471404 6629414729755514
3771591527 109187574764552
253631156977 60213896628632448
103295806027 15650072115971048
66874279187 8152309004535047
17015236102 1046278211525698
32390596982 2748018248122562
277512872501 68915604167287501
261845154281 63162549961299545
459807415096 146979586004012826
148667592971 27021970366365455
163485339392 31160959629853978
357855039007 100914524575472987
256731624767 61321375502574728
197341806442 41325808151653078
159462527746 30017917227570430
7642096 9955106330
480333779317 156930649597609357
212642963731 46224185694303720
106531510079 16391151204082824
54364068931 5975299787276520
191003717279 39350967841666184
499266769012 166299935979591572
283616331527 71201596414023923
251197656802 59349381849901598
60430435076 7002860108143876
231308472721 52442102730110080
29024716646 2331004018717530
4158674401 126420929401600
447898471346 141306592928637826
111352119571 17516208052057576
31531506127 2639418294042248
250772557702 59198791016099898
80861708027 10839431099579423
26303807567 2011031303880328
131158286197 22391648655894413
64435653592 7710477701814032
309544522 2567155919042
302832250891 78559026477240335
165238620757 31663575305242112
222819178142 49581723520602882
345888644047 95895320638291592
314992147471 83337892446461576
324073280351 86967657368970376
175494650347 34656800547354088
359270942947 101514040798916663
365124005786 104004842800700226
140179565306 24741132558600770
253051026937 60007423973864393
31995519131 2697894168813695
251309659447 59389079871555267
19436525704 1277374948240224
160214509081 30230501885016745
132999896 722987445530
211893664556 45980077634427770
22371941629 1577415775146304
340221343606 93548167895371970
53501293829 5833620575450749
458891101046 146540448644264130
57752579731 6542577998492551
353397913117 99035053179424832
741490796 9517775883130
372408232879 107132662530119304
68667176992 8482341928773832
222092130157 49339247329022912
84776237029 11635990672435584
219942653942 48624701991285578
217948195201 47964803760503425
314154541471 83005703511635080
9798530056 457225541919770
159136842404 29926001488133114
119896434142 19570495117934882
474169999879 153919691434704904
2995418701 77280804064501
4836803836 158571389292940
142397831954 25330723133156974
103769506831 15757849280453995
103331261902 15658130553852802
99720197579 14844548052302824
343360657642 94845942193239382
21450279251 1480948729906375
484396177129 158925703220302169
53578847576 5846309532321050
38539811 112767492840
59048520379 6764027692483679
240537358811 55611756282847976
6396766387 241173018653543
115233842486 18440065176457226
27386307631 2136442373527176
85086581461 11699943832845101
408439421392 123050816776317978
270420920491 66290804169040360
169560811312 32914014286864922
377957305462 109536058668058818
1368403456 23861763366120
455046075079 144702528327407624
368079855004 105270347758575994
209390236279 45167637664919939
337594212452 92466717196938148
815413537 10976009843968
446993161787 140878387807877343
146332655606 26387875120479426
29918981 77131138176
612832546 7151347280130
226168140521 50703730751289280
147931826212 26821618032077818
273886216787 67569099112930247
52332756961 5643547066637601
451862482691 143186635378240535
21937688381 1531711340589445
431338899611 133542954659084415
134126001416 23155915262807776
469369556056 151588217650566426
111034275662 17441264021301122
17795448841 1119060868675776
350443966646 97795944664690826
115922 18547842
120297332261 19668734122332765
10129981954 480620370563074
133625113204 23026324049362324
322983321061 86529277273811101
74109227537 9510437170079872
301876543621 78187433555560576
53168811466 5779325746011510
32593512904 2773881780369434
563120021 6299060577280
448942083529 141800751441045184
161329892497 30546739612068992
91573382947 13063095699979767
75506728711 9780713766019315
404541579796 121293567023641076
169899320504 33012627269559344
6141367379 226874393788904
129303160312 21918264906933018
251320293907 59392849590887912
112454397136 17776941038771226
58296612154 6635242666779714
449478566912 142055004201768218
233062516012 53039745894423418
696596476 8666588981626
78534176722 10374809772241838
42253681052 4094381694132602
244632987551 57038138111882376
94358413321 13663538588432576
112552587379 17800229211834279
138296186161 24244197310219601
43239611702 4238519697672898
478440712 4933042721818
180823239136 36247163499059976
404996850007 121498380007949987
23745325927 1724876305699848
212167168346 46069130266411330
186775080079 38051438031462024
119293899286 19423154329640490
260217276167 62574448400359432
10719042154 523146425437634
45724543216 4609094922432026
33273873497 2861187108305513
284118904021 71390935839064576
358056414496 100999717936628680
115552829746 18516686167748430
60138067837 6952100964346693
14997128267 865769217841103
168496800817 32604692614479232
41538698797 3990899718278592
406294783204 122082914731361274
384123933754 112227697147132994
156103854391 29074551019168776
19469071129 1280584643331904
203570809927 43297814848482227
30657213154 2530405497612034
431759750654 133738446285197314
253582015936 60196397798764840
325457069029 87525278060196509
1939181227 40254170345327
20441914504 1377757781818394
480771019654 157144975741766714
113789066827 18094358110258152
7554232987 309509515947647
30161522029 2469283593315264
221667124862 49197688360815618
491594129462 162481200076311818
411861165437 124600358380260672
222404815271 49443481697786451
45683123047 4602833518217363
8885044861 394801045124165
283196982937 71043739130020672
232865930236 52972652298447226
495067724041 164206373026627776
172829372629 33870293911151104
459159382906 146668975576047170
8000682257 337348767450737
211004046632 45690816258126362
20579640004 1391705015285754
188174867602 38480004126253698
24297007021 1785335977047701
146219070701 26357157246781376
103794108772 15763453485761188
226862080846 50937267392107826
164043332867 31320629501345303
154549374562 28641347676491422
327131698546 88201684738109826
5054095531 169376218898920
38944079071 3622876806643355
400854910654 119639290252693314
82470991516 11164620438071276
364934321327 103923806422144648
27713289307 2174818854049983
402751778752 120489504392126248
2051489486 43801352058290
156245810546 29114219354272130
47823811816 4930124877776410
33088652626 2837329903749250
362862119566 103039899875047410
8061134852 341179471560698
492142614217 162753202997604032
344817372904 95450161324477184
13005216004 699143072194554
1436828422 25673729222842
444361913282 139636287630364162
15588217597 917454938934213
106915896991 16479945085236360
480347501326 156937374359712626
50374077937 5329694985461393
388301221876 114063354492921876
117051298562 18878033432401922
228551210372 51507214974726138
14815831592 850117601032128
492974354776 163165966542701850
26218324546 2001235973307326
21448208056 1480734238505520
421784845031 129130695661388051
287798050541 72782112395970901
169546835404 32909945002093434
395762137327 117366559842726027
496413953029 164876613761268864
1570941379 29350945115479
138955949552 24417895279427098
483061440071 158269284102637576
14099150927 789185874099848
56841298697 6388336719481913
274947830476 67962337931766650
489954557 5112185868608
113183066311 17950004308088840
33757763204 2923827386798074
413423702017 125310102160965632
16463230697 995778508829017
46123982227 4669622710185448
177497459206 35251764554365370
196341664691 41012043262738535
645817 244334857
271943906329 66851607901474624
56344391587 6304749604170472
359663520647 101680473922678792
154128794446 28524513235961730
89124097916 12542523424098060
259771634822 62413772069353538
92449785001 13251074217240000
408299342312 122987519592480768
278192728829 69169005518353349
245587301542 57372222550730778
413763854456 125464786059590426
392157406921 115766696591568576
198464175254 41678866052986794
287268735154 72581414380760014
404127919966 121107573253637026
42574641307 4141121827749608
187623759026 38311082979686350
3971142641 117966763352960
18745610752 1209872960747752
280918972462 70188260747732818
32701857412 2787724338352122
11796556801 603979776128001
244194612977 56884890898845073
220329491932 48753041111875962
265815643016 64604631326023776
6387381826 240642481242626
207448829876 44540923365445626
221362278001 49096234787989376
108013710079 16734420084569224
343562886916 94929746763350276
227589467116 51182443533855610
1232337836 20392726543226
435266425777 135371050371058048
460629615754 147373992808179894
139253017 774571709353
44967455887 4495096782184072
242777314154 56390372313642434
71441433002 9001549117070998
1993298231 41950954611720
22561659254 1597523406939594
284067646879 71371617521988744
119078100079 19370474232876299
12711114847 675561857918088
375766907506 108585238006950926
289796077396 73541357363905530
2419540267 56102686730728
156547666 923265963310
51915925336 5576254929937690
35752315907 3186746926232808
234421766282 53504423936660162
152239136911 28001547437923976
3380763107 92663336054583
259515095704 62321339163349274
395244514966 117136377182148010
4771912279 155390960881059
260632975079 62724453048943624
367974328876 105225080479185500
57133999631 6437744810647176
225038980882 50324492126171758
3984432547 118559446783863
39628866629 3718852102386304
113000440711 17906577170771976
41042127757 3919550562403008
465532890904 149733378320484634
289016260471 73244716520397955
1392151762 24485629275822
4838574379 158658466811119
81653456329 10999019963792249
174070355596 34235751374851580
303406088672 78782424985090842
2838154 2252549814
15615597727 919873220621448
244651174252 57044498796891002
1809754 1146782054
430310398057 133065601575781337
163599722092 31193668078144378
17007673529 1045580745665289
183277283204 36987555078369274
26524917976 2036441736121626
131328381251 22435221354593751
100246523731 14962228068753095
50867900281 5408258202121801
260487154006 62671819989503426
222106126279 49343911403716659
270416507992 66289181658961178
41866485662 4038231874721122
25259764996 1892495273336826
390502170641 115034519930185585
175928586901 34785421202533376
24131298829 1767102838329024
307503248977 80383604306936448
1497494902 27316802873802
47222022904 4837361063793434
178979350957 35694150260671637
164884689641 31561897522083776
315839611154 83674440664725614
494202404206 163776041008375426
7098539977 281930346165952
42499972379 4130232315930344
103479060202 15691737154434902
349300461577 97317670132627648
6150458596 227378354062330
5209805927 177263646734227
37377197579 3406445655939599
408663597892 123152137437349882
264513556154 64130518149353734
4000606526 119282084238850
389378856629 114538516330005069
237623426272 54604279201590042
145444626812 26148035008620922
332326471954 90310937284440174
144414696307 25870785664418983
275761911982 68264401708452562
1678550771 32417851078951
137835338447 24123113923313288
221029050376 48985415937324000
163083030496 31046007793883930
7868663077 329033392423773
1432543102 25558956547202
58428489247 6657770540618888
25537209007 1923760516662987
294565349927 75364250213984723
336953591822 92203643913127538
473729932001 153705466277829376
191236181347 39422828821946088
8899714406 395779199438170
499013986592 166173653591748378
294369657572 75289161099756538
270404006107 66284584690842687
201127968967 42520799133017907
63608706151 7562523886138376
219861746287 48597873963476747
191304834736 39444059813898040
133042615696 22875923861115480
111428583004 17534253250380154
494139772504 163744908261145744
2571556471 61472200301576
62236213222 7319082402164442
360464602351 102020373926090376
397600559671 118185308494080451
51671641186 5536943607021726
262789276 2008060469626
107536436921 16623627638178880
87596864642 12221514555130882
14515438921 824394676672505
127401171811 21436436235140840
149756878282 27319498358877558
3877854212 113834410451972
174278700079 34297234875340424
28275965722 2241388676331942
180805198471 36241739081518451
30487335916 2509402456965276
135540033532 23523063179848058
359977 101634073
324775686379 87250555112007144
127175635279 21379538438967339
2761248142 68397957358978
492884000512 163121110032776168
18016100932 1139938759763962
275712156911 68245927352047240
266728567772 64937737110258042
181126456876 36338374660177500
11411903351 574680629050376
84253688257 11528572587292737
40023136351 3774488602133275
290864416117 73948399606040832
110188599847 17242385563438088
41718749941 4016875932011776
374533440842 108051025016289782
134913372077 23360115462106773
497653927 5233162832723
115990712191 18622038197591035
69599379872 8655657278650138
6912704572 270931934603642
238314688537 54842723767643968
491228312456 162299869522873370
9370188961 427574215966976
301162112561 77910036195822976
1282078204 21639770679674
409528337654 123543232677360834
30402697579 2498959861902824
366515674879 104600030626180219
426677815879 131384197551402419
13358686786 727839143852990
3521996557 98530201735733
220036843891 48655940488298151
31690667647 2659428011324667
62876076421 7432245654888576
88198530007 12347647203709987
60602992732 7032876301792812
9827389111 459246996435976
51057858791 5438581002912776
328906323097 88920372627019817
73323245041 9359541142167185
174279290467 34297409154040503
13227104629 717111886604544
287333167279 72605834929346184
483708414952 158587351037711898
31738015541 2665390283316685
21743944454 1511465067025474
19890849332 1322423227121658
19020398321 1236573156173201
497373957136 165355122085589976
78688420279 10405389485331464
248932504811 58548427267007976
151983762779 27931119972603839
495503654272 164423307933510938
205075612666 43778789848451526
117557943829 19000733717479424
214837175261 46941493120614976
183106589591 36935895039520776
52549740146 5678682569613326
329211351029 89044098592811789
111322862732 17509305142254458
432606719197 134132164725725413
227964629 1622424278829
82329312872 11135862859337242
147654550177 26746243655790848
167450027866 32301333642441026
393078101186 116174625884214590
185848449616 37768617527235610
11010760607 544647273524187
35814380431 3195048630935176
5192059754 176358693732054
497911685096 165623351284258330
81717318586 11011926222750726
387608867881 113758422214289945
67087661851 8191358787143400
6495321277 246768080924677
4631694382 148592475329362
436307368592 135856952125431128
43456320646 4270423659198530
208688686129 44940830306729344
453697183879 144059593382236019
372481593829 107164320311022749
397900240927 118318952475579227
97234987579 14293089411131624
182645147029 36796361019737709
3947738797 116925443661717
6762786851 262166195143400
137033192342 23912840196797378
657049376 7939127634376
28919283257 2318314342457737
112775215582 17853068461717762
164192291677 31363300056591973
472558712707 153135801244769512
10948670254 540046809933954
129670072886 22011624542810890
160521462922 30317421166684342
285266614117 71823952658524957
5912574397 214315055098688
9951712661 467989239690240
177540956329 35264723434751424
114505769077 18265578597585152
72794970704 9258573939184024
172675369946 33825032868373826
155053490629 28781597460391869
346886608916 96310638759820276
269046700927 65786133442121723
165818599261 31830427768792640
182816230151 36848073717178376
200441044129 42303149177528929
223524012037 49817169103151997
16016114801 955489376917376
8569172242 373935825602178
2248085932 50246219348858
76629665387 9999711555272168
100415850154 15000153168253334
172530834491 33782572578736360
14276190826 804096930926550
106614612029 16410334313035584
149965222 865649261338
232474371257 52839099843458112
84447964966 11568470422323010
397001535847 117918322514786963
51940417666 5580201458689026
316929401629 84107886679307429
16325612557 983318853782837
11130842207 553581306422408
449205545936 141925593828019226
1111019092 17456702344628
80713383311 10809620573576840
434313398002 134926695646576002
210670273279 45582446136112264
167369597462 32278063718919722
107388085081 16589239791565120
497238323996 165287488518499180
276929843654 68698540175431234
202285207712 42888307454314568
115700462362 18552183471859522
177309231752 35195705193937248
110544725302 17326043279313602
483444853166 158457752633169026
44779321217 4466916408880128
112646073926 17822411232592450
449786763112 142201134660938368
144810514531 25977220310874295
160312453204 30258227417850874
184237550732 37278626015517562
155075209417 28787644959178432
343083103777 94730963005111552
188815264387 38676604065335447
151928634529 27915924380385889
306033023032 79807801801844912
358026796901 100987186495241600
149007499279 27114695967497864
421441410742 128973012527635082
89108477404 12539226129269114
110631259306 17346391426111426
11043877891 547106348233960
24569791976 1815486499046400
2322177176 52750576775450
173775463346 34148790077978830
55538279122 6169932555482242
1815965246 36479109901826
203214281404 43184118608275834
32816529956 2802400392293370
19162261262 1250433358782322
290910943379 73966143731222919
49377316879 5172290402390379
110727709346 17369080671455326
92550002029 13272626641266389
93477313154 13472604713234814
195250942352 40670771292338202
8560403282 373361989231662
109068084776 16980046642493376
377534009932 109352096754033212
205346604232 43865594005522458
476564736187 155087191258689768
194354614846 40391035197197826
329195933992 89037843731313178
2942096987 75226477911743
143871330737 25724913292786897
24144042386 1768502816836226
190552794454 39211699972763074
91724513896 13095447699541530
495322076 5196423920300
6786183251 263527854263751
955872227 13930881865448
251676323602 59519101553325698
148242030757 26906027410779008
198689787391 41749956495670651
319285599172 85047572909313092
463695574567 148847825088564232
87335041081 12166761019994176
62550253361 7374549770990976
262149905656 63272850762822426
234345768356 53478407376600676
83836320982 11443015069188458
921041741 13176423175360
118574029732 19247608425924708
47894970251 4941132501121000
113461568431 18016297707816395
202409258132 42927765102091258
2205974254 48841005352594
272838475651 67181745429306600
151286027146 27738999079045826
20433220936 1376878970759840
19820504551 1315414211999251
47876711521 4938307245655201
132035556382 22616678535980258
499539606031 166436272911670920
22191661802 1558387258524098
280060635079 69866819987202099
180656096779 36196917956729359
137110159631 23932989694419051
110539553146 17324827318368326
134416199296 23231106919273576
335366152 2894992430048
136706191717 23827296823124253
1199201852 19575771064698
1829368829 36883734370624
33429093166 2881231254087810
1078545791 16696967421435
434822419879 135163969456782344
367914280111 105199324407923915
92705381122 13306065156315138
63338633404 7514411015776634
75696875872 9817682942522138
494700616642 164023760955512382
238385112856 54867035422214426
301420607807 78010366086439483
60977478811 7098164724532351
241422505886 55919005081296226
9951007276 467939483243100
287735842102 72758515537522698
10647709486 517932983388290
175032256954 34519920060947974
2100135646 45368530358530
286391661901 72249265578804725
311736054004 82049033326397204
34899366916 3073389481389060
25336243066 1901096553193026
50782454779 5394637098870559
336925681171 92192187979445255
492717214396 163038319614512076
270209161147 66212953545154792
156823800904 29275919427732384
5206539991 177096986835235
295930093151 75888609018248475
5773234786 206783799224990
389613629692 114642122211730828
428732404 4184571193364
10263791176 490174717815200
153824689792 28440134147046682
2395461937 55267299369297
464144446504 149064011580604954
175561010291 34676459631052776
14743449904 843895414686234
153024801154 28218589465439234
334030919926 91006612790743626
15387379 28446138344
137865267551 24130971375604251
66807735346 8140143974986830
271057432471 66524993184505955
1449345881 26009961216320
119638997381 19507497440290301
149557735156 27265023202822420
380794354396 110771681448412076
267017877254 65043418756543554
155562889792 28923548827915432
200020851317 42170196062733453
200904779671 42450041484486755
336005278204 91814674289142924
177924915247 35379183231161992
192460177991 39801919570020360
36969563404 3350871934368634
360529984129 102048132184940929
96136520806 14051570245352770
102919803361 15564699088990976
9564343972 440932197774692
350279059522 97726923529703938
432328643516 134002857030265210
12681634912 673213043832968
323997607672 86937198075138842
2337741254 53281798706754
95227498667 13852744231379432
100021871954 14911960824304174
144178324567 25807295325111203
460310050306 147220656516640770
10764479629 526476346112704
348999629917 97191976270462528
22237190606 1563185550979970
332522979257 90391051543891008
20629984376 1396814982265626
954124087 13892682818568
188659823717 38628853545760128
77205833629 10112703177045029
132490215704 22733598642345424
102983330531 15579112276371176
91046899451 12950602025094175
491002347242 162187895341638082
3170667529 84161142053689
1300729511 22113702450515
218279753902 48074296799406802
140869277446 24923954302448826
248806924654 58504128521045634
68549381047 8460524557623363
135229901654 23442373911870914
251162218127 59336822870758123
229954222696 51982225160588826
482244000487 157867717496079368
397063021954 117945717711260674
221900227837 49275312527413568
2190789722 48337584470338
421566279754 129030336987944694
52608759379 5688251963058119
158070683981 29625765662777845
15007348129 866654344767744
12199766707 635209319826408
196752958651 41140978070022751
137232723566 23965087749403410
4650674347 149506778522088
6487345372 246313691608492
34884837731 3071470423039720
249492356467 58746052403022503
483129263621 158302617647975805
32156191 85942785160
33160464157 2846571617824933
77294273254 10130084393900354
379303515691 110121798931591151
142335400286 25314066270420226
279000391516 69470446487068460
203566981486 43296593437022226
2112337504 45764496179994
80957850079 10858768487564424
19123519097 1246643086544713
72385749317 9180612200379453
18861966652 1221155157791052
462581737 4689807863897
109561379566 17095373340433026
32773248211 2796858078081351
33328585291 2868246940787151
203133324746 43158315575934326
441278923736 138185612410707226
169454846 1039774947330
83702065826 11415538843820126
55154338129 6106063235365504
94204258831 13630068794931051
115375506796 18474079982504826
114329251654 18223358628705914
169854438436 32999546772319226
365297499127 104078980496005123
255758023207 60972883238374408
54750548596 6039131511822330
142042101511 25235862617939976
2351642491 53757763509151
20473671836 1380969639144940
105224634379 16090460041248744
33210443504 2853009570269944
98971341779 14677647928805864
99915898826 14888268252562626
499489630306 166411297205760770
260043445036 62511757071536476
151457145877 27786075554384877
372690496336 107254486028300440
65896298029 7974132990163989
217731695357 47893352369642437
169069089757 32770943449803237
145408493176 26138291447193200
23747287279 1725090021478539
19628640046 1296360446210130
100412265046 14999349857585130
23125724392 1657806096057882
140517053002 24830534241248502
17037564716 1048338394663260
325777444456 87654547945721370
333801283916 90912782482770810
46588323377 4740315315489873
372921047632 107354025052558362
83684473279 11411940042032264
106462744642 16375283166764478
50751864907 5389763466894287
10583306329 513240968290624
86039682901 11897079793623725
19607049326 1294222112042626
803584006 10738025237570
164699831212 31508834509437818
33877133957 2939349527952637
5835510529 210138679391489
261420535504 63008971710512154
430161051881 132996333699082176
2218212922 49248023934342
18416739161 1178174054474601
444370397816 139640286921521776
483374057762 158422947187804418
373440264754 107578306349231694
59478867254 6838106931820554
15999832171 954032659534255
262051439276 63237205120809850
83580183379 11390613851835079
21460843901 1482042958253376
122180827286 20132467997207490
64284608896 7683382168300826
206221658654 44146282911807234
211219776082 45760905301782658
83403652411 11354545438288351
151729153886 27860962424376226
181796962579 36540341092955624
106483510387 16380074447112168
336441533366 91993544910345610
350126743267 97663186678310632
440058489586 137612743885348226
372524750704 107182945448047224
492785712421 163072319431210880
19938946666 1327222692324310
454299409411 144346519983566615
373921791811 107786446426820840
135948011767 23629350505589507
234009061022 53363192266851938
1234324456 20442058790426
428299651102 132134011529343202
359727981529 101707810767494464
10692995681 521240767563520
226626385421 50857907031931701
1983838556 41652674363770
46278402797 4693092827846592
366971300161 104795137921180865
1057011232 16199401835208
11645898037 592446243073997
447055567526 140907891384717850
87757665986 12255182539892226
215774242427 47248948961647848
166700865346 32084804419619330
460240969654 147187516714493634
56758048582 6374307242973762
44762264822 4464364482221642
331758476896 90079503991980826
270206220629 66211872715861504
21406391329 1476405945562849
424001761 4115502445601
12298843867 642963059398207
147062270279 26585476034588339
58620078407 6690544029132808
478571153617 156067636525281457
311728158029 82045916009285109
402408110171 120335316449913576
346726612 3043335066618
150293691412 27466522791188468
147658897597 26747424907408192
445211711254 140037040062365994
361245325016 102351999182674960
462161804654 148109917861717634
8183490212 348976756685818
358253614279 101083167955326984
138851588801 24390392385957376
407947894816 122828759685488410
8378715976 361538801545376
11720800172 598171036880092
185165029879 37560479424654344
24483414971 1805921171823455
39058308272 3638828232038938
22537874206 1594997845075426
334152716251 91056392410465000
261447290056 63018644751903520
735994162 9412138700622
401327812006 119851066242758426
58069082446 6596434846123826
72559356041 9213659589696185
186629034827 38006816313891023
40657685062 3864607833265018
4779535336 155763463486976
209082314497 45068041360783617
442399453204 138712284021959674
308403411136 80736826200679976
219893577031 48608428075311795
260877786302 62812848997345602
1976475629 41420999798869
23582381726 1707152195671650
289621763741 73475014109252901
346173986776 96014009233443600
136321094477 23726686494069952
282577938797 70810923105702613
3034789279 78809431241864
8113914967 344535762052003
183386278154 37020554743908034
106013777881 16271807401779945
152774848996 28149478877176826
165598110757 31766961583750237
394786763911 116932944368095240
228016733254 51326642661503354
53340802132 5807390931002362
32842922779 2805781840821759
490593165427 161985196078733223
337103015551 92264982989184251
62512767256 7367921449740570
182152899254 36647706107113154
204635233154 43637849564817534
17474309986 1088905802132226
62773279976 7414026551641626
279789027226 69765207413283650
32096024842 2710616284825282
169558481954 32913336049443074
57638443051 6523192366894575
27181909381 2112568936610301
74285658526 9544419502766850
116804669447 18818400294928392
27121088551 2105482427272200
4547766136 144571969604976
105945640087 16256122439189347
4175472037 127187661955968
32866505921 2808804462685505
75181817029 9717650820947584
210612506672 45563699081346488
101338967 480853407907
188465766379 38569267802183144
329178894529 89030930804134209
298311307492 76806411214685178
6907649492 270634799525428
17634138302 1103879423692098
26086591906 1986172239160670
5193180742 176415811994178
360870574682 102192772821313858
2349037154 53668451903134
77717122627 10213325198827752
2827031222 70856710598338
91641440671 13077661244093576
463695574567 148847825088564232
385404685904 112789452139762714
124321672762 20663919635680322
37891328542 3476971459411682
399274330921 118932377317808576
7685458211 317609246110440
5384469652 186252394978298
1248825277 20803347772677
245461867471 57328273713299080
13604333726 748007081366626
171528980617 33488746412784832
150773251279 27598088749728939
29491339817 2387441923707328
62542472302 7373173754900098
458025469066 146126002848953026
17822059207 1121571889454387
92711840137 13307455782244793
431335184401 133541229312774001
6197017457 229965120886033
24101650129 1763847129303729
136407263087 23749186540110347
205165282736 43807506666065976
43562812036 4286130555481476
96941952004 14228525749744644
88418745461 12393920807785101
578663191 6561654833160
127762850261 21527784743614976
216645543877 47535426440573373
100814194966 15089499050762026
2311286056 52379905503770
81456368501 10959221274762125
12980874502 697181134819002
156949835779 29311218897892584
448380351826 141534695637205550
323104694257 86578056857994112
488716882879 161056811659061179
3456005092 95773965166628
55758128771 6206604588108951
367446067912 104998571280583968
179698026757 35909356183962237
20765080156 1410558051746170
371497433407 106739880891851912
77862669511 10242029593516851
439978750831 137575342342551051
72711051154 9242568319626734
208767511366 44966295095212610
267471882902 65209377580112298
272158557532 66930774700587308
285471347029 71901287548235264
24851456212 1846794549449722
394855187497 116963345548974617
343114581856 94744000745394970
164160775522 31354270363015938
320184166 2700646729026
30627753752 2526759056951248
44304458629 4396050835049469
91349698462 13015261437954818
404084767654 121088176170719514
46247376386 4688374028709890
59515777546 6844473126760130
257430749492 61572029233225428
289987197581 73614120068037301
331591511981 90011510702321301
58651583761 6695938509774976
12592448254 666123722811394
24627905017 1821931366797257
114599105632 18287916275583112
203475109702 43267286452641402
39002988161 3631100191998976
135028194616 23389943946915610
13898696176 772415407193626
78773338582 10422237850253762
596799427 6872543291223
73004981329 9298668807123249
183448662061 37039446712046101
284752461841 71629861446555776
33158919004 2846372660448044
295820859154 75846594755490414
106304068966 16338687357554010
140046694942 24705964230692578
48876730841 5093835134995776
19240255531 1258075415373295
101813506876 15314414388396876
404946451771 121475701620713951
434844796 4274379416076
337033225621 92236332233880576
256298286862 61166184189429618
387512903191 113716178125856776
3819161504 111259812992794
2992323481 77161050773801
356278150516 100248239639536276
374195977157 107905022953455037
402181171954 120233536020543374
744150332 9569029144908
456426586462 145361522119490818
165330037966 31689855467567026
491237233202 162304290613368398
345854543896 95881139919994576
452446366912 143464257883836968
483180380167 158327741673144307
92361656116 13232131089307860
336265193161 91921229026242240
18898304492 1224685724429178
20103232871 1343659878765576
1996014154 42036723463414
12521135629 660473209687744
36715215691 3316350811091151
55084613404 6094488181088634
61226377279 7141669142772539
2172426571 47731108377576
21660401317 1502762542843357
299168529004 77137713241750044
264241599997 64031641075491013
363945685196 103501785522088826
253075926847 60016281183102088
265516783561 64495708333748601
13664772587 752997293516847
102012605587 15359357939498472
243475329472 56633741329186088
99104859029 14707359289918464
12341854606 646338811869426
30849168637 2554208332747072
43486101506 4274814236540926
126640094816 21244635746288410
209261476712 45125981884513818
114356509681 18229876159259520
229961682577 51984754694337777
490722935861 162049472218295040
203476385557 43267693403498733
53830546904 5887554576203034
216924731129 47627343192928969
400309808152 119395335887190298
23017889521 1646224113425280
62898064504 7436144642243354
210741031937 45605413016759297
182968886 1166609629890
160293767911 30252937424548115
123326389762 20416272737464322
24760356779 1836648984944239
487820586386 160613952427076226
38410357196 3548656080808826
1255781671 20977414253576
271724916646 66770873192940826
270490789856 66316497440275720
66242722106 8037096987919426
140290780151 24770581888494600
66476242252 8079633277288252
267450672766 65201621213662210
115876590529 18594561980388864
160178283001 30220249333805001
95531920387 13919223708491543
25591703204 1929921522170874
499947501379 166640168071975144
113796699779 18096178792574184
15592455529 917829104891609
354048081871 99308480692912555
18423073082 1178781908206658
209890120561 45329479594376465
231908081321 52646149265378201
233555026786 53207961241112990
222862571752 49596208155754752
83222412277 11317554549841677
180605608537 36181744990399593
12085693657 626320931054912
348839239357 97124983819797312
437621755741 136471323411024485
41411398156 3972567817698170
11005567342 544261990385282
37924920937 3481596233682393
190214643656 39107369877510170
399620235004 119086963238533004
334245100079 91094156840775499
459984840826 147064666698445126
196744803829 41138420338644224
52431477226 5659523560626626
72292179404 9162816863172284
48998429491 5112871787925735
459059726206 146621228232295426
356489214391 100337335453315651
402146195077 120217851654379648
130579663204 22243636255380474
332160179212 90243159729875068
103859728204 15778404528964924
479650867081 156596095318013120
240574814426 55624746292784450
454439541277 144413312226111552
3250396879 87355499642504
9361703362 426993531567618
283675833379 71224004424745704
65266857866 7860152959901110
254560746629 60545237100210304
144942933256 26012859917502176
182749721896 36827967623180826
106111418827 16294292623016527
690934552 8561139747098
1591185079 29920113868099
118376885452 19199625969707898
130784158204 22295908912081274
448095357802 141399776187676098
187550257286 38288572575602490
190763364682 39276714269306358
307358822 2540013321538
48832343842 5086897813125378
428556060307 132252685915397608
219401784254 48445449776214594
105050382529 16050507879734784
29870934832 2433684630708762
271914407629 66840730749950144
459837143507 146993840479804487
28669228786 2288310946990990
2630554312 63599788501018
241676895467 56007412140463407
13616047732 748973399021562
185251453706 37586778951538370
22786961941 1621512616209901
154932672841 28747964022915776
48501018427 5035214063237352
7893772777 330609622787673
18883337617 1223231138729457
145278557062 26103263723774018
168905147506 32723289166189070
12836105426 685550718698626
117011143162 18868319861195718
93171868651 13406624409638376
41363926501 3965738877524125
307534618717 80395905048600128
42020860051 4060587762548200
12987481529 697713482808384
1320440356 22618263038970
399336886456 118960328679110426
189693813541 38946858865038685
184755096002 37435816572714498
1373115811 23985129316215
351866118829 98391853653887424
359370974792 101556440621910432
46702556254 4757760648504994
50755688137 5390372510300793
437523529081 136425378332781120
487197518056 160306334547595520
313407508187 82709808448618047
164142440242 31349017520734082
462404113616 148226413044931610
414129811 3972609252840
12478287277 657085810966677
102728886176 15521410141520200
106212791857 16317648234617937
137936165231 24149587936663176
122308397579 20164007041998824
18380100586 1174659975178690
54324507391 5968778492621960
214493177936 46828794086957976
54476568241 5993857056360401
445549592191 140196486162918651
10272532781 490801071306176
238494912691 54904947329010535
204961631879 43742296591147379
465166294454 149556545663137474
320062003004 85357975705676154
417459936931 127149669284428520
339818092201 93381898464687001
17069514529 1051288640611584
495469808071 164406461401577480
183717700531 37120957502728295
112273782181 17734130415527645
322759925404 86439519076040684
14588102 26258587202
94409246779 13674581470998239
93290971 424722703080
360854433346 102185916441808830
18190206217 1156502994393657
184234515637 37277704836869197
28163595112 2228040785198618
4784620754 156012128990894
213479174911 46497116330825851
164710162177 31511799194212352
160187905154 30222972441592834
37361614691 3404315607596776
52388740972 5652605447785338
3096884351 81240567232251
349982826481 97602977327694720
60146391529 6953544373696089
11039865529 546808219705609
27148111621 2108630027240576
120610968797 19745704145959488
188937572971 38714190410841576
227859414916 51273533169954810
30576542987 2520424438583272
164883541132 31561567754427258
7606809497 312746365741888
1355356081 23521301249745
56145167254 6271340322272194
453029676257 143741785980218112
333256521004 90690319001939804
18346946347 1171483102627567
266351094181 64799936217895645
200005039417 42165195747006528
11692951351 596040399918275
1731337591 33959032661635
322825811051 86465988058246575
349076496791 97224087733792776
409777255279 123655887070197259
486784991557 160102772415435837
336016754977 91819378437636577
186753689129 38044901288699929
369903637261 106053715526338101
426931891129 131501568757345344
439690813382 137440313210824258
78400278191 10348287919528651
60633981731 7038271331603176
28360450042 2251441594159682
384030154246 112186600950416826
255232618747 60785094473247263
267085843886 65068254545526226
57624523387 6520829483048168
24073775026 1760788003914626
189699357082 38948566131534658
293989969802 75143542291932598
17097610741 1053885327791360
140434895407 24808760506635912
146196359012 26351016534119418
66908660956 8158596785461676
330660537937 89632703120021297
19678403306 1301293453951426
1767418786 35026116400990
1343770562 23220355345922
375916897987 108650258580699368
291941597504 74359568475960744
21342296504 1469779933478704
89856838702 12697520115864402
30366706462 2494523713662722
67488624529 8264904418356209
133593063451 23018040301930751
41495475322 3984672177112642
125460673661 20948545063532101
438886588961 137063403959966976
327020893357 88156875341181333
67627570336 8290441305211976
39668008612 3724363215420772
1192062379 19401212604904
32427258446 2752685115133826
23029691806 1647490415996770
422598074186 129504334638764226
283755681112 71254078254990618
224104747871 50011439640086555
2249561351 50295692730376
75675754 310295824854
4965808654 164957542474114
52927449982 5740017235731458
168277438912 32541042397352218
3467571004 96255147698554
4567146952 145497122895898
26248330882 2004672524047362
330569463961 89595674285569065
355970109496 100118254490156826
238935056122 55057008532466242
185264845117 37590854624128832
343390322 2999514480142
146351049691 26392850734269160
45956479207 4644208600597512
49531105912 5196473425124122
16008777646 954832870296530
208629899947 44921842340518767
158279915567 29684606765388107
49534568129 5197018284600129
484621 158794805
252291102631 59737319087373320
396245379091 117581589628470760
13156447579 711373506187199
182517642472 36757836409980442
134603029 736099108864
475721600491 154675804036560360
171351555937 33436800102527393
196870281329 41177781783754624
82492517837 11168991960293568
196589267281 41089646992865920
124197043637 20632854859747072
129613042654 21997104716972834
51874688152 5569612351467802
385953604654 113030501310757714
17353379254 1077621713958594
253033953421 60001350962638005
225727156657 50555509337831808
395882252767 117419995778794632
1674497386 32300496448726
118817156504 19306837394972954
750142012 9684833495418
3377146021 92514663869405
12499939442 658796808456578
18927866896 1227560498380826
6309519946 236255768106230
8663031007 380096260873883
144041425012 25770547376871418
201751271372 42718612449459388
204719048002 43664662228138498
2514078596 59422761742330
281933289506 70568748163720926
248396541031 58359442534151176
290848399396 73942291629487076
70786358192 8878025044691482
6904123787 270427624691343
32947573351 2819203044047251
1507032451 27578191545751
43738911262 4312146363332322
18110375404 1148898068589434
199147076066 41894172098273026
17068405942 1051186227404482
89616633121 12646639521895680
489010556776 161202004034829850
179069106682 35721003849835462
306743022632 80085695321375258
248818211462 58508109516490818
21176099707 1452645146537887
84958335946 11673501914817730
312852760621 82490304530480576
45454592317 4568338043367232
135467151842 23504092713541378
129965098862 22086788761343618
89290097579 12577581725454824
264056255542 63964283192963778
26464376954 2029473675624774
5746938446 205372592377730
98372071462 14544540300785818
88033548607 12313017687811208
169243001911 32821521018323976
35577381127 3163386561339123
460540356586 147331158449162690
222287449231 49404348837647595
167265471692 32247946615244732
40308548347 3814935377577192
35248974856 3119687020490720
43429497122 4266470367964638
24874870582 1849405169802762
257175369154 61480429475556414
243481609879 56635932632272904
17250323897 1068036553882688
176890843411 35071204105663976
1515223726 27803345259650
17643153782 1104726074185162
14982583961 864510077249065
162969399506 31013565634570926
6056656831 222196531461051
235360773187 53826224292413672
21204921017 1455611803349257
21397701886 1475507063956226
7530283282 308038788204162
153081254 892769884994
38491887071 3559960667833480
190860970367 39306862542643707
27610267546 2162703053612326
22830746456 1626188408710426
459636041 4645081850560
306369524477 79939468174683077
12217893041 636625534898560
21738314306 1510878059348926
35811704126 3194690501850626
87409867556 12182400651426020
131365796452 22444809673339898
8897713301 395645719731200
51204640106 5462050164960470
59383367626 6821644561810626
18565585166 1192486100925810
91582798232 13065110413264208
751226942 9705852116482
29921306879 2439843205690504
24621913096 1821266497250330
263174762251 63644254555009000
449788660031 142202034235413051
78850360171 10437527309913576
119890068302 19568936508852098
2250232156 50318191362426
2050720904 43776739180384
185075584201 37533266784507001
11659332161 593471666428865
262968035506 63569279311621070
10108073837 479062051525568
329338758256 89095794712364570
487765274206 160586636050650370
3350816317 91434841835328
105529922579 16160535754286599
139828733552 24648310007231352
80251196879 10716905333882504
102220037326 15406229219272626
134701520321 23305114135643201
373285584947 107511474463501288
1925132276 39817510905876
167418779227 32292292200286952
237687543076 54626381129539300
4664669167 150182133675403
305650451 2518865383175
496692986329 165015648591433024
8804711351 389458797277251
245205493072 57238481718592538
195657339577 40797816257881152
53007191602 5752994188229198
75869342417 9851254766395057
22733623066 1615822571055526
495296613256 164320264809958426
252313123636 59745140441867476
424836879754 130534813224655554
92885887579 13344946430724799
187898806 1214076831426
262524391504 63408478869879704
326851082422 88088218869401738
7474426246 304617750261826
206384171686 44198477466739226
97191334717 14283465330085253
60916380536 7087499042835226
473422395271 153555816366518280
8532163766 371516006950026
352346965531 98593610446455551
183431096587 37034126964330472
3842532281 112282635841545
177941021962 35383987413259318
95616300952 13937669469061402
32525633827 2765220969362152
54421788656 5984818520508920
2295471647 51843227192667
57155635951 6441402068145800
197485699279 41371015828110984
473128576904 153412887318924314
92223743602 13202505204365698
439605727 4344769954952
2552015404 60772844206684
28883941076 2314065823405050
514675487 5503939679368
15775409126 934030423650626
1877772404 38357256937364
356602370356 100385112532715220
484637353904 159044409706039834
194075402654 40304027020376834
415948155487 126459608518239368
387284924657 113615841922587537
231510524197 52510831247943517
112634208001 17819595235002625
321883162426 86087544496981126
194223709141 40350234539403776
86965559776 12089633246618376
83526632282 11379668382372162
307805267 2545549574632
107777262782 16679501411189058
66847218904 8147361322669584
4617076466 147889576346510
293206058201 74843192004781376
93649913372 13509936503333242
9854184692 461126572755732
65712369076 7940770295877626
389012716654 114377000267574914
42238565926 4092184903280450
2228682467 49597099665128
322503678127 86336599662106248
5793453904 207871057298584
325550663687 87563036461766643
308957345851 80954445561350376
397277815132 118041435673566508
51960402529 5583422374102784
126130293641 21116481501123776
83473506937 11368813400068672
12549794807 662742114068483
487568743796 160489590414781076
124844298517 20794357664687853
417777978829 127295000519237824
33435754 91123580354
67430956231 8254313260423176
417392322946 127118779784653826
30001353536 2449640517731240
67459970956 8259641437498620
249421722617 58721106734468553
359615972 3214607191588
372948684032 107365958954444058
473753293301 153716836064851200
32246190082 2729661488070658
2774864257 68904504324737
83717205079 11418636092758024
405762208282 121842952173866662
331413191012 89938911777379322
7920684454 332301755438874
31170425722 2594210631589442
49434212962 5181232816898818
161933705872 30718392181082138
68079577504 8373697260467994
93809677826 13544522713840126
298416364976 76846988643674650
11175349252 556904904491002
191729398421 39575440316686701
159721281029 30091010182397309
78851551522 10437763862185438
17046241762 1049139359768322
134480499806 23247778482308770
406518370456 122183703449350426
79644994717 10595704614100032
273982440382 67604710527351362
212548414016 46193359366945960
330727225052 89659819984914348
9953546779 468118622959359
145714422562 26220824625649922
478720850806 156140869288472770
94515302477 13697630211769077
249945356936 58906121941720090
425770230656 130965219869478170
3126783661 82419932834240
195823145837 40849687337744597
384379913656 112339898578790170
87287402932 12156807564627962
81227674154 10913100478206914
442472825971 138746794004121576
14665250692 837190277951482
146882813002 26536828216056002
131142921592 22387714145462128
94288051132 13648258260347258
7876944856 329552993320720
114216428432 18196390295962712
50902991986 5413855583539726
1459755529 26290683698489
147325419154 26656864908194434
156342534154 29141258197295414
222024821636 49316819456697476
204765121486 43679403635172226
187960213127 38414180598026248
337294359112 92343550186606618
205737069454 43990768770105074
197966769529 41522276119586889
144010296151 25762193892538376
2221277879 49350130682179
395550422642 117272393755070478
409517477516 123538318407900026
18199171937 1157358140288768
96170287462 14058974040549722
420087404356 128351965207060676
60366136846 6991686457917826
332945544232 90563407668609562
398540116822 118604475993177538
154963847117 28756641109872832
120835034201 19800753714708800
1660579636 31898627792890
75245812279 9730061067993539
9434502931 431983875461895
66351234187 8056853430945768
302268286441 78339677846196160
460358985571 147244133552576951
52396186187 5653810470724047
39138564091 3650049441125151
341679657841 94150285291515776
110072677807 17215183354864587
24918606904 1854284908100784
115061561617 18398727241416832
301711062004 78123151559107604
227883718066 51281736534193026
320918658379 85700899829101544
38403982654 3547772719088834
229120158646 51699665451355530
200650672387 42369529748776168
77998478131 10268837639614695
420563259886 128570113804853890
119218200851 19404669680039400
4440447442 139484815260078
399169784752 118885668389448248
103335353356 15659060551575676
109022318629 16969360235688029
160520896316 30317260645788026
341438317067 94050550189924328
3432434086 94795820497690
287030020279 72490962448741384
197863588847 41489818082157963
33238025536 2856564549470490
5862983042 211624372973182
30793305862 2547273583246522
344917033204 95491545338869524
104674399832 15964416090682512
326352416852 87886705858782202
351917292827 98413319022337023
176451562597 34940644339916317
489012534677 161202982056932352
167306539654 32259823901083714
161583902482 30618910710798958
383520361 3540404310976
28697012236 2291638174948476
435689188027 135568321598456927
107844129254 16695026117733594
38594059879 3574144426832904
188683166452 38636023050897402
43147406 133584375170
291485594576 74185415704857626
48103179707 4973387750113512
2721485977 66925876033577
95972157556 14015549954736020
82191810404 11107976600939684
52710986329 5704839769289024
415242502396 126137938125105530
494985137879 164165285874198819
451761719992 143138743345978928
497170514362 165253678651926022
528531329 5727694034049
179131350526 35739630242394626
943538521 13662123300201
288463038347 73034514364391567
147037324042 26578711756400182
276990128552 68720973904118848
363185911676 103177848834514700
138608232842 24326299297053378
753942697 9758531667392
289761819481 73528317328362345
150471379654 27515246641022714
434828015182 135166578405289858
116344026254 18707188669754754
175194410017 34567901031532257
266472995497 64844426968044992
425786841029 130972883874817664
10191422297 484999595787113
347515756456 96572775302310426
195869458996 40864179940933076
134335845281 23210278676306176
52720077971 5706315799641576
185493182242 37660371635695582
131505253436 22480560064719226
186691356776 38025855622613376
11169902 17592598802
37378291237 3406595166370397
108155279 530177187464
183757709566 37133084171233026
94117900592 13611330783904282
215659952876 47211414244240250
2803844171 69986754402255
116915378581 18845161184072301
219662193521 48531725712584576
14395566361 814203636447040
40400310386 3827969809573390
89588270279 12640636171838259
58424387197 6657069425411392
4093089004 123442106968954
230545963204 52183002890516474
317173867571 84205221406485480
108864079192 16932428573623578
25277299747 1894466210054888
264152190436 63999144902239226
170819248252 33281112715572748
339426614776 93220578051449626
463180506527 148599886007166427
420779730296 128669392168364826
168633248632 32644305325984112
363416062241 103275939984277985
53856471307 5891808200419087
477345105904 155468277807913464
12994090237 698246101719493
297542479654 76509676495437634
132683321954 22783318579708674
62257383412 7322817199460372
452565282037 143520821052275968
35136486596 3104765365259076
12482553007 657422780176008
382660702552 111587049703934352
216003569629 47324294071645669
12769378337 680212014740193
210735189029 45603516376686464
269421674771 65923711913506280
76630839842 9999941445442782
37391689846 3408427024197826
117739846954 19044851957905174
310003710716 81366053944732026
417305529236 127079131680143476
150245448536 27453299093208976
191264012317 39431435062380453
6287633731 235027557183720
210695589232 45590662757768312
80750351257 10817047886818112
89924255656 12711812678822426
18863132029 1221268332504389
52259990161 5631780419918976
476297272046 154956649299008130
37980298246 3489224679844930
314715995029 83228323371254784
956965627 13954791790623
102117876851 15383139087012775
114866881166 18352051870449026
75473700941 9774297114324160
57599064937 6516508611250393
456999070529 145635092799607489
451548824456 143037572672385120
228941482786 51639201405557726
406020792412 121959442903204218
3646878907 103816917528808
84934841629 11668659971019429
2381654 1731463914
11318729654 567656929707714
3090984626 81008525130626
167537423797 32326625151056717
87738814451 12251233878515751
1389145696 24406363816730
393051502001 116162833953468625
403436861192 120797064978707482
98688138586 14614693547450726
169767022861 32974075206710976
121281818779 19910674480185064
13466784556 736691471389020
168514216612 32609747771030522
255517771279 60886989028187784
300044797186 77476867425358590
118279891 606342158151
330510109997 89571544910828992
252967087696 59977568947207576
348259801754 96883090770105154
377967738736 109540594213107226
289187349796 73309764340059130
74614810754 9607925336617854
473737719037 153709256144539968
401908571962 120111314518109318
8530988132 371439223354362
31866132379 2681545661905279
302340600079 78367792123195499
267398748052 65182634085215348
415711959401 126351908652907225
42106714111 4073038598435976
7193701379 287618568615144
269299100779 65878728790422959
225517571437 50485115267572672
134955450686 23371045128345090
298270370981 76790601820686301
469791115861 151792484879069101
426019420271 131080211346118280
173800224677 34156089155040477
456135225757 145222356591172133
165600988252 31767789580059002
208773326932 44968174026077108
17992001666 1137652257469310
68310517 266115011853
37307509904 3396923391961114
58544773837 6677655933925568
2552158291 60777948308935
220694080636 48874101886462476
207155212616 44446393798467610
21752703911 1512378492255240
337172812706 92293639676935426
74335775411 9554079870731240
63090446591 7470287419290760
40587851242 3854655291210178
165290363242 31678449083590082
7669473176 316618861207376
5151987787 174320941499343
394278660029 116707271926496064
73191571301 9334340662985501
18034708241 1141705240031360
894285487 12606444443272
265851371611 64617657150008040
169270801 1038081411200
18887807621 1223665504663680
254702758402 60595908747298302
434714251097 135113536384080192
37210602004 3383696479279604
175359007006 34616627872409570
274824005654 67916432045750314
204902732881 43723442859882801
14393530279 814030902885384
244096085279 56850466454115464
43874180977 4332165879320448
16694486902 1016833373177802
36394805911 3273033422163976
88818269716 12478019500502010
54167721797 5942957429455488
218094129236 48012986363487226
15665650522 924299490333542
432724072 4243148028288
354787290704 99619658995465624
655093307 7903700773087
20619220129 1395721883740769
56367556681 6308638154775801
525771379 5682887600104
463769729417 148883532465652153
929128279 13350334560264
86884670797 12072769815305717
39052159657 3637969019966912
374884044887 108202781876312072
49429810991 5180540770932360
394704130342 116896233082896282
9526485529 438316774776489
58065674591 6595854174042651
3100820626 81395507878126
29022066427 2330684762735848
221123472637 49016808719008197
289320454271 73360383705916155
385741016971 112937126369015951
11209461586 559456754882690
324203715704 87020167740078874
387453041329 113689829313700224
3113354596 81889528206330
65152016777 7839416418933177
70115950051 8752200093382376
238810641652 55014011482359802
249511429321 58752788944592576
7706549176 318917555783450
258712429504 62032427834895144
100469186192 15012105801107482
386745613387 113378601851528168
9861626581 461649038021120
85183138636 11719865340750140
2318294279 52618325295859
40725866504 3874333132448794
6505012892 247320590229882
6228117029 231698409787264
471773524567 152754291457464328
46185050851 4678899736798775
407068584661 122431847176638976
76533781942 9980949082141578
76504441867 9975210163453928
115388957422 18477310678276738
438135520372 136711718512646138
38788227076 3601150719557626
266969648117 65025797192344832
185300760836 37601786291529476
82253449216 11120474409558760
9694793882 449983858125862
118955640442 19340601060988482
22254275936 1564987446787976
291701712337 74267936598838193
104737550771 15978865483479655
333159376187 90650667304769768
260944966991 62837113721716360
386392141822 113223201344880642
258880058791 62092727274912776
17278196672 1070626178707738
161282749327 30533351211052523
20231767591 1356566992800776
400277596954 119380925330007874
275992180447 68349923475162267
295650125281 75780941562496801
253174115572 60051212386715642
190767070771 39277858858759655
33636009397 2908023616596813
69761396629 8685898479330304
322584798701 86369176589539925
248047065631 58236324704605320
287464327921 72655554846669201
23246100011 1670766946234351
778210427 10233467141352
132504114656 22737176058854170
178560788407 35569011449758787
319256831986 85036079159939726
80286055256 10723888686866320
31524223966 2638503989599010
472878611251 153291325521643751
25362362032 1904037059099162
18728381954 1208205376745474
215123722279 47035439426499539
113766169507 18088896796044008
494997077621 164171225761521805
113009473406 17908724260439170
111306348472 17505409139319088
27390754486 2136962753393290
356625172612 100394741093142522
158484781501 29742257833802501
461322868241 147706817276911985
276865844647 68674726992886792
31879261261 2683203035563765
4011885101 119786865405376
125635027 663771736552
211308829096 45789848466496576
377121917 3452174046528
337828437137 92562964805463168
132896674577 22838293526401152
144876178042 25994891166138182
120504905129 19719663685447104
39843398617 3749091155320553
281893492654 70553806773904514
17727032779 1112613576455759
212392615891 46142578992908776
376910364107 109081251566421583
291969870721 74370370823982080
108106687579 16756032077179624
278222566129 69180133809328529
48539334526 5041182025630850
15382492301 899352794987200
437389771457 136362822098915137
281280375821 70323750600635701
486883666207 160151455798903387
397386570751 118089910146576251
316480530667 83929265317785903
37495678936 3422655567699226
2993870891 77220911943151
371029530307 106538285068496983
206610383254 44271164391668394
32132012257 2715176457227008
73963002967 9482303523969032
35242868287 3118876367348872
100268017579 14967040406988399
388307390654 114066072619981314
157994225257 29604273287388633
26364692 63802559482
331729967716 90067892958458276
430195371379 133012250275748519
494911512652 164128659734975548
321175076779 85803634695786984
415912584991 126443387251590235
295757020451 75822044305453800
43017577904 4205914627025434
66152484454 8020680028695874
486307547579 159867284269135199
118755742277 19291870333223552
249273424082 58668743818986158
92637359831 13291423114119176
11915897501 613168253709376
19890649879 1322403336471779
171748106656 33552939114182426
76080228004 9892357006556154
34620935092 3036682999276628
3033620779 78763918750959
2580025862 61776139287618
24379742521 1794462821824576
200756478076 42403047192548876
35142318829 3105538429201749
11543261654 584631573091434
390926483201 115222062585735425
14665764481 837234274217345
50754095107 5390118736639208
226193698504 50712325613447194
59623814504 6863118416342144
383825072 3544624558392
373543114312 107622751808720922
2060531111 44091244755976
288839141327 73177396455702152
78929008642 10453147427454978
30057229154 2456487167232414
3375173881 92433637017801
190751011312 39272899131723768
396585515902 117733020154700802
22502432297 1591236997591488
351400690279 98196697361320339
65186675129 7845672658741769
188038701127 38438244489119752
29371972007 2372961618607112
186486329 1200412512649
64328002642 7691163209454382
204217694506 43504359315909570
332295492701 90298309482605925
19869114841 1320256320049385
19498089076 1283448714833300
371004549301 106527525586835200
49404346292 5176538000339028
8955167536 399484053758490
10192707254 485091323727554
1273888051 21432741862376
7520346121 307429242726201
30704526337 2536265519496193
3001768904 77526685535264
290583805997 73841413277629888
32395433071 2748633712989451
496811599222 165074762054826442
336695872711 92097881078635315
99200656 465714022426
173135230129 33960244543222144
159156024337 29931412457273472
61103262991 7120139191276651
347424890677 96534901082582477
1938807586 40242536565726
422553946754 129484051012334594
1628406847 30976097883963
325846866451 87682567756326376
237426993157 54536584616967037
94336259431 13658726885365395
204869445887 43712788799890043
42250483396 4093916922827076
40133269642 3790078963126978
74861862212 9655682988361722
129307322 693087256642
221554613281 49160236180600545
111769210802 17614715853499598
34575953029 3030766688249984
369767750704 105995281554960824
428063674357 132024825324717312
17995985471 1138030129341576
326072135236 87773510342617540
247044397156 57883572779840420
19380178127 1271824189715627
96005457146 14022845087408326
118669983901 19270976912653376
349664139412 97469694744644468
76718949617 10017193251752832
89336588254 12587406169819394
58039778161 6591442179822865
151519895296 27803345214233576
1979809276 41525839669626
23125939454 1657829221782274
595728904 6854059639834
425887432987 131019300072347647
90611734957 12857865598505408
265398015404 64452438837377914
4845364462 158992559278722
63429068707 7530510467361512
101691254711 15286839555986440
32932943047 2817325456660488
361729133767 102557685158942728
21279329254 1463280169398594
454071622096 144237969760332826
24803769629 1841481464944704
166021947029 31888997519873389
279780050704 69761850003304474
201323361241 42582776537738985
1367932666 23849450089026
272207990936 66949010955219226
306180121846 79865349763360330
150536668052 27533156587076602
71685071404 9047635707413084
228177483571 51380929691806951
35840078047 3198488032019592
137209673176 23959050028207376
143159851417 25534325138746153
200757111727 42403247949026952
89487131932 12619236712980858
426101029 4146105065309
789335779 10453699971639
446785174117 140780072295809053
169178816 1037235333160
17704068536 1110452290908976
19043707 39166561512
35172017701 3109476017080925
1667906647 32109982837667
240554699011 55617769924899351
472093157279 152909557363844059
202149114091 42845033050745135
178662992029 35599554031467584
656070977 7921401000448
214406075704 46800272330338074
110169822907 17237978404376808
63119577952 7475462015685402
114242239001 18202558667065001
172128686746 33664526920571430
215312377 1489243954752
36564705101 3295979082689525
28674736504 2288970399836954
143297937532 25571278123046412
432642996529 134149037077038464
6919878904 271353824793584
4655690761 149748741494976
105947941682 16256652171992962
437710636981 136512901655166720
60563310529 7025969842471489
291002483279 74001058490908459
152472635872 28065993854810888
331962964337 90162800929294097
126603358807 21235392378631587
216236306752 47400800409699752
244298053507 56921039304174487
52109765866 5607514535133526
221829618004 49251794880988154
69734131786 8680806906207990
205739635312 43991591722231672
498843169904 166088336890692984
44831408204 4474712515857274
21616090927 1498153619379848
7120838792 283259846386528
14641112761 835124191630601
188838616736 38683779477396040
65983817902 7990024499207298
486789925052 160105206350260602
3281107529 88596465552064
13983020066 779455487650526
163230981397 31088265383000813
66171400156 8024120440226170
29254539442 2358744757803982
4512832507 142909371340008
5239245431 178768293419395
203935953277 43414361584591173
76553345117 9984776250526053
281156632751 70277349609674376
418660538879 127698581587865979
380830135547 110787294732559592
365807962186 104297215203244226
18051805046 1143329124520130
158955799367 29874947712406707
74741571766 9632419717030026
3427464616 94590026039360
124131264671 20616465224479880
70784476897 8877671118544417
135974606329 23636284519042624
123021640379 20340644063875304
11533387504 583881586953754
8223325891 351527994165335
149061003016 27129301297280026
2910501661 74017937958976
98002934176 14462750343673626
5703600611 203053885423415
263674868767 63825753975584603
298710005986 76960442502764290
30962787977 2568332300070073
437560011982 136442442443585458
45985588279 4648621805208584
20326622752 1366118437591752
346200613672 96025087213734592
301883536801 78190150472425825
456869059357 145572949831990437
19206138046 1254730596629826
55452658801 6155670264183825
421929974272 129197349059219688
23210536241 1666934291899776
383444072782 111929881139468162
186398167736 37936314292540976
49874452366 5250599472311026
187157267579 38168291678666399
134688544621 23301746766320576
6387155777 240629706818048
75857656772 9848978867252292
108629965217 16877837696076032
36212383522 3248456005609438
467562389672 150713593125127488
132772455706 22806280459477926
309626658202 81217652669060902
12018468242 621102420381678
54354177196 5973669018532730
3077240476 80468812752876
433367000606 134485914564679426
12814454 21617987274
417173985452 127019049221106652
467003620021 150443503843802701
66981111037 8171851836017093
349246135162 97294967395419718
282468942877 70769957261533248
291171870056 74065679758523520
208595019754 44910577285140054
648486092 7784427072378
44448947404 4417573454261114
418139121404 127460093960826764
45307272754 4546146850761294
387125643571 113545757846297576
495277703012 164310854363409572
34227090704 2985013034651674
200721628811 42392006562047976
407806093829 122764723068602749
199473491254 41997215340201994
10917173731 537718114103095
22523651647 1593488291095688
49416920632 5178514419385008
77532379 321785225279
315268606 2638693159426
173228217316 33987607208748026
339509836352 93254864300534952
324482387737 87132390293186368
96410772056 14111741116901520
403508725312 120829342766192922
113374886654 17995655634246914
152535042947 28083226757340392
80556363967 10778092421475003
30662660981 2531080013502720
11759108047 601106004951467
239367994279 55206717150329864
171437621791 33461995063792776
150437917982 27506068924194562
350082393662 97644631158369218
9159202186 413214353644226
97900691266 14440123527083710
93808811527 13544335095783923
22871364751 1630530088394376
428982035717 132449919456384128
344232989192 95207615918287328
14616310801 833003041077376
3671088142 104852395872882
150273406532 27460962310023162
130114523002 22124890349138502
192717529 1261079283689
15713833282 928567074362558
166975825556 32164219325586426
353004569647 98869755203671688
154582178326 28650467040882626
82514453204 11173447137530874
13100867516 706870407801210
2300759696 52022477531480
18850314862 1220023795189522
167438453956 32297984763410426
28795080211 2303395253118440
101750341606 15300164950814426
483103706362 158290056632146118
69411095167 8620557238577403
17813564377 1120770092178752
26622204379 2047655724032744
50507477707 5350880039272783
2641552 2022549848
26002867 62493561832
160496533204 30310358783241524
33817812347 2931632334722463
148934356652 27094733899922298
192733880231 39886854715860051
359803475957 101739829879546637
485327746372 159384382099784388
174581109551 34386542824216200
1611331297 30490147950113
165427232401 31717804407913600
42588649027 4143165739704552
22279388506 1567637187125570
34186287422 2979676811875842
95733533666 13963310286679810
5410340254 187596334589794
13188422846 713968459299330
273827010667 67547190613477807
472826097682 153265791520772462
74397095192 9565904102949328
410960420102 124191827995008698
70981395811 8914742783876840
414450041581 125777022319581120
183204032587 36965382995536847
307293112991 80301221701104776
119237733631 19409438788957320
132025792871 22614169958044680
52738263607 5709268624098312
254491539166 60520548099029026
3105389837 81575485680693
393468325966 116347665895977010
453329565392 143884537408228632
382945073977 111711460497573952
7111652692 282711900095482
457533648937 145890704412852672
68426876954 8437855051198274
205405566986 43884488575852226
48993420907 5112087855627183
85771500754 11841499032372354
39974770882 3767648805664258
203471282161 43266065615379601
409774539406 123654657743863170
436360616111 135881823136355976
27229728296 2118146104844826
49376059877 5172092896265373
132910079254 22841749007497154
459481424626 146823307067530626
737913737 9448985427897
299941002461 77436668428880101
8108820227 344211309900823
437289700456 136316026797305370
14553800746 827664946004930
429826276726 132841106157576650
269757978904 66047183878039834
292135716877 74433746196461877
139736204227 24623848121886952
40086253379 3783420766605544
118539943687 19239309453926643
488383763771 160892170369849576
5613283991 198249964064776
90477687967 12829344084023003
61978578851 7273682057030376
318154269206 84595947565330370
49760187247 5232565663626763
389852005537 114747349951658593
343371430651 94850405946426600
336393137731 91973696311763176
199095328777 41877844185594048
51907225504 5574853321752904
85919011312 11872059866005018
414939091777 125999713044458177
8959182871 399752767004680
34844172106 3066101309919426
460752481226 147432961200779126
283635160552 71208687048259098
3450935504 95563306032154
260973142112 62847291110751368
155395041356 28876749745474426
9526623562 438326301262018
293252772367 74861078975737707
449813320342 142213729048826282
299129080657 77122456672438912
174430462691 34342043925460535
458580758456 146391818361030426
204583417292 43621276235426682
350280733511 97727624088659976
437086787879 136221157050628819
435606112579 135529548999176424
405469485982 121711127172770562
50805084467 5398243445169128
176751688642 35029828000058882
263882599576 63901194587742800
131430388651 22461365800538600
104464948417 15916523292665153
78705082876 10408694740560250
306587174986 80024669045292790
304144117 2500267420928
349425010379 97369725117738319
134849254 738119877594
61082639482 7116534717482562
352549304552 98678550344664602
264349929404 64071021089991034
438416393422 136843201157028738
306389094202 79947127647630402
47750543029 4918799354470989
164889283717 31563216615680128
187610282629 38306955411967229
230904634396 52304825656680826
24004267387 1753167671600543
86014380467 11891832157361128
54818737171 6050417113433576
152172736 884833747226
3851479262 112675025868322
36084396404 3231249444968084
196005300779 40906698283596264
24900081221 1852217441854080
15784469327 934835196010027
278365061297 69233287855919488
369059481092 105690885136218628
56535898192 6336920375571482
245535442231 57354051035174595
1436560402 25666545884802
172536708736 33784297913515290
192918941062 39944316891497018
1967118727 41127206973448
21661858297 1502914170023488
437707830067 136511588528869607
430634225036 133215836247055226
50661423829 5375362827023149
201475045937 42630910870416768
315534488402 83553216994890798
390410266621 114993912529493701
1943231312 40380346704922
28085329507 2218759754764008
161723209727 30658515761165448
67240495687 8219366125530547
6785134787 263466783856872
383036095141 111751291472763776
218790794251 48243224272257000
111755972836 17611586507549476
23879319454 1739496985545474
29317221586 2366329768068226
473082858406 153390651373062426
169164468631 32798678553534051
458955289927 146571196466242227
202981027 1363152930423
8746552192 385606331059482
216623164006 47528060883732570
45805623802 4621359922668098
18543624491 1190370887079151
116150191301 18660457434357376
146337524516 26389192133855460
1167918616 18814779629776
34710986941 3048538709584901
24769926601 1837713881245376
60310555166 6982032350689026
455884111 4588321635976
11527920562 583466486145922
262659909656 63457583533734170
4410530161 138077527459601
253384787504 60126182996873754
153711005197 28408611795870517
10871562241 534351779659776
163665510257 31212485795983633
8551246477 372763086097077
447677972029 141202258384288389
79887839341 10644202455501760
73856888281 9461904433786176
75648246997 9808223896820013
443560961257 139258920860338112
344694478366 95399137509200610
290935352611 73975453259751415
224047175902 49992169136203298
72898029029 9278242440978589
5773019879 206772253077779
152267279782 28009312337467162
263664702226 63822062603671150
3284915986 88750765191790
38107460486 3506762836487226
53706917671 5867283830410451
20007500704 1334073470408474
78968744992 10461042295185178
4171543471 127008203093451
12033046279 622232834205939
145928818442 26278715696577078
422155065817 129300749362859328
230903275267 52304363849450728
47454332629 4873101235988269
234280050356 53455913370235220
217225848886 47726546441949890
48215527312 4990821375957018
31579740271 2645476948989576
4608912046 147497475968130
16916134081 1037150735474176
305367608261 79547651217294976
170625834029 33224603654184384
433482450496 134539659172763930
6463811 7743647976
348529422451 96995622092195751
474139811707 153904992647721887
153235649602 28276931971275198
482308820176 157899547706727450
362100074501 102715479733968000
118081719562 19127860949306422
347191528457 96437654902414137
27233462272 2118581808502042
5559165847 195389855150088
315099308176 83380423565932376
13359994454 727946017924074
51766518496 5552200685996826
93896327926 13563293270423626
375375166112 108415480101879368
2276876422 51214540363842
433494555004 134545294517247244
88870118029 12488947310269109
429947745166 132897421295089026
328291019254 88670966579686594
21749366767 1512030477358728
124232930417 20641798320838528
93862962902 13556064554447298
263687214116 63830236547116026
367710150962 105111785203814222
61919444279 7263274653049864
26581838879 2043000390877019
2318294279 52618325295859
434428041751 134980123187643875
227791237997 51250522846157013
49924050079 5258433629631624
46375808077 4707917450153152
249303286 1855481271490
232789502612 52946575632538618
165320837606 31687210265162970
96437999077 14117719415173277
195626 40690626
350001232792 97610677143142682
233866102096 53314299384546330
63399509917 7525247096175653
140557762 785483637822
135609810079 23541230184281224
69263628529 8593099722193809
146916419017 26545935975425728
300440001031 77629990840247795
19081885691 1242574232556776
13934064454 775365661342274
388408741879 114110733746799619
9039813031 405161406868051
433151969636 134385831732159140
143780154382 25700462962549362
437616142492 136468697700136428
284115134956 71389515255851676
257305195567 61526989901256328
361052402029 102270018488091584
299609599279 77308364772342859
205115961772 43791710862850938
211750471066 45933476851993410
214379572 1479576359892
17131097551 1056983008654251
226430514776 50791987352941850
177933266786 35381674234260226
60439516 221470540460
163705466 987307677510
328980133379 88950306423821544
34324756 94782098426
22016307881 1539952671184320
61465614421 7183568311768576
177382485632 35217518697774362
201805268557 42735763575356608
4388767517 137056820850853
6753834754 261645809725694
2357956129 53974401823969
241289109182 55872664833537858
27267079576 2122505830457626
68892678416 8524159993337560
453072511487 143762173258017147
9269160091 420677741100776
102672687826 15508675272190126
31988689454 2697030385414274
375744368171 108575468371638255
187118113627 38156314886066623
135075488681 23402233640795801
291881234947 74336507504301288
94814665381 13762759543892445
137042291 756199372776
89060357947 12529070529837288
9929857351 466448429252275
353141542622 98927306042974242
14089748779 788396589623784
454725591727 144549686850786952
15851880541 940830246067776
66264198991 8041005931336235
114137580872 18177551129993242
72570784826 9215836536092550
198095783204 41562872466017274
43858482536 4329840971598976
89086104461 12534503984048565
31569939727 2644245535134827
105436682446 16139122691193730
33058818412 2833493365476218
225181900687 50372440577793672
294394978802 75298875703593102
341813589154 94205648177202434
16365570904 986931208676634
41477904211 3982141497841351
56057740867 6256697887957207
378059905577 109580663632073152
25877783752 1962372723561248
398430310786 118555462366937726
304103677627 79054285196972127
94975855696 13797870705475480
350626497937 97872361253201393
5275236971 180613563481576
36771058892 3323919868723132
174763745237 34440516510504493
95989682936 14019389182777840
116062006529 18639210062859009
430431934879 133121980137632904
16926804022 1038132175327938
412411349504 124850112658650394
423269462851 129813075921670376
425361533032 130776694395414912
125998737022 21083452665383938
17528191762 1093946133452418
125066758912 20849962756392218
5702212237 202979748334272
112250564021 17728629580664576
222880598032 49602225679532058
336128253829 91865084242276349
330899666806 89729952348436426
114301518751 18216728350246875
492110867161 162737454957778240
124492266637 20706466730687168
256532458756 61250031896338426
335274447886 91515283955866226
295786246954 75833283612916674
344508517486 95321946867582226
430828208386 133305858973595390
16777181432 1024397921178608
14970123029 863431786058989
45661060111 4599499466595976
68350691047 8423767000515592
422776446031 129586335877430920
193437957022 40105620588423938
262107910379 63257647307171304
2173481347 47765875113192
395181391777 117108317094050048
235026079607 53711450077363208
250811510132 59212584558475258
199990001 1333133360000
26927198146 2082944437005826
5208785212 177211554288972
71108776 282633689626
21073942351 1442146072395400
86164590376 11922996472025626
69027487904 8549192432133914
35006712301 3087580356220501
238893581032 55042673694107162
2578517579 61721975336399
220151623682 48694016732921858
53775109327 5878461926372523
351228015002 98124326691742502
82554675617 11181618039215457
182848884086 36857946658922690
2038443176 43384186157376
21146886686 1449640229349090
252551864572 59829957637354892
468902669407 151362094287004808
35312195629 3128083767044629
185528510941 37671131247117285
306219249821 79880659728077605
195480348547 40742470365395863
209660825026 45255219195352126
9229309454 417967737333874
42395371267 4114993657902103
27659637601 2168506368196001
49818881686 5241826487154090
219695335546 48542709634229826
5705309611 203145155850351
2421975602 56187412037198
141274561682 25031591937417858
12862716637 687683707243072
395186725936 117110688195736090
450681604102 142625704978779202
27632125987 2165271813915368
353914298476 99252197750901626
111280822 553325350538
452646153247 143559292497788763
348259801754 96883090770105154
37564993852 3432150706799948
98948207941 14672502032091776
99608135617 14819532403835457
376809656329 109037535855720249
296070126772 75942480967742292
34445906629 3013683853115069
5299505677 181861369884352
434169881629 134859822506106944
83239956191 11321133481985160
394440293956 116779045269989370
5169868771 175229255481655
3976580791 118209166179651
154378807 904145224712
406922425912 122365913978216218
250640850079 59152159635566299
411507280802 124439801715129602
493208718706 163282336027095426
184688843731 37415681911233095
213524916796 46512061451136076
317938132072 84509757154684288
335652872779 91670267969509839
148036279876 26850030917445626
169150509067 32794618780782607
24503556001 1808150068869376
7708784029 319056292664384
11723709376 598393758265626
181361263981 36409059643397845
30993154936 2572111597252976
49979995531 5267275109233295
345951858529 95921610545745664
77826763186 10234945742345090
463589649352 148796824454322202
389414156329 114554092172609049
374676259727 108112834744802952
97552316072 14363115257155392
112575362251 17805632271228751
256958108761 61402538364600640
36337631737 3265323813154368
897544897 12675428245313
191064910862 39369880208081522
13556540131 744068780586551
3495107029 97403972811264
246127243637 57561532342609293
339533733541 93264710420347776
194232196 1275976052730
197517751 1308489274376
180069306671 36020703968253576
100950746446 15120167251239730
1997088401 42070664297600
20672866117 1401172410768957
274566806131 67821112871987176
92239205296 13205825529711130
203753340704 43356062108807624
57099187279 6431861819018539
60159918757 6955890339978112
158039760946 29617072641017730
6758368192 261909295411482
13540737331 742768119243495
205007092327 43756850458096648
124137742129 20618078969785169
3242741779 87047079455239
301801177822 78158155223829538
702993757 8786250331237
7344417004 296704654486394
396446594236 117671163719887226
86830071176 12061391527193626
133158703771 22905871450562280
101476251254 15238384222359754
29775198436 2421994041476090
84273393241 11532617227386985
416412535529 126671444070923609
11163541754 556022524241094
151016615101 27664935076205376
15930857252 947870075755748
5622982 6282747458
250910675422 59247705061652738
238075875704 54760308322888474
387798190861 113841778377615040
460983858337 147544030312841472
277425714287 68883140303672968
185017182361 37515502360986665
316582374187 83969781292600047
62784618904 7416035472351514
87432029029 12187033950592384
485897369707 159665065857427887
224688202 1587571953398
197436053467 41355416443741503
320548634956 85552721077570426
277417520629 68880088669977869
449522182111 142075681197180040
11960708446 616630337133826
5836158742 210173694075178
48276411086 5000277554850690
190885684627 39314497463381127
359791599904 101734792719953864
605328616 7020399535360
115491784529 18502014865435264
104108267279 15835075669974664
165672358126 31788328491690626
148136415896 26877278754869530
9595072657 443058876744433
448601971237 141639642457126493
285499305191 71911850491318035
382667701196 111590111014049980
179956502629 35986861599135104
147268971542 26641546028195778
96083470897 14039940962527313
143180185502 25539765589276002
183125349892 36941571625200132
366002151379 104380275553064519
490920100882 162147145601211758
212024533646 46022681347235826
306353086391 79933034595488776
241019649196 55779097074010076
157081 29269801
231424114286 52481434941775490
498746286886 166039953850556226
407964153829 122836102885796224
73955310937 9480824344676672
14544930404 826908383441914
75581748004 9795293765913594
2024802067 42949426553607
117666583717 19027078809308032
193467813862 40114906311987522
112832688404 17866717711024884
20611301062 1394917892542018
40156221316 3793330675990660
235725915377 53951533156453248
78788819281 10425310304586801
3626155381 102933255420301
446523367567 140656349195460232
309618002071 81214246827757576
37490749879 3421980692304904
363891937754 103478858663860454
8136478396 345973910120826
194363343461 40393756218541440
285622488529 71958396855553664
166808858407 32115987524248787
1495142587 27252462350568
36330622904 3264379129349914
6544080407 249551962316808
400768063256 119600411581958426
39263445652 3667533019464052
194289156481 40370631432028801
2638611691 63892223071535
203551030036 43291504469855226
15478937327 907824195408523
45689470906 4603792927279170
198645032896 41735851131957530
306093266677 79831368633838848
989168482 14665082220958
268189866011 65472119230289640
248972019727 58562368573922952
14663366876 837028971496876
51210400529 5462971897445489
170010093829 33044918607962749
243452999792 56625950487085432
384250159762 112283020018504322
198864441154 41805017667226114
1754718421 34649254886701
12778968647 680978460336563
139026599779 24436520074706664
487972711051 160689088434612200
391887340706 115647129904952926
490515905686 161946932863629226
32927297132 2816600996842362
342812286301 94618819247156325
12120077279 628995650652059
57220907779 6452439371380759
865271 378989576
101771544904 15304947704537114
311255371522 81859332696487938
244398719371 56956225421239951
341244975386 93970676342445890
168022856666 32467224616814310
414910851986 125986850384452226
260753560936 62767988764019840
1515498986 27810921928790
7534701904 308309955724314
253710219946 60242054035406230
111707282779 17600078174321384
448630387942 141653100928303578
1078499347 16695888922088
17101494271 1054244416451451
52290652 178223979052
157032766321 29334453568712576
32843947957 2805913214050637
192697897 1260886585792
191765935351 39586753410747400
143832711341 25714555966612885
25613426612 1932379357466618
151310230996 27745656184615930
203483402831 43269931678826120
309967652 2572421560548
22912875416 1634971138326810
2701014752 66172160458248
7461593881 303833615717801
43968727154 4346176773189134
345912764681 95905351746655801
443869006702 139404015503162898
1912000042 39410782240278
185096878831 37539744791959176
23641272736 1713550969747226
12190240154 634465429399334
1013737879 15214853943304
30474003127 2507756507490627
276022642504 68361239763795994
107586528779 16635244253175784
8448375079 366056827759624
169458916862 32884350112043522
289873736167 73570920485479432
366343604407 104526378355323912
381370547926 111023195554123626
347710032322 96653769008511038
449758309807 142187641499073483
4350252727 135256607765827
402810118267 120515685124586728
41350409254 3963795097401154
15297366242 891897641490178
161479319366 30589188947199610
474434917951 154048701569393800
492946552582 163152163663901762
242619162346 56335279893610326
426136656892 131134323198229132
150801258337 27605778885709568
48208074796 4989664296459130
2849860757 71716746000237
25755988204 1948534946407324
329131835446 89011839816510730
153603459454 28378802347180674
4194857 4048038937
190154252 1236002651002
362721570586 102980039291258690
9305412832 423148139604762
430076650291 132957192925896935
466601667301 150249314151015325
465539645351 149736637070984275
16121166142 964905530938882
498940062331 166136729328934120
240196230857 55493496000278208
417177639166 127020717922529026
17112407501 1055253721080000
34590404 95884605434
135668665451 23556557388600751
291212316529 74081112919232384
255024750754 60710852131972354
269834374132 66075242642106362
142496042782 25356933320008162
3478405529 96706630572864
384664923056 112464868219390520
100249658107 14962929803822312
456668343142 145477028505857882
88074254851 12321558895849751
11969990176 617348253433626
18215583016 1158923966493210
174140576782 34256469890077058
80440003352 10754748008426448
467282963086 150578508113378690
45870418829 4631169226015424
306838379 2533564511919
58666997071 6698578170129451
65720707427 7942281772087223
196044121366 40918851796252610
1840636802 37225038724098
465642897997 149786455285324992
2706971411 66391180875240
30684457129 2533779275744704
3599718826 101809647706050
5583867004 196693576575354
124314193252 20662054870425252
60246320761 6970880872310601
311241958777 81854041475887177
197458129 1307896840369
146218529926 26357011028251450
34024361092 2958531611660282
79328017087 10532513042268347
9290821456 422153248468120
160282444021 30249731668091405
402095077762 120194930803677822
307397387917 80342098567081653
344610623722 95364327643558338
73044344221 9306190327616576
174171856322 34265700153902142
2787169792 69363365606682
80546730931 10776159189153895
114104138617 18169562686560832
11764782922 601541194092738
86061255127 11901554407214627
410830786741 124133069988779776
147316734202 26654507775310402
387984036496 113923623308895576
26800176404 2068223213603834
367523225227 105031644860135823
70898528521 8899136034521280
44399765029 4410243460450909
336695872711 92097881078635315
412844673476 125046935994424900
6578102351 251500587262251
245989747579 57513304946845599
6596122654 252534754592514
77725402129 10214957341197169
475390990741 154514590620897901
388475729077 114140255323165773
441873793082 138465129927009158
139100432629 24455988929830144
365258181754 104062177735011654
179551779379 35865527781947879
198986176676 41843410190379876
290303331301 73734530188757376
51660068896 5535083642030280
195146597746 40638173150300430
303920434262 78982842456528322
21105775786 1445414984323990
46463255542 4721239810088778
274980459622 67974436337827138
279877304029 69798227682552384
59545106966 6849533199636010
374417474629 108000845363136829
137000212976 23904208161040376
179677644454 35903246807746074
683593801 8425065757376
95377683391 13885528244208776
59062147 213942791063
57387129937 6480575551664768
426430280761 131269881191824265
301861780507 78181698048863487
145649648782 26203342813900162
8204100466 350295947082510
128700235532 21765140332332412
19163044336 1250510009001976
58751977867 6713138079260303
111786705031 17618851629191176
272223485912 66954727477977872
6773956211 262815953151976
22976498162 1641785676308622
359350628204 101547815972848924
383320605991 111875824291581651
190023486961 39048433065325440
132271531954 22677336886707074
98426636722 14556643393901442
339071595766 93074361871259210
64097573947 7649874523949288
153865182746 28451364807115430
480972060079 157243554306201224
386909214616 113450551668195610
384814924256 112530658670918426
24792189151 1840191975818376
276192071926 68424192155538626
70679164277 8857866263265677
64312221404 7688333132423084
36140295676 3238760784244876
102651390857 15503850166998208
334084049821 91028326500672576
29469243379 2384759228282919
334862682529 91346744684054784
203142247 1364777342867
416792260537 126844750472643593
5641397311 199741193729851
80301683882 10727020139960258
67623157162 8289629803053718
209266005271 45127446728436451
117644754712 19021784315115472
66480253204 8080364536007674
236626250212 54260923187405818
179511631706 35853499177775426
187329226372 38220906943238138
429876345607 132864318103332083
478812833237 156185873325562368
104145231467 15843509918147503
210660536779 45579286159905359
55874400617 6226028586574553
386992787731 113487311971449095
351438416254 98212511222346754
3045237862 79216787635522
3115090847 81958040237192
54679426166 6027367825924810
281117617 2221766248832
1662712612 31960107628772
24243469504 1779438337114394
132653445661 22775623828402240
196601181212 41093382296169068
330959869321 89754441121138105
147223929766 26629324595360026
174608882932 34394748775144212
437219564056 136283232734989520
11192847772 558213435134188
16191271177 971206416220352
177598166137 35281770083951168
461282526254 147687442583804754
378615753146 109822421205368326
274680196267 67863130210677103
98778346102 14634736349845698
372732801907 107272748877944808
94646215504 13726098952496154
100269808837 14967441481745597
359546488022 101630848490815938
193998779066 40280160496667910
435088236529 135287931590483089
66134298829 8017372868217024
285193351181 71796285386915520
318166234661 84600719963126365
174699900551 34421645505659251
240697606052 55667338840138852
6508891561 247541824662976
38874618031 3613188414871176
475985000206 154804284294314370
14635466329 834641130901824
469052507 4788557064383
417074427904 126973582732465434
531102937 5769548260672
717428261 9058249248640
285975559676 72091864814786700
109278358751 17029174479556251
66281674279 8044187023547859
30576048406 2520363286239170
5436168586 188941287500726
364733582917 103838070544846653
5643946891 199876616584335
211609277629 45887542390708229
908083037 12899319568997
326228011879 87836457228276744
17106303062 1054689115410922
323177177 2738603414848
458462970704 146335420230736024
102813665992 15540628327213082
131376560716 22447568462707260
23638663462 1713267291434818
58662544129 6697815530338304
506463052 5372728897852
29671957 76177809408
505031872 5349970985242
20724342256 1406409130540570
298016318497 76692512790260992
15319238242 893811168171678
343216481329 94786210054676049
33705556067 2917047349991607
33775434466 2926123506657026
9518067407 437735920139912
389455635521 114572395591969280
54855497152 6056504014944552
74205506662 9528976462413122
44133462254 4370625034136194
201660445351 42689768557370376
206804561251 44333589948904375
18369173629 1173612626342469
9720013879 451740885124104
28530991127 2271780168646627
93003159971 13370227280878455
322416143606 86301451575696970
363694044886 103394458789861226
44927579162 4489118782487718
251249737 1877254299897
33382050079 2875151464076424
4016006632 119971504846362
205423513852 43890240174008698
328539017107 88771461448863208
1057885004 16219492911994
396483993829 117687815243530624
277527772711 68921154566288851
7512131452 306925658859898
276810037597 68653964175241317
294325156231 75272088972423176
328399608097 88714964797224192
450740468917 142653649033590528
12999571904 698687991231784
324966724021 87327549491011405
73451204282 9384052408119558
395891150932 117423954641363962
416242810622 126594007209130242
211520811737 45858769589073897
287770738691 72771752171424535
18673457632 1202894344895258
145887763204 26267626687038724
125864238676 21049703095493626
55873397756 6225860965378426
326518057672 87953624998882592
381330374861 111005653452994165
311863192967 82099233001861128
128736259654 21774279309869634
1712265941 33399459484160
207311653829 44496751443324349
302855598676 78568111783307700
34880347504 3070877421210744
25873006504 1961829342652954
269095117306 65803892097891270
268267503856 65500551431974426
427766626 4170439445250
44660891279 4449207311195784
425522958982 130851146707306562
169051645312 32765871647501672
20412202276 1374755019355876
156667587967 29232187458901128
250309609741 59034937402130485
339133360666 93099794526207810
170193823879 33098500630532104
463210343779 148614245050425064
483195125827 158334989482066152
226682267827 50876719313052648
475667953931 154649640850650895
157927901056 29585633915235176
309360734167 81113043935930403
9898174651 464217792442600
188060778829 38445014268716224
455575692154 144955225588760134
84517844231 11582832480755720
360136933706 101881297998258370
8045397826 340180874562050
461982998297 148023972484982592
234480341 1692479115776
141247453754 25024387639589254
203381345311 43237382550344840
254298949381 60451861481010301
36869293927 3337248719512723
411072846004 124242794001135444
71768396954 9063415546382374
212300076692 46112425858243578
560371504 6252998844954
335874129004 91760924002482204
216758777411 47572699155163351
126380540882 21179356563504258
63698620129 7578564562959104
340430897797 93634610623887488
327783159286 88465287599185226
359382843901 101561471892706501
348662184271 97051048758214280
363961895521 103508700635999905
323695809922 86815755714633342
301368589342 77990172674369282
156012790529 29049113558500609
35339307586 3131686980064190
87022705079 12101551413974024
161423063111 30573205307475976
78957220421 10458752374451005
429658474522 132763322871983938
176260328246 34883857823889930
344785816811 95437058879655215
140456625079 24814518771935299
42330461096 4105546760972826
347406552236 96527257945880540
354735066151 99597663828535251
444685325581 139788759066760245
40589845661 3854939412152101
361232575211 102346580604798440
628510786 7427530988990
82267645636 11123353521616890
13727002279 758146911647059
338490457867 92835182786220303
161508872032 30597586625387912
234227345704 53437875861877274
221652476767 49192811852522632
144696446129 25946532630872529
75448837741 9769467605539776
134718130129 23309424841742769
302874277552 78575380532481848
59692553482 6874990359930562
364567504 3281229076504
15492488326 909016588482626
83183251141 11309567097651901
399740040317 119140520316876357
1904648341 39183695477760
144197119777 25812341885986048
14065586227 786369417833448
4857578896 159594135500826
223818969154 49915808075878914
14092938442 788664323556982
9119588879 410536532655979
178300928542 35491394163111682
397841366056 118292693032010176
133651479592 23033139589284378
83617802041 11398304940290185
393380508511 116308716922659976
232330518631 52790063000284051
300640026754 77707530062388094
19055326591 1239980915610760
357875343211 100923113329906351
1817170756 36515440658426
59596537147 6858409226131688
427274781572 131660023919430788
24945849931 1857326626194895
224025755662 49984999980011122
187669092277 38324968792484173
488184144442 160793537111616578
336429229061 91988498385779840
149428144504 27229593441987354
302416033196 78397122782116730
234437515141 53509815810521085
424636877581 130442645422837301
469572074966 151686336948988010
455344722151 144845004335295251
20580045761 1391746174768640
428841255217 132384724956956032
272427913297 67030161592783488
50040717547 5276877066737967
75576693721 9794311238569705
19852572692 1318607878335482
31357717666 2617627292626526
268941813716 65747667316012026
70295063582 8785758226982658
5039628211 168649478271976
47296115462 4848750461253818
296122455526 75962615489349850
419999414356 128311641083831220
201351282167 42591635365926403
28933474291 2320020991692776
48782666836 5079137444949940
73083717722 9313715903028838
59490249581 6840069916554176
96479725357 14126882986149312
284057848246 71367924711169930
148935993977 27095180704629577
384593880062 112433713273430018
249951262 1862720136418
12279717256 641463776884320
318499762504 84733782983683744
39232346671 3663176518653576
408905017957 123261282725269533
442298810716 138664952715263276
59866823326 6905119225082626
35703397811 3180208753397351
183041238629 36916123089577344
109222733272 17016173692534042
8098762816 343571115440410
486605429356 160014193977416220
323721557842 86826114379640878
280979689981 70211017613158720
66250366022 8038488161522042
80609355961 10788729332302601
417078081182 126975251035656962
1721172457 33660396056512
286766412541 72391122004746560
18651433231 1200766837251720
90730545154 12883162785366014
99959712127 14898062135514248
329863253731 89308716677523176
29677666636 2410103522560890
400451194847 119458595935405192
300271813879 77564813693275144
39488789936 3699151886232090
155374415077 28871000520847773
481103494582 157308013302445762
208584685442 44907239852665982
2223211222 49414574805442
305787415529 79711746118374489
123341289457 20419972745200512
296344904317 76048226909611328
220315551901 48748414345886501
44139404404 4371507759831034
124449856652 20695886711703548
68935372396 8532085084785530
10387665317 499075380251357
103236726422 15636647531084738
81359930806 10939764776351426
306666268591 80055638304560776
86819236651 12059134091610600
379937854487 110398162441014243
238606119416 54943353906144026
157234580701 29391021586381376
49890245141 5253093581841901
5366739004 185333175920204
135224181082 23440886417276262
202832587822 43062507779699538
3731486467 107450640532503
180215164262 36064478457347418
127693101404 21510158318043514
9411292 13605594028
64021691197 7636293920579392
450865806811 142713154984927976
337593390754 92466379603547394
75015944131 9685508589529320
53382291127 5814167826509123
329420733896 89129062025644576
189651315751 38933771479354376
366751160129 104700854696518144
242257766557 56209454522907712
113228677 567917310973
192661867141 39864501798649085
71839261726 9076842826491650
215987795377 47319110183153873
23030764891 1647605566601960
400918485332 119667753176433658
356975743447 100542813101983267
297754657279 76591529743944059
467339035079 150605612123273224
64348808141 7694894826548085
63045341779 7462277819452359
32878557097 2810349465632192
84071526379 11491204488018479
13735951132 758888406901612
61476834629 7185535385340544
182203603292 36663009054818682
484762395691 159105966527447535
173029325779 33929089786628584
218084222666 48009715030801526
13485335879 738214256797704
398699942879 118675828898129819
16327419572 983482118039892
17400917629 1082052861660229
393572122867 116393707710201832
74544906382 9594426417663362
326375846416 87896170406882776
103209918946 15630557368467230
363688074817 103391912955427328
75774206 310901575426
417691145029 127255315779342909
147438889852 26687667720989452
194650873771 40483423843683951
11069604029 549019151125509
192980440654 39963418880061314
135964698247 23633701100603763
5470946107 190757301631208
102313653904 15427398408767514
3491596396 97257253800826
33439695356 2882602058945676
106664488751 16421851359434376
177953546 1118971909826
1345066912 23253965164872
346468603807 96136606820971483
204323797141 43538268206283776
27681044987 2171024358487272
256642778581 61289546334149120
384810537841 112528734609456401
38208845704 3520766823861274
120522088204 19723881649235324
481016196529 157265199019899089
416897263127 126892687567626248
14153442382 793748637965362
38643529016 3581018547040026
5573409832 196141296681408
476198700187 154908548301782143
5546941129 194745707187904
46344444577 4703142372914273
499656558997 166494725828715117
376186609316 108767210538722660
108108547537 16756464506719872
99592960754 14816145992787854
45354545611 4553263779544040
3490927904 97229324037914
12937406797 693682190217717
186717632872 38033883902746138
391756325704 115589140339416224
140849108129 24918601663212129
378912546247 109951579628713992
29849429612 2431056945482618
151332236176 27751709022951450
31535524231 2639922828275720
259755056836 62407797520689476
42467033896 4125431696665280
278890594129 69429441554786944
231857687062 52628989957178922
1400554276 24707644869626
29498869066 2388356268177910
39716188204 3731150539742074
441340929317 138214738834831232
7686202106 317655360719426
58862750717 6732132799732032
4543284827 144358332156648
164594244376 31478539507796250
78681676396 10404051842882076
262297639906 63326344337895170
3926530654 115984480204034
356373543647 100288504412439688
12335256847 645820595833963
126772992812 21278086205873018
185487091427 37658516737372727
424811992126 130523342977330626
108845882026 16928183238483350
138303397 766661841792
34507877987 3021820367618743
1612864411 30533673823976
2522879062 59735048558018
78711430996 10409954069496826
2552158291 60777948308935
397984100536 118356358997628976
47277663752 4845913257121248
350123396029 97661786179705664
46897134412 4787525231409468
379980569404 110416780421032314
400126400597 119313291268215213
268399367446 65548851383973826
367958887297 105218457087961217
29852117341 2431385302646885
323915504761 86904154547544640
36916286782 3343631148316162
455366671327 144855477505344648
83173462297 11307570821986217
242994072757 56465909653421133
153748710551 28419065407327075
77114302841 10094724927965760
93984318682 13582363111361858
472035829162 152881705587425218
80029002629 10672427703862269
227839838321 51266925540573201
146555626504 26448209989280794
79702876397 10607257305560917
38898043741 3616454854903360
124087919879 20605667711679219
6862236977 267970354029952
168592018151 32632333849658376
26125607 62936592083
397716494386 118237004044443726
13883361662 771137440265218
3325405129 90396704612729
404296056154 121183160810791234
88842295102 12483082814571202
280593758251 70066412654587375
182819253541 36848987804375901
352923070732 98835517753938812
662498201 8038090697001
126152393851 21122031709191400
16849247807 1031005473432712
131748967861 22543082811489101
103890266536 15785364138494490
87591004879 12220288242974344
239690531752 55318337617193498
338289727241 92752615705212985
325009453204 87344773838330874
404318536904 121193268481962784
82661576701 11203343921428800
568805857 6394705068833
55007303771 6081662512446655
320945897972 85711811512936442
125123280382 20864098465231362
172449780122 33758768957074242
308090912879 80614143991703819
153173652842 28259773081453782
433841001766 134706618753293210
46250721871 4688882766577451
45697633087 4605026649100347
143731896247 25687524944460867
106685274161 16426651718699601
329715443432 89248695090488858
5740936282 205050934901058
173433701536 34048099607303240
261890023402 63178785729353302
317794612942 84452541279878578
234627227732 53574781180781562
184834128007 37459839832576008
180009900137 36002880077300697
67606241329 8286519535354449
67455930557 8258899402060608
485075563204 159260170603648324
22448156329 1585483350783424
461365877 4671329524877
4121185079 124715302921224
29266151146 2360149248563030
72137883367 9133497643154707
209555934967 45221262690592003
348271485937 96887966483276672
215266083176 47082136648359450
100630625132 15048303682538362
6266569177 233847473196352
3229708636 86522817842476
412039072579 124681100514005224
21627528232 1499342813174208
50889272879 5411667056711304
16054617646 958936960575826
102123751954 15384466654662274
213170218879 46396213912491144
381624735262 111134211238680322
63560920612 7554003545238522
20372215879 1370717382598579
285501572129 71912706991500544
213583081411 46531067727915240
319335145697 85067370127610913
70759646146 8873000174923326
178548239101 35565261811245376
445490123404 140168418441632634
2390550086 55097398428226
25438092904 1912571494501914
18967189529 1231387878731584
66052130992 8002435843693082
127850315947 21549895238327663
32964517762 2821378134557822
60558090154 7025061434576834
1571558017 29368228553728
27350278022 2132227674751042
142029309907 25232453767399912
60805085902 7068084527290802
311759742529 82058385751498689
172710043951 33835221720729675
8781239027 387902452867048
430443996721 133127575825157201
1432382527 25554659239048
173919929311 34191382690120840
483198074986 158336439070392790
6914586004 271042551987194
477306023404 155449184804873884
379329645556 110133178415942676
24329422579 1788910003150824
18710000404 1206427062845684
8498494379 369319070315119
7526602087 307812936766472
395084494156 117065247651823420
49048216207 5120666471030408
475663077121 154647262525511680
179832339061 35949623516841101
13420707862 732913803591618
213549750157 46520175857386933
483116484907 158296337056999912
454861020322 144614267432289538
6424507982 242743609667458
350133437791 97665987715687560
61089932 225055316858
450843966379 142702785333457519
86248466129 11940410148107904
410742865262 124093223710694418
80805417037 10828114429199093
88039842772 12314338235099188
363996876926 103523623773338626
444032022007 139480818860207112
267259088279 65131574332256264
99683580766 14836372515745026
151950684629 27922001955738669
58866525004 6732780308861244
398000159767 118363522847941603
48047675029 4964782276844909
276592815731 68573167469341095
91823480071 13116647442334451
394096639504 116626463550022104
349961910806 97594228028937770
255582113404 60909988490766714
156816520436 29273880769284090
232074966256 52702987104038426
1489570072 27100244879642
5784523021 207390575769280
289540333852 73444028977848698
28975346086 2325059037690690
7509067427 306737895407223
29575430446 2397660429465730
1109275652 17415627767802
66768263452 8132930890892652
151251375004 27729469168225004
79019224571 10471074505841951
404558670296 121301253467471130
421715044921 129098642700506505
5724553501 204173833422501
89130430946 12543860329897730
287528781976 72679992021561626
179292995611 35788017446660351
76610483896 9995957181215280
81594062596 10987021301112826
136842699676 23862994883715450
262712097092 63476496899852282
321486121441 85928310807851776
223206757 1571896399133
407019862162 122409866812949122
187096091329 38149579041392449
447579569257 141155705041436633
107328773017 16575497942477632
168899916616 32721769046016026
289957497482 73602811161338562
339373885592 93198856461824282
1049117722 16018279115942
11861927326 609007164922626
310286453731 81477395884023095
272318679011 66989850399839976
169565470076 32915370789661050
391558959331 115501800784742120
10900335076 536474524643876
351964275511 98433027682744515
40687632217 3868878447352128
15187543471 882310213034955
304375135201 79160160371163425
31905274529 2686487926059264
134447829077 23239307256305152
493284203692 163319822720367482
199196305337 41909707465493568
22827968629 1625891628451469
20502416257 1383878926788737
102086244586 15375991958607190
14848211302 852906004320602
248414867092 58365901073292282
36181172504 3244257195095504
28213932286 2234016777140226
1371806011 23950818449640
11492720246 580796110452930
20861992981 1420444424228845
143875085677 25725920403366848
4468102247 140789901865992
206183769562 44134116970636518
64301103967 7686339631441032
90233679706 12777480059264870
26478872876 2031141380725626
471385059167 152565659940283528
11074217077 549362378043648
2028494666 43066970296310
238722176 1738613622376
121670718457 20006519020744137
138021266504 24171940445728794
136024673737 23649340459378368
174002508241 34215737219231360
249612456962 58788476251704318
4827562931 158117168744551
206442640642 44217261057402882
336821436904 92149405089740314
417598836887 127213133681496072
8412147487 363704804785243
119389655576 19446545269511376
386569736687 113301270405125768
380411339627 110604596997131752
214320300572 46772190795766892
73664461696 9424950442309480
2139724654 46657409365634
135681167351 23559813580342275
473854532257 153766111621067008
328651700654 88817136147182034
62115964346 7297880419317826
88434305404 12397192581441914
135638975747 23548825135686888
138567694267 24315628044167007
342081247 2982378355867
281900250412 70556343842369372
102887139877 15557290055397248
8957175091 399618395324135
30732535082 2539736699341762
38483286307 3558767556948983
456516401629 145404430394954304
71875655086 9083741124228226
7694139226 318147527651650
336671255026 92087780584030350
306905960992 80149514733453082
122363302952 20177586293811648
272309085154 66986310324170014
101149899754 15164932437551554
102985599721 15579627197562201
424554862657 130404856431462912
819375922 11056112467842
413097323629 125161741803907029
209622621287 45242850352804872
156120617506 29079234377863426
27334844021 2130423073464576
391836879632 115624793789919258
143477870404 25619456365652164
156991858654 29322991690387234
160837785031 30407080224223795
192225730862 39729214054971522
435027604529 135259652855987584
83186514217 11310232575081753
387770890277 113829757070510173
378194698072 109639273296149392
219470019076 48468051639877626
6689716616 257928713923610
40670803411 3866478381932615
195998413657 40904542266610537
362719015402 102978951131657302
10949558137 540112504175168
90587471482 12852701433269062
39047408786 3637305176010990
1258589707 21047815233512
368571651736 105481398153680976
38428097836 3551114902477690
219473994247 48469368469929992
43876550797 4332516881062592
423699247154 130010842892077134
65833145512 7962672560591168
178229276362 35470002386787522
282686203829 70851622069590349
209701622692 45268429092035578
303684248792 78890790467456528
152793643601 28154673532150400
116622041582 18774282742358658
3105783892 81591013417978
482878635086 158179451767586690
76328519542 9940822842691778
374433916507 108007959443131112
47646455861 4902725015390976
273081561907 67271549150974183
119761808167 19537542178663432
382976580079 111725247071590024
296736894379 76199166020395119
433406102879 134504116780295304
286226697922 72186850260929342
154030538029 28497241184627989
77387484406 10148414134468170
31009091096 2574095661136080
217432864847 47794787753918088
4207976192 128675704036328
163289837657 31105081175662912
63913671686 7616975737089090
301729705552 78130392838995352
357803435081 100892697017834176
241189780381 55838167642842176
172797038129 33860789201036369
16109496757 963858040252237
322073347579 86163853247214824
16884511967 1034243896149128
21115844257 1446449408971008
214620261031 46870418026387795
50485867681 5347446276360801
357405110381 100724265613247445
98937531697 14670127408555392
260586048004 62707513454179844
397712035046 118235015475349826
193710486097 40190405954200192
141984010942 25220383223964482
265721593502 64570347221472002
406502140279 122176386272869384
92888904691 13345596640989160
105792870121 16220973925929305
49256403779 5153303476375784
359733919006 101710328881177570
190767688456 39278049625830426
450546799171 142561717829787880
22277488741 1567436682127901
108349547296 16812527021199130
410320610779 123901916140336959
5635769029 199442351648384
93929698879 13570524555732104
436747458746 136062556308516930
15179527442 881611774420078
439902292 4349167346682
276842032951 68665867678753800
246332155951 57633431310418251
194303494037 40375100240339968
75565419391 9792119683568776
398014434911 118369890957561115
447832221211 141275242387551976
173695885301 34125335801939200
364318614004 103660911078045204
272258166742 66967522779466178
368264347579 105349504667279199
223851085066 49926552141113026
64423089677 7708222680092352
112875446279 17876874555645939
32725645696 2790766705285480
12921647662 692415104507218
17891793196 1128161056168826
63924398021 7618893302769280
439423594247 137315039543275763
378488715991 109767152642899235
434930602117 135214415077836928
155618115556 28938952259986426
1503904747 27492381414888
456978038056 145625039061930176
275200756996 68056138136163076
199614367936 42041713565139226
17115367621 1055527541800576
178845357629 35654073961243269
489578378527 161482858759591048
15873076226 942717870257150
448193817254 141446383175455554
338006831101 92636292842018501
108096923062 16753761944150922
457777612282 146007406475294662
123915612052 20562763190260852
234495037207 53529510948909283
2555445796 60895421551076
187201320671 38181768565785755
142430387227 25339410377545448
107057444176 16512682933273626
15975691876 951874323936250
63254664722 7499473049677442
140073158117 24712967213777053
17535869176 1094664942857200
373914873607 107783455083618312
3707336887 106409219167043
68737235701 8495326610181376
256131495676 61106486204213626
41549652316 3992478391468410
368567358896 105479555308300826
338967020029 93031306471614784
3296192222 89208146350338
1130002031 17906012214920
115841450446 18586104289495730
191267104772 39432391388626938
79827093529 10632064151269184
8075743417 342107334630153
88690610362 12451126971318022
56648265311 6355822071587976
159426386786 30007712800397726
478349096996 155959026188839930
95082665161 13821152819650240
477799557379 155690348706522344
327295918847 88268109058467963
213490117 1470377612928
34796670916 3059833658284026
72471384542 9196908584171778
172881114121 33885505146640576
462998616329 148512362171564224
8772892031 387349501933051
484357791262 158906812537116418
267801113477 65329813832088573
399595203326 119075774234914050
21613388006 1497872629118426
231107869181 52373896422120645
22922295442 1635979507368578
38221286404 3522486495605764
34031926496 2959518424045576
176958656596 35091373493134330
74375109722 9561664106117442
231990494542 52674215087863682
288006725491 72861285446604776
461137501777 147617799944487552
3751902001 108333669068625
95434906942 13898026440076482
477634366132 155609614622983508
8134947682 345876282329858
53275497832 5796729334324762
239271137029 55173212459795584
9867244961 462043612637440
227411389216 51122383511392026
493203752791 163279869998399651
451545973517 143036218031613632
345209453156 95613007450624420
292198399112 74457703863830368
310738006954 81655319150555074
196478923817 41055057047675328
10069578829 476328000495349
383175273406 111812205206639170
32008674637 2699558271262197
19310743027 1264995280515048
308819797951 80900390130488251
236274159332 54139860869792762
337247544727 92324325765769827
612552502 7146445880002
143862211801 25722467562235200
76282422311 9931818820307976
97921489612 14444725337926522
7599903829 312320581236224
195690495211 40808186958912815
27063360227 2098763585758952
7451458004 303214729180154
187072235302 38142282770956098
473900288026 153788383836457126
9211248586 416741449450690
255662909986 60938873794069726
1848004 1183339844
460783200154 147447705756319014
478227819106 155899718480839426
4978173872 165574063049242
86139684646 11917827356245826
176053175806 34822379224551426
165865824742 31844026806518082
234341660711 53477001316367315
269564835386 65976263026048390
23038491841 1648434809355776
143266353829 25562824492260224
132835331029 22822482502879789
810453931 10876021629551
38513809492 3563002381845428
54048637372 5923370331941242
207003334462 44397523166946818
47370512 153669947418
314572411892 83171372842714132
459566746256 146864204668415320
436838120572 136104925163706892
2077642492 44641611721082
465175939879 149561197369486344
470914259482 152337152600417958
16575015557 1005937694275712
193736006629 40198348594535069
342707963152 94575631523769048
343783532 3004668087162
197034717376 41229383254868250
54390451291 5979649954851560
100220107366 14956314316361026
153424484831 28329217426474120
300825381292 77779405084834682
330324764807 89496209828761608
215449187807 47142221335299483
34523896 95608181530
8403848191 363166697095035
193357106317 40080478949915328
251284137661 59380033195972101
294805641592 75456486651456282
42993822467 4202431177232407
167854207907 32418354590296808
38423939506 3550538514277070
172668905686 33823133478090090
276767628001 68638187232992000
160031156671 30178622181675451
485865824731 159649517662092095
364623413821 103791027073820480
165927458347 31861777716244463
485213467754 159328090766634454
354271110376 99402332872820250
7195500704 287726486730824
44495770456 4424555590879120
259223400529 62216294769245489
109796025922 17150322242705342
50395664027 5333121145868927
55915191256 6232847731132176
341549058754 94096310288532994
397110253646 117966763279435826
93441286 425749655226
30302911654 2486667031461914
20877519971 1422030517920951
485018437061 159232037906219965
474615143471 154136488609434955
391322716129 115397286200775969
320683164232 85606584481042458
42312714061 4102965153022965
263450524261 63744313216992640
65968561297 7987253506878592
347281530311 96475156402481715
22271578879 1566812998137979
310821576347 81688261766586088
30972991606 2569601978443970
130564843537 22239849667444593
94582704847 13712285273325192
94433582167 13679869058026403
84858198562 11652869257139422
926156242 13286328757678
31834078976 2677500714681626
267725738386 65302234236996226
13023123967 700587635995003
10238733451 488380759885800
7391881667 299585572162903
231609200902 52544407378420802
105576328342 16171196596669378
332317091 2855600780151
13999078802 780798620293102
443772907657 139358745813668537
11313614677 567272182414848
170795284654 33274109629635714
557930311 6212182081715
323736846154 86832265226834114
138925375171 24409836736313576
80898709921 10846872060239201
1224209422 20191294099842
80751958751 10817370890634376
375345707101 108402717861767525
272744668879 67147100946703019
47205736481 4834858736325345
247344632812 57989124681132922
240527648572 55608388832651642
62469990247 7360360014447763
367282349779 104928404799134184
96642324262 14162610479808322
1943355997 40384233229888
89249956279 12569101093038659
378776755501 109892479931389376
17594722667 1100180413769903
315649686697 83598977789732288
384414109207 112354890045133283
94648825987 13726666836315368
363656519552 103378457096213352
22596004 50622585444
104034358586 15818216154588226
127378457746 21430703704840430
102381518779 15442750512505064
2750557366 68001112956610
320216436586 85419762497280726
365961940576 104363074417017626
265529900692 64500487747347828
142341269347 25315631989168567
208319310551 44821566219962376
16392538712 989371674083472
298536122161 76893252401238865
52298469406 5638001628883170
125681676842 21003921834169282
254477270756 60515458418064676
298730102491 76968209214124776
71063934502 8930296705401498
328869826567 88905572681908232
303866641379 78961873829342519
426294536404 131207205985899514
116762623391 18808240138767835
68320006777 8418095181945673
274148280686 67666101084254226
259684426129 62382345021417969
216509307862 47490594982275522
73698243004 9431434384368844
38135901052 3510689355295098
45966181207 4645679358310408
163611162562 31196940181270018
63319771181 7511054577498645
398037632566 118380239622838026
193038843277 39981561757135552
470753173829 152258994284377149
259472591632 62306029047842008
371958731272 106938755172493792
159137406562 29926160624975518
268220626832 65483383835252762
112062064654 17683991467061634
310603215862 81602194543816522
282330661081 70717995767629120
288709947022 73128304848199042
39622673266 3717980338545026
306146473787 79852184758384872
489577389004 161482369182202044
391181181329 115334685960088049
288811020106 73166709941780470
371086386766 106562774865308210
32332862 86652075522
80231166754 10712893284817154
365212029277 104042455062403173
294965378416 75517822756918810
377696520412 109422710726820218
59768938154 6888190815664534
9941557529 467273087072064
434459734562 134994894263991518
132743599886 22798846024363890
205597254391 43945933399576835
10390115782 499251990165058
88391413741 12388174491299776
11958388576 616450945066376
8763754637 386744492219072
252453796597 59795112295987213
138158429312 24207981825969768
22433750291 1583957373187560
480099555254 156815877932377794
455754209086 145040434844722690
31662225547 2655848587200488
12913610987 691769227069743
197803831852 41471023909624698
308918043326 80938998696282626
35869266721 3202396176607201
408488228779 123072873798455784
3415387277 94090504149173
229532597197 51839324990468288
104987137336 16036015322705690
359304850487 101528412297826243
179104416766 35731569951105026
9385279 13549217339
488771260279 161083692555795464
83197935487 11312561951665147
345109750616 95571588348393360
222462175852 49462610949671452
89197152529 12557948175302784
147239123812 26633447070511268
453364796977 143901311236312448
161361135742 30555613599710082
368127046379 105290593424754479
208894179796 45007225876984826
306317080696 79918943199656730
230032218341 52008674341823901
21810101086 1518368347510690
5265996626 180139212650626
156862446217 29286741583908032
24334937579 1789518304893999
20945006786 1428931198097726
319523777311 85142755385114715
309998986301 81364193939003200
12512504 20858347504
54442245277 5988193295312677
343713768829 94992288863079749
49991378101 5269074588263501
297232450621 76390126894880576
356579568829 100375484587938624
400197969277 119345304207183173
188414198317 38553438869499328
208511706652 44883673943122298
138687747781 24347235103546045
377841679651 109485798093557751
204138455096 43479041274412826
41771049167 4024431732187307
289987959142 73614410055234882
49793001379 5237742412934519
73685574106 9429002557723970
341468066801 94062842489955200
334582859326 91232269639642626
471369523879 152558117911387144
249739653692 58833417877578828
116196947629 18671726247141269
350317216 3090732042010
41734638506 4019170892235926
4996450631 166486731542195
344769208921 95430163337702505
6889208272 269551755734042
1570879 927343419
178954821641 35686812622403776
82915082254 11254920903790194
4634485951 148726833546376
216688990456 47549726458459120
82888207747 11249449408681367
410004515197 123758769567444288
111072920827 17450370396988648
285030997801 71734986351404825
4229470379 129662873470319
49797419492 5238439543671332
16598146702 1008044178342898
270980128111 66496536251324040
6928234042 271845428595778
242541846961 56308353496365440
482083934161 157789124849799601
489063961507 161228412020108008
8733198881 384723610392801
108302070529 16801477812516864
345319973629 95658927602049344
417395063947 127120031964363663
231917615986 52649396040491790
256677168829 61301865995682624
359480347571 101602806477337576
91311233497 13007041715309888
1449254 821728154
324438082157 87114545002430933
277765485131 69009723719353320
382330379 3523939121679
15355317391 896970628633835
46062954004 4660357954285044
79586735096 10584080727212826
217306929379 47753270167117879
48258701129 4997526313022969
42145899616 4078725630064776
2406410626 55646641498750
309799019086 81285479693668226
159772152404 30105387361405364
136173887516 23688264777081210
455479288462 144909217360526722
55885767004 6227928503737644
97946716102 14450307569160698
258977207896 62127682591634576
171169542254 33383538165272194
74442619297 9574685623205217
312398882462 82310857551614722
208092810251 44748486009615375
22656547 50826191592
320585467547 85567467143503592
156930227029 29305726006601389
134010010072 23125884088453392
3376077707 92470768449512
240520019236 55605743074293476
95552465591 13923714181280776
168543244937 32618174193044672
291896516017 74342345274169728
103769962396 15757953049960826
142446399382 25343683521336258
105954386281 16258135485066176
237178294481 54450918490818176
420235908379 128420031320785919
237039190312 54403022595093018
131994449302 22606117356349098
116228284454 18679280051492674
371222515379 106621417200184679
32781953486 2797972512154290
75798852691 9837528830476776
235591356379 53905344131728104
54137773879 5938029544438979
113002817701 17907142177729501
48106281472 4973868795868442
66143755042 8019092478187778
207329039831 44502349083994120
18223409506 1159670961920926
155906676004 29019481262808804
70139169454 8756547990457474
352961718529 98851753084759809
41669658956 4009787942210426
276142278062 68405688979736018
89725893154 12669774651724034
69423391132 8622848001450362
421937323252 129200724524735252
348414004 3065578700794
368770867004 105566929785206604
128871775771 21808669913254655
19668881954 1300349123875074
137961902971 24156347426455455
12524775586 660761235845726
133801972861 23072053989316165
278397146392 69245258227335632
495270736171 164307387447355880
161300356211 30538351240382440
279245459504 69561998681161144
173241755507 33991591606665383
54813108352 6049485245561448
47447863327 4872104766166152
301825262776 78167511421613850
370618742677 106361402169828352
6449697101 244172632925376
140700536629 24879184789061069
309301742842 81089844122573378
6662215597 256339848864192
155499308629 28905818314519469
46753303367 4765517459098803
42013612876 4059537335261500
141544187831 25103286344746051
79712458841 10609170284791401
49725807121 5227143694231680
259130524657 62182860987687808
40091916529 3784222545472384
67665088129 8297341211946369
66425204342 8070330201774282
1293395231 21926929385051
312670853506 82418369406823426
86408857042 11973732926491778
237962723002 54721273214738498
43368806329 4257530173783049
104541753397 15934079816819917
396010395991 117477011985184776
143897131 813642355695
36480651442 3284620574280578
336582638812 92051424918176172
386189100676 113133968313919876
5919100807 214670002073608
7015615832 277004575589658
378429555277 109741417451282677
479181830281 156366455130671801
127153445617 21373943210289553
28517615611 2270182814360351
10362744667 497280482679528
207896093791 44685047802471560
161433290792 30576111009546778
406844846129 122330922024361344
121941688936 20073390477299226
9263578556 420297822755020
223289389246 49738753472141826
485671648529 159553821318701184
112777672 564527443488
11882575721 610598036102080
246805464026 57799618426181350
442396631296 138710956829243880
64582562711 7736861847891976
341113633436 93916428899050476
226497814726 50814633735683650
80819889991 10831023677485235
421323903862 128919075606428618
24077944291 1761245443162935
8663557529 380130913787689
434275186781 134908889599699301
159979678426 30164061714480450
174010767212 34218173308029818
207012986077 44400628284524773
127292667331 21409056702513495
91555837571 13059341559737576
74046872036 9498436557546490
299820963796 77390186936824826
483666122216 158566552506315776
383405542004 111913010467215354
8560010747 373336308806888
67963392904 8352270553325664
148464816329 26966703843913849
83177948779 11308485752503784
119548519801 19485372640717376
158018959879 29611225565087219
31234127017 2602167178831257
15290895127 891331761894627
84755649904 11631752385566234
414476444747 125789041740429263
229868781781 51953256354193920
211145038042 45736619362466278
132356411254 22699168649207754
331613500079 90020463958988424
1420456 797350426
53158703017 5777677674593728
5332707902 183573136887298
58060222231 6594925169594595
388019272916 113939143357460276
56274253904 6292980991546264
5381045671 186074765690451
309201863692 81050569193668732
19347311 40106979851
2530343092 60000338892628
96194410132 14064264057658362
65730134026 7943990628311350
485733741266 159584420557412526
202716048481 43025400138258176
118072000432 19125499416966712
344120983607 95161152081331208
226556373817 50834341563550857
18858276529 1220796817326464
251462817379 59443379221633719
10380847 15761589067
209032524911 45051943964399240
32364640991 2744715744052360
462969748154 148498472660533314
130354903504 22186230770183194
56468329831 6325563485116051
7534456391 308294886688776
447907936051 141311071955942376
38279646472 3530557314061338
96770742212 14190848721229818
6072075101 223045534758501
312728583512 82441196457377168
188425861904 38557018844239064
7043361329 278649460977024
146653635832 26474745378023408
51044438342 5436436861389378
479470667141 156507856227483776
245599916797 57376643229387717
52637956954 5692988050633574
71658190307 9042547035092712
254246178242 60433045337707582
276103635172 68391330605325092
223441111279 49789457307115659
22956780676 1639672755405700
386536324636 113286581406671226
486409132771 159917379127289576
62369292337 7342570468957568
27005461004 2092032047751804
35231983976 3117431638325376
127874083471 21555904749821576
270621727279 66364656388362059
324356728879 87081780905236104
267583798577 65250309283489152
140711676772 24882139611730938
441106082692 138104433077055482
486925112542 160171905762527778
291966814091 74369202952140776
213793585852 46599875263310202
63334362466 7513650979937026
38993213431 3629735263362051
182326167181 36700008764542645
44009956222 4352291270845442
28434328157 2260244745358912
1462674742 26369587843082
6111812081 225238610694801
40542847391 3848245988848776
121804438529 20039509835997184
86396386087 11971140854082568
176751688642 35029828000058882
329860817029 89307727092635389
69493461646 8635906150022530
724567279 9193792706184
997458781 14849833875045
316500221 2654170870080
127528913029 21468684825652989
139046110841 24441664410093385
211867625776 45971602421645850
176612588629 34988484450235904
311103903202 81799586282438402
405290302004 121630456664114644
25333766966 1900817869376010
362914938947 103062398937431767
80276438396 10721961941752076
269472327257 65942303731222633
460578746566 147349580812025410
238744300516 54991088878380026
375640346 3431850219330
71265016747 8968227257749992
416551261141 126734749249815085
5853332 6672800762
58670765077 6699223525937152
494206380956 163778017823957370
142798360079 25437671469749099
375688022791 108551046847127560
36460125704 3281848835048474
447860613526 141288677765874626
465897701161 149909418515478976
220565211577 48831299800160777
36294780601 3259549558134025
59348221027 6815589268451048
37581441562 3434405091620518
442379700037 138702993850727997
36319302371 3262853486585576
83037294004 11279813696873044
170056162837 33058351202025472
390144336131 114876439197017320
119522605504 19479037268866344
24374884822 1793926523353538
29888047 77011539592
324695902477 87218406308331573
334341585316 91133603406834276
2614042 1991030182
3948716279 116968873675784
306763387561 80093670894523840
123525126362 20465642935987522
49756401697 5231968565986017
56288680576 6295401087417626
58098053251 6601371934854376
45723636004 4608957750616804
134331698629 23209204008203904
67375147987 8244068024699368
348792465721 97105450155456576
131206434454 22403979773621674
436582982962 135985703312338818
240355671112 55548759388270618
167020903667 32177245175447528
492027536011 162696121186559976
90578958752 12850889773223752
126557068961 21223747022164065
403672240027 120902796151779048
27961040482 2204047656844958
52936234891 5741446391083151
263034759472 63593475406763192
7896788629 330799108015469
61161307132 7130287121193612
433952788306 134758686324660270
10962436486 541065669447226
411953744972 124642372894313338
322041244879 86150970971422344
288756497 2312939556992
151484115526 27793497601794626
323470559302 86725152537396602
424050046427 130172338952495848
22258073567 1565388056034203
166590598372 32052975140548388
27886363204 2195223807030724
3391955431 93123875109395
303236294467 78716301051089128
130892605426 22323646594008450
19885663879 1321906135044104
259857416329 62444689954865849
1285321052 21721925812602
341409394957 94038600369428533
228294367042 51420414448011778
16687726706 1016215805610370
16432941406 993031693991170
418115345197 127449222664650517
1051684454 16077100278874
72885810901 9275909905651501
93978682571 13581141354671951
78757462522 10419087242175042
39003267457 3631139194987137
411951929587 124641548989546472
38674950022 3585387025274938
7209663241 288576384185401
210480127706 45520747699536870
105304471582 16108776033109762
420076405102 128346924229703698
65599672006 7920351332344570
490853714267 162114256211622632
219255413302 48396978229969602
260931241201 62832155904602001
137876820004 24134004532790244
51232485152 5466506165931802
56232997121 6286061816391680
373389277367 107556274903249928
49949016212 5262378603225972
42507552952 4131337409967898
55768147436 6208277477240476
4187 125672
303324301127 78750571680616627
40174360612 3795901245520868
3453345172 95663416895092
411829400347 124585943811245567
15543401456 913501247088120
272593282529 67091203883094784
93589333762 13496829786552322
96123366571 14048686353621480
94717581662 13741626747813122
194624045254 40475054446345794
257139511279 61467571621484939
14551412311 827461210707976
133715596954 23049716315812674
14599560004 831571471861754
5133225827 173369569148648
449305075226 141972765585769126
71927986687 9093663549125768
467082871504 150481801350283544
74185090267 9525044121815103
370784924941 106432947540063285
24360535357 1792342629395333
376125894151 108740879631487475
320740828276 85629675715909626
57579380926 6513168446178626
449124982681 141887414820885801
142500847441 25358215803611776
93434079904 13463259165281864
35177587636 3110214685151226
2258760079 50604507934699
1498863377 27354256666752
5283971401 181062325419001
15597577132 918281357802362
339792536266 93371364512726210
116262518737 18687533457858993
291161949652 74061894593655802
10617377782 515721430228162
159815116762 30117531656114918
258834728779 62076419281790159
114176284454 18186797822142874
321070471 2711868238451
272808189812 67170559687813268
4509033167 142728935931528
55625966741 6184550608453485
127612257004 21489733930134394
418748388527 127738777172382923
267998749022 65402146713067938
326551190879 87967012901905544
27757331921 2180005334568576
458146072297 146183721595590592
443694717092 139321915946384378
116635564672 18777548342082842
108272286497 16794547448005888
290997143056 73999021494886426
17780548177 1117655624284977
480189710056 156860051193439770
291475668829 74181626461608549
349382377082 97351905550685762
153415068004 28326609294983844
178029323572 35410329174407892
637048666 7579392702310
382044198382 111317491563807362
232338698629 52792851011497469
494316742151 163832880801995251
21549191402 1491204045156802
278401623529 69246928621406809
21556458067 1491958390385607
446104825597 140458632267190213
272216845154 66952277499808514
290736294697 73899545210788288
241719306754 56022155703406594
347771745029 96679501803382909
430418945392 133115954187965978
208874789281 45000959352146176
35652643966 3173429955377026
157579646746 29487826769404326
184718017579 37424547661308399
3284834932 88747480356858
457067907461 145667999176365565
342333027736 94420469934547226
280378051867 69985632823774207
121675158166 20007614074969026
364534607441 103753110901211776
414298012129 125707821933499169
165224249282 31659444526553662
5471782967 190801072129032
478495824671 156030789484319880
1537157182 28409226688962
5150566766 174248824328210
452418780836 143451137352989690
84043235137 11485404542919168
390025977616 114824167845376026
330236175166 89460209301935810
133619426677 23024854207236352
23256019612 1671836490017772
408180971629 122934040191290304
182820462904 36849353443487664
105075594254 16056286331476594
248228113907 58300095973237287
307771511896 80488816153580826
292197634654 74457411666195714
60342858902 6987642718224298
40246107617 3806074397528832
107990471954 16729019991647874
435677052917 135562657723958528
7853992447 328113624544392
56810620504 6383165572560154
29768854007 2421219971968008
369545913661 105899910204607365
21030031156 1437640970002426
39162069181 3653338055920645
81607394002 10989714118477998
78821770447 10431851127537288
8996300317 402239581096357
134042109797 23134193688099613
426714292 4155059318778
140690457832 24876511579653658
391548340129 115497102146255104
443018609161 139003586231158976
212884976306 46303121001918926
60359535182 6990539567334962
45672846496 4601280471876680
70988931601 8916162483382400
4205866471 128578945901576
12477339436 657010944560476
65684095129 7935645847950144
247417082291 58014604873144935
144615226702 25924689640470402
402479882611 120367511933695976
145190169016 26079445332797210
355552568086 99942152846333226
326141588621 87801555497963701
64483048522 7718986312264438
496335239957 164837400207543533
14821512707 850606614369512
278977982131 69462076822670695
77797176286 10229109859443490
28004806117 2209224475244928
231273785887 52430306899870043
85979129182 11884522450877858
62927372 235285451388
371730202162 106840216504629122
4930691861 163210831357165
226561758941 50836154033389285
25869821917 1961467144446528
153298766329 28294404401301449
48123342967 4976515101995907
322141571129 86191232347096969
270367972879 66271335795383944
485062758776 159253864710957850
18881005651 1223004553835975
50780861329 5394383191377024
1715251736 33486859680976
231936685904 52655889991181464
5112374404 172314283479034
320842447 2708979744392
478595612342 156079601097625282
551302616 6101817376026
256548217279 61255675775894664
49146924922 5136132153799238
70313437504 8789203126062504
74090749097 9506880379889088
35293064041 3125541987293401
84464815556 11571933125892676
165772532101 31817164146614400
133604032 727919311912
152632821287 28110234063973843
1286588902 21754074051802
366027097 3300954387817
233422455431 53162664492232051
14856656501 853633769349376
16706731822 1017952307857538
191541379 1249552122519
65237957506 7854932781779070
73454653829 9384713482756224
72850689487 9269206044259243
4087210079 123176250211099
8849089096 392406956658080
12573411754 664613780873154
29237609837 2356697541072597
34976289856 3083556348934426
116339202529 18706025256022784
491678415547 162522989117280488
53345048296 5808084386906880
50632143311 5370703337639851
184961830792 37498668343626778
239202656947 55149528041314663
27440865047 2142829710811363
50926925086 5417674193428226
22920796672 1635819057295592
485473569662 159456221323989122
246976219154 57859612814114434
171707083121 33540918203080576
203010964202 43119325785965398
221206607512 49044454307287322
4634389676 148722199156700
218135078779 48026509448441064
123135753154 20368952106061314
199254378451 41928036167846376
144644807297 25932644276601217
20622469417 1396051815632153
9769433872 455190488969242
461012664532 147557860246279162
114154303837 18181546229610597
145785150379 26239917812126319
174697536157 34420946711968037
148756487629 27046210384126144
193586642029 40151869952530389
47400435254 4864801471193794
515253152 5513208747802
65686632286 7936105644227490
90736509007 12884433051762987
252034927 1886061385352
19952128681 1328539091195801
497758018891 165546684794188776
186781803202 38053492590958398
68205361 265500743040
422478567721 129449404716976576
119665902721 19514078311576576
250749895862 59190766668176522
6507750656 247476742022426
22146811031 1553665234398051
471908553754 152819877294169254
452484418052 143482356480505348
83349749617 11343539740897553
242671466 1781936589526
173616325481 34101892267696345
403225797352 120702282222941952
118189142579 19153968824962024
258311921996 61888436767656826
126204136004 21135028044516804
55894125379 6229325748211944
286407555436 72255279962639226
489875280577 161629776657755648
17251624126 1068157310050626
71760441062 9061908497561922
13199144051 714839243622376
137541995371 24046146119739055
462132962579 148096053454632424
279751626001 69751218915664000
82515671921 11173694682109201
444649489852 139771861723189452
231399623072 52473104126752538
364052338696 103547285345092576
313547657672 82765293910259738
5463166 6016769026
431043590342 133405835993516282
457815886942 146025718326136482
298783438801 76988823404603825
466939837126 150412683741632250
170320451191 33135446365212035
458098211972 146160815512424442
283306119217 71084810550104657
466765905916 150328650312210060
8279078182 355108981160858
17975881246 1136123630556930
7362850576 297822397313050
210141582779 45410965614225759
13592130127 747000818339627
128080498627 21608119375702248
22112939851 1550102341735400
65139383212 7837136325753722
58305831871 6636816795162555
93578041 426684683401
226755666029 50901431643640789
81035529491 10874400809254151
3062352931 79885559394551
33125964316 2842130444567660
229013892254 51663701981815554
6190005746 229574933181826
257691281852 61665523747662202
77968068829 10262832942799424
39762987007 3737747287504008
73815001652 9453856336836052
49080794779 5125769163218664
32409943504 2750480658951194
112845039847 17869651515314963
454020163417 144213451307866432
7777227404 323314897722234
7594356904 311978713150784
1212165704 19894063566874
340067106754 93484561002926654
6647102651 255468096262751
242566224356 56316842875421220
29130341879 2343739916719619
369157429379 105732963451017879
455770439632 145048182796121112
4314136717 133575739139253
80946181262 10856420884946418
34464544697 3016130164788288
411244234417 124320502878978432
229579350079 51855164329245499
3530562466 98889877874526
13648741591 751672596170760
45663347 145437766567
416660797681 126784741918432145
300232292857 77549500858324937
9782018257 456070297962112
160104711386 30199430976138726
60021943102 6931974223709698
229130989726 51703331455126626
35723709457 3182922973281137
314234605181 83037437123423301
407775388582 122750858198757658
54484820566 5995219069593026
213762199732 46589613940158458
283183436452 71038641713019898
471545281757 152643451612924133
2987992861 76993604096165
63796813004 7596095134185404
65611263382 7922450701512362
290318571011 73740336400159976
257907415504 61743121241274904
78162474511 10301240949333640
1478238752 26791599177498
302054506391 78256583570804835
3090906001 81005434224625
87708391 387174082835
133254708136 22930647849331226
177793106206 35339876456595426
18252630517 1162461364073728
53883715061 5896279404483840
243337181011 56585546960369351
309491321636 81164408590887140
357612279196 100811855138660730
436308302731 135857388432799720
420245992937 128424653966200768
305968091717 79782403788096128
267768181307 65317763539429608
88478048792 12406392001894682
147701288296 26758943933423130
32804234012 2800825500115322
267320504837 65154026644409472
69780074254 8689387006753154
31551348004 2641910056818404
475849389026 154738131872292126
148789761787 27055285528077343
637941341 7595329629760
190815253204 39292740545263924
125291920237 20906293339026368
57300772657 6465952888644433
480120133322 156825960228818038
136424500076 23753688255581050
106793390936 16451628667389840
432880231954 134259391168670574
5406492106 187396225119426
271751456152 66780655754377552
8629936 11946710840
72831223654 9265491165218114
304079501936 79044858369779226
232402780262 52814693828895322
448393609567 141540973048306203
286717946141 72372770529523776
150636548287 27560563299320968
7216509454 288987526668674
459503473277 146833875382831173
111383740154 17523669687523014
325146528029 87400037027788864
207274952441 44484935743411776
129228416692 21899262873659732
348363297052 96926281350324602
337108763279 92267342727536264
116772771746 18810692255341826
69671405542 8669096872830682
282109029941 70634741026158285
472792062667 153249243219987432
11415076157 574920310748037
78954041377 10458120730993377
219004510754 48313928104348894
50103375736 5286791299997040
445092822757 139980950936334237
7136361247 284186556444763
6921996631 271478400614051
7152259402 285136741572802
361845352 3244546674202
57426435551 6487234718680200
58035689779 6590745729059559
157892496379 29575685590439144
86346511267 11960776305322728
81363964711 10940578393811976
33249628876 2858060515885500
125566891279 20975153931512939
473286176741 153489546834815360
479924169622 156729955897172138
1197390517 19531435015757
228273420404 51413337657782164
146779308956 26508783535741676
133680950986 23040758548804726
2158146452 47261249196148
90229006807 12776487516825608
378981321356 109981516402055676
218404649071 48115563412477576
224688202 1587571953398
37139979697 3374068115708288
22861099879 1629432514384904
41449970927 3978119509939848
297046664926 76318516355516450
1347246187 23310502644143
61655794904 7216934105337114
25725811036 1945111422042490
268355409316 65532748762668026
72439027507 9190749907889383
406824099301 122321564841863325
76104804871 9897150822782451
87415303129 12183537012317504
497797929911 165566595893203976
205994254 1393619806594
49417863772 5178662671090042
210637819154 45571913450038914
376473771676 108891775685173626
27722471779 2175899846794984
426568237 4152926185493
114697748629 18311533801522029
1945289126 40444506260250
18919501504 1226746784149544
133078210657 22885105011799808
489411163336 161400134227313440
178969180061 35691107703243840
11918058856 613335090322970
70115950051 8752200093382376
308825299279 80902551885577864
221560604302 49162230196084098
462812913466 148423021452389510
482252839279 157872057727438859
305526272452 79609656866158148
15469085779 906957655701959
5732045986 204574810629726
316614203647 83982445208236667
275539163032 68181706660824912
198987438379 41843808163364079
75965198654 9869930365778114
259544634482 62331979873042958
455143387006 144748947941229570
184506559381 37360302694158445
17593409572 1100057255963642
163785106954 31246704324923074
6909882904 270766064965914
205332505697 43861076542363392
337138323797 92279479160319488
237240973552 54472504536111352
239382524557 55211744023511733
52404279412 5655120472496122
76512265337 9976740326613568
455584283077 144959325804353152
269561898376 65975184774049376
174553338379 34378338178584079
24541868927 1812392478537723
325111853431 87386056489931395
443341532342 139155596830602378
24747896527 1835262760096427
396102066712 117517805731087568
109961037362 17188999399703118
58803407392 6721954707158728
75124438391 9706528187005960
262509175072 63402966025039642
457350001801 145802875674795200
464344871456 149160574368710426
199951916011 42148397581489640
20810550079 1415193710858299
104774168731 15987245933908095
9285505951 421791012746376
264128931892 63990692415913978
481457672404 157481755412077364
247249690822 57955739611963642
229030812004 51669427532157604
95260232342 13859887504890282
110177333491 17239741177872360
2942480542 75241189163778
144031227256 25767810691774320
230561581331 52188305619468551
446116160491 140463985587439151
114685296202 18308551828166902
15730679252 930060680213498
439523909101 137362063184445376
67656259477 8295717360190573
17937600529 1132496388724864
167428037779 32294970970193384
10164742072 483096308303642
28622793431 2282753644662051
470631892579 152200157778530024
221130787879 49019241113783304
273279657457 67344761453717137
435262693691 135369309314685160
24264613072 1781766714432538
76419191986 9958541530852226
165305312579 31682746819899624
133135482106 22899879842998470
444026367796 139478154687864826
275924575546 68324811296629826
489808964647 161596957268723667
176573365192 34976829333395482
85717252082 11830266546373262
17412859037 1083166896520997
254333182237 60464068635043493
308695638154 80851606473444534
220674149971 48867481372970951
478328556917 155948981083744653
196440687004 41043073018682604
214557369847 46849817531624963
340874144041 93817540793093401
112221663136 17721783192205640
15467502787 906818441844968
17590595962 1099793377329222
170010676942 33045088618056578
33373007129 2873983255100329
105293916652 16106354156923548
243404854904 56609153915198234
23306297051 1677260973716200
139886910517 24663694338455757
439009330852 137120906081156452
6554380772 250141387858938
213320423254 46445260260220354
155683953007 28957319048976008
328667915704 88823709335237424
18184484572 1155957376894892
135508796122 23514931730595138
18246134936 1161840888312090
244758909341 57082183319155776
245384800976 57301277185178650
318008308772 84537738762936292
262351240067 63345756319620328
24422157529 1799147782432064
103549130741 15707678289797901
443459244967 139211021820165128
298247972947 76781952315900392
20057140756 1339041459858426
360545269036 102054621854576476
392107814021 115744737190193280
234147957682 53410710134104962
33818592557 2931733788939712
473756213504 153718257327651304
68852224156 8516652916482426
159434856956 30010104255490426
13098601441 706687012651776
247053535129 57886784411831104
435183390646 135332315395803530
97680453007 14391423942570987
142527007561 25365198972969465
5924542232 214966090418458
384872827277 112556058337743552
30876994757 2557664983867008
382906568279 111694611780704264
432456045022 134062094717515042
224327071837 50085879207946597
329792593027 89280021683574423
265304768236 64418473906023290
14888045404 856340521025914
203174119786 43171317393739990
333678734741 90862721542927360
54051925237 5923910833110272
424235172251 130257591523733375
10127989327 480478565760648
451389185732 142961725959743812
388515395272 114157737603622938
16306644937 981605669844672
299060245654 77095837281894314
72559736986 9213732149052226
91476262586 13042319614746690
24230479592 1778008362128128
268603820041 65623763224592185
150761719717 27594922638300032
25645576051 1936018730342376
389224439254 114470388619270594
153708232927 28407843249161352
33878797 92940838592
489994066597 161688568759049088
489893097562 161638594564249922
950153029 13806040258109
497903701852 165619368026702202
36050018356 3226632859787220
465514557652 149724533378890548
227515934081 51157640326364801
202693126651 43018102784570600
464445100156 149208871397026170
758609677 9849282332352
1560477046 29058163269826
31741290904 2665802897170714
223530029626 49819180843330626
13577624867 745805356429303
126047435096 21095676880306576
40225966 120248827010
14157648857 794102524501312
11081361757 549894108354112
58498246129 6669697032041344
157565612296 29483887460684826
66145209904 8019357055390234
476957282956 155278848982850426
57402376207 6483158307922283
155667213352 28952648789852698
325382848351 87495339461172251
18592957867 1195124343556207
30649785079 2529485896354824
359053125167 101421736266487432
42212992642 4088469047546882
62600488204 7383435448286074
4580154196 146119132660730
19817119987 1315077293883368
66694832926 8119517887098626
491028112579 162200661724731624
214084016686 46694863938564226
2210160856 48980111494426
187465135771 38262509048569576
147659441029 26747572566305789
29800582912 2425091969320218
9014149316 403437266876410
127736137 680492991168
84155197897 11508363571351417
129271633157 21910249104118912
2494475029 58729088638189
110023417687 17203628334577672
138197856512 24218345166939418
45716681011 4607906190449640
222310119802 49411906984982598
22567182577 1598110079120273
357938797561 100949956328422976
464860586311 149409136558044851
104873527172 16009992658382842
379424591641 110174530474288960
173311809379 34012211508608744
31275630254 2607355467551954
106914509737 16479624340319897
48534037904 5040356904613914
238240132951 54816989844666376
4027217132 120474200563612
107709024647 16663663203446792
21684551879 1505276537923379
215732858231 47235356508690051
255547081687 60897465843012643
11079575371 549761143624680
120112973257 19623537081504633
426292689691 131206353399596776
307653053906 80442351658378670
97946716102 14450307569160698
5068382222 170094907437442
128441112031 21699440858711176
110064701611 17213312191128040
69050526391 8553472839037960
255388396642 60840752085172382
40870691561 3895017776645465
375247807517 108360309377261632
218715389806 48218286457591426
174035545301 34225482268197376
98360982812 14542081143153018
79904628442 10647558088924482
81962085251 11061439101574376
71027370352 8923405295474202
407064073196 122429811847250076
165694232617 31794624445972928
75080643772 9698041621881292
142345004267 25316628389258728
88535268004 12418428878617594
53331003937 5805790858812672
145747894657 26229859940727808
399622023011 119087762479897015
205900674904 44043252499326234
131101953712 22377224370976568
353503009867 99079234434400207
205039750126 43767306636239250
491386915576 162378478661473050
648378056 7782481830176
50527820779 5354113158630959
199824195754 42108020258748354
286915623887 72447629610091947
489663481246 161524966116956930
31973767882 2695143500400758
74533709279 9592264783336859
210727398611 45600987605055976
2345816761 53558124454976
94837310887 13767690483940947
444190354531 139555429460274920
120130128367 19627741327201928
75810533806 9839802965431426
17018556787 1046584514000872
57643196492 6523999335994428
16738004131 1020811816728695
448087784446 141396191458893826
40772114021 3880934445393280
4503621872 142472077983992
15489320029 908737753792064
45701581 145620477301
32946289861 2819038310030976
4286407756 132289973832570
28161459151 2227787323522475
107373255529 16585803617532864
440198957 4353567704512
308131732801 80630165760069825
135138906904 23418716687066064
84723538981 11625142713294720
3301878217 89439075944128
168291942562 32545249507367518
233940654172 53339794815378988
182157124321 36648981190083105
132085407301 22629488377717376
22158177356 1554861463388220
140024467807 24700082747394587
382851438491 111670490431076735
330285751391 89480355195888776
169587600079 32921814686924424
39266808442 3668004199307078
2895622 2321325242
222518876717 49481522616004032
7702328671 318655606973576
484825414987 159136993305857743
91329182806 13010877155071426
11950348102 615829321944698
119593020712 19496253558497472
4193036101 127991029365376
329769722 2822828837442
43124999087 4221678660818568
220302939872 48744228476521242
472385682022 153051701280623938
392455916129 115898903784058529
49421950816 5179305127841160
580331347 6590049355463
93941835241 13573154751139776
81197447654 10907009551287514
480249491276 156889344559170876
2576004754 61631772455554
164759525704 31525966366056474
405897346507 121903826572625487
156616653629 29217933051438469
348963705911 97176970076710851
161266279241 30528674258375360
409018971286 123312811879448490
66340306132 8054863063307258
106374166882 16354850868136862
236496248641 54216213176827585
303939925612 78990440701279772
210113058877 45401720026378373
41415715111 3973189018888915
5094795097 171426268961088
274054248997 67631290270805888
113048936254 17918105664660994
260196355654 62566902413160314
108773574991 16911317767028360
410386743596 123931871925672826
271721230706 66769514579415426
317387354629 84290252501912704
365507797516 104168869441102460
274677231521 67862031497303905
414940913732 126000542923552708
131032834927 22359530307507848
366934462792 104779358965702682
413628322417 125403145410455057
241790927701 56047056444579501
77753397997 10220476824573888
402133639646 120212221701814530
424152275096 130219414130112080
351159291991 98095528846563235
97058672579 14254230772590824
73991851642 9487851816557382
201917732941 42771493004294901
458076197062 146150279517729018
7412931442 300866177540482
177728114302 35320500582681602
8624900792 377589531860528
549013817 6063857630857
215541097597 47172390609094213
9324931331 424480199209495
477835727321 155708027941200105
209346880646 45153609993205826
185480391646 37656476419565826
27938579537 2201392436195968
45067074977 4510042461448448
395544196597 117269624927016192
15819135257 937916529506112
29368094191 2372491700016776
489035280826 161214229595436550
185175983896 37563812488300826
111461630879 17542054391313544
255479884706 60873447609259870
14818241629 850325038339429
66868062151 8151172197742600
379032689116 110003877789663610
3119907529 82148205260409
72444356404 9191764088912084
256127917061 61105205557471101
75014007446 9685133515618730
401078787529 119739531851725689
240774626954 55694060510446274
289639268857 73481675602374208
152303151917 28019210858538432
437271932036 136307718470681476
46290268586 4694897911000726
209153452762 45091044292302822
392014835786 115703570797663990
40065020129 3780415104500769
2003002 1335336002
433228294867 134421353284795207
107710417046 16663986331913130
401631583126 119987167705101250
332981450146 90578058044525826
76606569601 9995191097905025
420589857062 128582310511749018
477323610331 155457776462783551
2028622057 43071027349337
449974577497 142290210939104617
86229362122 11936443167618242
5135049812 173461982716922
201585513404 42665977083406714
186451901812 37952719668677268
81261131371 10919843746859951
24233341477 1778323375533952
293117234971 74809185298319080
14330991052 808731264156348
7614952346 313248679787330
108034161697 16739173127515392
482273463442 157882185243304578
215627773351 47200847711047251
316806806002 84059089052921998
270318706841 66253222816271401
96809020211 14199269421701351
5240064379 178810210249119
50750590529 5389560462620609
25270105267 1893657455174632
84571516 366589340026
5603963779 197756409879784
170182155529 33095096876572864
156272644154 29121719783758914
101059065101 15144509378205376
23798529029 1730676628192384
120365371 622449465576
106866423829 16468507755911149
9048689602 405758322992702
21595511401 1496014655435225
54362749981 5975082334298176
232370738341 52803771667237760
381927075079 111266305547247624
133688190071 23042630129172355
15379861421 899122078650005
466985257832 150434630958644762
16505355517 999602842726853
300020783377 77467566420869248
107784691366 16681225903107610
389247379327 114480508741440648
15376529296 898829894604826
93456559946 13468118310666230
60382121317 6994463659855232
311497639651 81954925160157751
3403578766 93602954225026
78945696691 10456462787916776
4868624504 160138797251354
28128006337 2223818933165568
258785086177 62058561423022848
45601245004 4590464528943994
336958517351 92205665646992275
331741371241 90072537252128985
352623202156 98709577897954170
84186790612 11514844722074618
3861930556 113133968386426
413798423227 125480509725577448
60059368072 6938458595695642
776357311 10196935734715
162572288006 30900277353968570
45139457881 4520912311299945
29775930529 2422083367803489
218946935981 48294877245258176
498729308357 166031475316486333
137425584454 24015624777495674
246445174892 57673099828693882
257093616847 61451116184353963
85566605404 11799092963653164
486775124642 160097904619788382
372699129931 107258212972114895
44067234376 4360790690500000
334234471201 91089811728876800
145040401937 26039103360108672
1127103982 17837171949458
183448056341 37039263263989760
412512165587 124895895863215943
6304353617 235965651605553
300083531161 77491870614189865
26483015297 2031618035647488
319546960462 85152021899218818
476311912301 154963793860570325
150354005897 27483058384272313
272975152171 67232233121014255
434048749904 134803388355806234
301331325142 77975707895062978
31748094121 2666660000465305
141764546576 25161931136675800
14804816776 849169745813600
35253754279 3120321542662739
98941980062 14671116803889922
75481082992 9775731181079928
372611071954 107220202195936174
31746582232 2666469517192208
394289316191 116712003329025160
327783159286 88465287599185226
286804279766 72405461253110210
130040565172 22106029142478842
76351182607 9945250542706312
106274560966 16331884856172026
127461752551 21451727980168200
152206030981 27992414099458176
31317411316 2612581965244410
114826143811 18342289937307351
106345571521 16348256570563905
117961716341 19098709646229760
454460515252 144423310116245498
5635769029 199442351648384
34149951154 2974927461686734
51238247141 5467428399640960
360428942062 102005235179494018
305773339106 79706242078621470
272531263187 67068308683233768
119832783347 19554912750806567
39333533527 3677357605515427
18874399196 1222362715260076
109478540557 17075988349383733
209311940567 45142306222516232
226759033204 50902565428705274
1378203752 24118565695002
238617863254 54947410304124394
397342888427 118070439296677352
198869486446 41806608600413826
288773780596 73152559132792826
37937315332 3483303127793658
504841201 5346941461376
333061429367 90610694105553928
499309738396 166321405353009530
455315139316 144830889122236410
64451090936 7713248759096090
318732058492 84826500095437178
253391906329 60128716876783424
416392458736 126662283226025976
223970201687 49966408175605768
200432813231 42300543501571720
28091017879 2219433868087304
5676717629 201619980100229
47061125822 4812658971265538
323185890379 86610694491834319
426653798132 131373104252430612
447428201497 141084104495801513
16776631901 1024347590733376
39274655512 3669103775877072
114122292376 18173898979668250
200177106481 42219620431138176
467166962746 150522441175972930
472276825022 152998800234775042
46649698526 4749685705326850
20491685347 1382792588474088
390040992254 114830798407112194
180131724091 36039434390550760
194894286616 40559385023309776
133265549512 22933446306615072
199582776911 42031733652323976
79089207187 10484988012391047
118551629779 19242154546964039
24104504396 1764160467880826
226944940042 50965176482307778
278803219816 69396816510491776
385993141879 113047870092778504
416803216711 126849752040028851
12840912641 685935871563776
26741634481 2061450205147345
8078285387 342268873646543
390031276867 114826508014489832
366627842057 104648051470268608
322457901712 86318218279984472
472297234754 153008718252197054
78686436754 10404996049180654
50054638201 5279079157597001
153845767651 28445979875194600
418325696642 127545413278272382
298858426882 77017808997519362
98355216961 14540802490737601
74484683596 9582802140072826
482651651252 158067933134033748
179727403286 35918162092300226
351041975561 98046374816721465
42466742462 4125389229922818
379498640411 110206784674575615
253154191682 60044123800377858
55989789662 6245325098281218
226502526097 50816219234520817
180957971216 36287682926316760
11055621952 547979272564648
155461946816 28895401131168026
63200968216 7489925676525776
80166286321 10699901123912576
100266226337 14966639339396193
93147696391 13401407473917960
490705103792 162040639374854682
14945908279 861337676203459
13772937466 761955628563010
15535997129 912848583426169
41172016447 3938171993374267
171283069987 33416756011287272
304731021541 79299036389055901
414086855821 125611729395435701
247339709446 57987393288396730
124526199827 20714933341554152
31615185697 2649932173314017
171417127961 33455995115922601
18404458297 1176995782318217
2801298676 69891468249876
392633126629 115977412599062429
179726204197 35917802639292288
36036056954 3224758628821574
102966539302 15575302212179098
475972316327 154798096578099027
122281342 637371125378
78959604746 10459226123734326
1260898654 21105762303234
44496068771 4424600086649576
334298247004 91115884472959354
170523620029 33194753128507909
237217554029 54464438752855509
96113720704 14046571750485274
37341935687 3401626289653768
37303204 107383495674
101853672131 15323477557721320
32410707301 2750577889545501
41387227366 3969090287561026
212361332779 46132384913791464
21049723972 1439660788328442
42938418629 4194310608713344
310019459026 81372254168554626
458794347187 146494105577591143
103714390847 15745296532350088
206713890637 44304436943615168
39256160101 3666512268233501
304085740732 79047291027630458
192846893404 39921942509251884
286413610232 72257571244274458
328462014287 88740253938444843
128105806052 21614524020655098
179425958404 35827835183162884
241270353227 55866150290174952
170829184871 33284016722285576
291472614787 74180460566568343
56194102147 6279541064211688
469011136871 151414617405805576
253629020311 60213135739434851
1824291407 36730283228808
492887971954 163123081574735374
2749074176 67946117383450
5591372627 197090293799623
7044382 8810176258
57939654256 6574393255437176
454509138601 144446488818096025
5998136629 218983970882304
1198956997 19569775790013
184354724506 37314195110892070
406854768712 122335397367281568
34549661279 3027310420763784
159998345404 30169341342537164
139033982182 24438466495088962
155249014477 28836055448672448
82532734904 11177160690114864
3876885541 113791759867776
9887062511 463436281171851
153005992337 28213386951357568
30599792806 2523299714671426
384215094902 112267650730948802
391427114446 115443468388443826
7011588991 276766115124360
86785903891 12052189902697960
269761651504 66048532675279544
106912660079 16479196686905099
40129586651 3789557256402751
327205309447 88231457035105267
30398998879 2498503851029019
212907814786 46310572364340226
340436673826 93636993657500126
5379800857 186010201233833
270080528447 66165678262078267
25159394722 1881226648767838
59546142254 6849711835992194
94818584602 13763612891557698
112432582901 17771768649145600
45522457717 4578572926614157
16672932137 1014864706368793
12008547826 620333560849550
197895672641 41499909927272960
143418951379 25603677070024519
20049931126 1338319536173250
381711230671 111171996325665451
16378056592 988060857555032
766733221 10007913182080
3181586566 84596265785410
18535729531 1189610764274920
292824060727 74696977691461827
98555346407 14585205715067912
289393484591 73388161938392651
304704478982 79288675998821562
216064042931 47344169151521895
12570557521 664387486577280
14606566822 832170193952538
29127928204 2343448626576124
384980749076 112603404278573300
47515658857 4882550718821312
363807485507 103442837584716008
45323228351 4548548551050376
140537198531 24835874261950295
135988165342 23639820028293378
171636768461 33520317607286976
196295922307 40997712013716712
302451808891 78411034724588776
9806090947 457754862893288
36084933691 3231321614029535
293003928317 74765812389159232
100838893156 15095044498322426
22717420436 1614095439540340
198330003146 41636607540878530
229803016654 51930962304928434
165640700236 31779217398428476
155319789926 28855776532193626
447043275142 140902079748386882
123588258697 20481334604201913
461099088517 147599355231893632
887742317 12468340870357
208707421927 44946882540926227
380336329696 110571884884908826
15519960472 911435545436442
35489142154 3151625098877634
243190005346 56534218416579330
149205729586 27168821565435726
43169356696 4228193862214480
2086870711 44939369557315
14479510052 821335728303098
324348674654 87078537382245634
4125544031 124913222231176
230841439129 52283354495926569
228778434236 51584046238247290
487514433331 160462775654579176
49881085027 5251646902136552
137228008556 23963852678466426
558297821 6218321152576
6395861551 241121848594251
43199039081 4232555451274176
1721231129 33662117228969
68422807702 8437102379967402
255731561362 60963420694295022
1566572326 29228584305050
103950444742 15799081595158082
356600681329 100384399330508049
462516635792 148280520852377432
120919112336 19821423651781976
77505553756 10171648028907820
51863093146 5567745077205826
401876296504 120096846406618544
10865075167 533873576887432
47596151779 4894962768381239
386189979527 113134354503020552
67493033311 8265714306098715
73884178622 9467149227986242
11021299279 545429406350984
286537747654 72304553193184834
14598022147 831440083511063
189459826831 38874819794933995
120240930856 19654903200530970
302675843947 78498172992589288
509140006 5415382838426
41588577811 3998090202334215
102304606954 15425352230683074
100870331591 15102104305440776
74859927517 9655308684854757
14164504 25123112144
286046653897 72118749823208313
417571420592 127200606141344282
285545401366 71929267331801026
383705082191 112044186230849160
15557862607 914776391638187
436328854042 135866987431247682
263547801092 63779622055952378
29644055287 2406010340772872
134736298279 23314140285152264
23785222672 1729225330437592
6274632277 234298952386048
26069006954 1984164257435074
18445538486 1180938710617226
1045822246 15942862955930
293380681007 74910062804752008
65275529222 7861719464209338
120269375129 19661877985166144
830383129 11279647657129
3823707526 111458525302850
59323073476 6811257778807876
308541651832 80791117296646512
11983919521 618426172344576
406121725636 122004922833631226
477313839776 155453003280418376
5622187781 198721849377920
167212264366 32232560666054610
354535469017 99513615371025728
55769483326 6208500551834050
31236376486 2602448294972226
64180308676 7664690576997700
16262971076 977664769325050
50232296242 5307209539166082
39250836472 3665766454428442
96050596072 14032735951488538
105200780861 16084988992390976
175805820997 34749016753438013
22158598387 1554905779953447
48177960079 4984989588901099
431793204572 133753990221660538
194942987437 40574588652607893
1448430754 25985330572894
64302538421 7686596838008576
91405273267 13027140483146728
439182697867 137202138756601832
152834000629 28165828920953869
260570165951 62701780743768251
284089505977 71379855789773577
191688530726 39562787545482650
74143495741 9517034399072901
5039728607 168654517900187
6538704547 249244519566967
4976078681 165469544445801
450751862551 142659057981882376
225201362761 50378971125380601
48286354942 5001822554132482
266412406327 64822312254211523
21133932437 1448308390044672
765128522 9976510824438
21281598587 1463514253366943
182369044081 36712955423074176
90653458702 12866747572054402
398193788216 118449909793632026
2293913512 51790450043418
131049728947 22363854661361767
288106916329 72899308896677824
29310684022 2365538294612938
89560335152 12634724281850552
219607846012 48513715668183418
78181261 325833443765
340088549357 93493403015733333
358429701151 101157702931338376
1959286102 40881810750698
304951213204 79385001472190324
51715370422 5543973901736842
272562271976 67079755631961626
207831616841 44664261449261760
234106900192 53396662508915482
438475388197 136870823218631517
112689745912 17832776658404122
116558783254 18759009430148394
23489305886 1697055371796226
292215217441 74464132405202401
3316601 2845645376
361252975007 102355250421200008
126231267197 21141843786824517
135179460781 23429259083089301
420342260717 128468784801287253
97661448082 14387224101206658
24237744707 1778808084193512
214243052167 46746905596716403
221283105397 49069897427403917
1892262922 38802112765238
290784336922 73917863086642342
233295386276 53119259797024100
460910342 4664412681282
17248280779 1067846812578639
82446219416 11159590475542810
248772360397 58491937845853813
118182822226 19152432410351150
193493318404 40122839002440964
103247632154 15639125337933634
6437209846 243463859397826
303147521926 78681737218064450
427272932737 131659169372640897
215209658017 47063626219753728
215491201279 47156011406721659
218819239654 48252632873756634
148303021421 26922633903088576
47486377577 4878038136802777
437152238404 136251755383794884
15124344082 876808641029762
232949878597 53001299928561213
33989675357 2954008695775333
78955630891 10458436549543151
288188903611 72930428829855976
7269949072 292203486447642
427317305881 131679679516171945
117116142301 18893722618317376
53386538942 5814861821780482
68662359452 8481449289195898
418454677379 127604406229916904
12430781651 653337022118376
71518187302 9016059479457602
44977652776 4496625843929626
145530394751 26171167479616251
190639848982 39238574010364458
22396485547 1580012331520488
354424325347 99466824080361192
123840949327 20544181485770027
211825967056 45958044247526426
79158822887 10498834679768072
399865061 3769128083840
78609098779 10389659773753064
191988328312 39655637186022768
61397613832 7171650613236762
331129116529 89823298290293009
7628162887 314064179744947
101285328082 15195398869354158
377097924791 109162684367002435
365102642461 103995714978280101
33069361726 2834848987891650
259353022579 62262966582028199
152438952404 28056694068229114
15659632879 923766963527819
44866748791 4480004689312776
141919129 796923226944
322962424666 86520879989566310
4213757702 128940985742402
768966937 10051679504297
35732798116 3184137729362276
188957244379 38720236718080744
15578507842 916597858853378
372772519526 107289895480470850
248342976421 58340566459306880
276616616707 68582018808356887
121059799597 19856026563895317
4149468352 126001372881448
72046371811 9116123487327976
233029063271 53028326667467155
7499389216 306145066250010
45359364611 4553989488415976
153834673861 28442903076327040
77962540502 10261741431298498
20136532222 1346999762237442
32610110654 2776000889813314
306250554001 79892909108496625
26778418177 2065705030606848
238434830404 54884200915281914
62945245456 7444513198569176
238255319254 54822231287046594
52394567617 5653548494648832
44052391901 4358587707274725
304588954252 79243588342794748
63596223121 7560297806121201
313607052497 82788812182158513
67713288007 8306208471296008
288530642836 73060190549343226
223509302716 49812251744045260
13786218226 763057988107650
169018503346 32756236664851330
473699757841 153690781132726385
11199282292 558694862706682
68641979422 8477673430080738
1474217851 26682360327400
125080262881 20853339734432801
265560508591 64511640630632651
30404177122 2499142281787138
66756935711 8130861255971976
97721563006 14400510115693570
331011127129 89775293181876544
5179024426 175694951036950
417660983821 127241532484300480
28401666946 2256351496239230
347629146932 96620045098835962
452405463721 143444803589936576
52979519342 5748489766901378
14794081 26816741120
82185728879 11106743772436104
41939062 128012003018
212858876686 46294606137914226
307933938379 80552541585731919
266535781904 64867346314027034
339760386616 93358113246809776
57476942677 6495794994828973
132023223586 22613509836788190
214943378654 46976305292026114
266312412767 64785820654314632
23275433647 1673930395646667
415743873871 126366459114028680
472017368306 152872737091280270
253656085412 60222774142906468
345402252232 95693118311009312
174504891836 34364026815414476
447126488426 140941423176320450
102522749791 15474715505255560
166198897531 31939993328626920
33904731004 2942941952897804
472816373267 153261063313280007
21305124254 1465941684682594
37835741071 3469323053861355
197103148012 41250863734208668
113675556892 18067289877913978
9705936802 450759881739102
362141329 3248528452849
20570105866 1390738001033526
189547862779 38901918800479464
335532441706 91620935909375426
11438205626 576668574941250
142768968904 25429818382911514
52798038491 5718977933484776
445383467111 140118084137216915
8060753936 341155288917976
6969512 8670075418
62028583654 7282486540327234
125588942077 20980679348814277
104710549126 15972686778050626
172779990247 33855778342650888
93092888779 13389581224334159
328118448571 88601059058453855
337727340731 92521418175827551
144237936451 25823302397677800
243884422811 56776537515289215
37958252686 3486187148873090
86432138566 11978572462713410
26130923137 1991237315345793
170856856 1052706054426
224095036 1581289286476
43853151629 4329051569557429
32722064111 2790308573107851
25772559131 1950415730067176
107544784754 16625563364999554
172156851154 33672789759389614
484084212991 158772199237104776
211215876379 45759637996775144
115933403576 18608238741497626
415905288667 126440059983743807
159953659607 30156703260723208
41494611082 3984547692415158
8724610561 384156235902976
257075690447 61444689076977288
99506842996 14796932905383930
350614774316 97867452570157660
337269719557 92333431737748608
67014055852 8177881601993948
472452751954 153084298173033774
259407254 1969419887554
84194997482 11516528535851458
153242846467 28278924077901032
317282991907 84248681646583287
282019376 2232465396250
396899069582 117872673281334658
134748238016 23317239351348776
201185054302 42538903190461602
22721470552 1614527106979098
17947451071 1133429395129480
402569607161 120407764363238976
53871569404 5894285937798284
312014845991 82159125217184776
9096104882 408951779479758
232388463386 52809813527996226
391747474129 115585222824842929
277598554171 68947523031353576
13663284779 752874318002664
470465035121 152119223526600576
27550142746 2155642552555430
52858172371 5728751102394951
129255362581 21906112680325120
47123732504 4822265794803994
30452528656 2505106214150170
40185983251 3797548626753000
382133363977 111356464574816448
228153164761 51372715752300265
465384287 4732492834843
188207996629 38490166447010304
27177712654 2112079702110834
13080479897 705220993274688
68618268286 8473281114031490
65726508331 7943333346912495
466563027121 150230650876452305
44503228631 4425668074637320
232689210392 52912362997543632
41394995779 3970207843687639
827542 354464682
149164215916 27157483528300060
100640495047 15050517659924488
109101247882 16987791637191362
6785600761 263493925094976
5787965437 207575733860672
8838050677 391672945924352
114971873051 18377219160664575
496881378127 165109541274115627
5938810621 215743132708805
56240375272 6287299019798042
15877352702 943098873264898
316972395322 84125002006315142
386533686904 113285421802972784
134258692 733276233732
480701400817 157110843505679232
91124152966 12967088466217026
248948028154 58553903945108034
21982956041 1536454746713401
10895758391 536136687485960
45678286879 4602102629356379
164973136846 31587296530195330
61252975037 7146323344825093
10316871191 493982109592035
163610590529 31196776570679489
151272825862 27735368379411522
244581928504 57020281793008304
466988157101 150436031917317525
210496997221 45526220393724701
429142294267 132524147130367007
5253073751 179476517845000
2651485432 64360389767962
312715929904 82436192907596984
5219712052 177769473327098
490227721111 161804234812076040
262957157401 63565334878113600
498704340457 166019007408361408
67938324806 8347649907483770
95959890742 14012862912195082
143551268291 25639117824739560
1981445677 41577335164352
252080175904 59662420060157384
12199922911 635221519593115
172394580079 33742561299814024
43417709182 4264733429737858
404373392557 121217933558364608
324080526071 86970574057476355
208277356756 44808026849274676
6679888321 257360510679105
258115736279 61817944492090659
446606532451 140695646869421800
158748938716 29816649000518010
45347317591 4552175360800776
57387129937 6480575551664768
407173257667 122479073151027432
51394592 173662333128
6318959572 236786159476788
353133138607 98923774673770187
471609378416 152674575684637560
30854881906 2554917926470670
434381436776 134958402973993600
39194540191 3657882722898651
56220924827 6284037651836648
153069615052 28230986266844348
219702627127 48545126319378627
18055035352 1143636031047952
36944279401 3347434953387225
93580681132 13494958090730362
15315212621 893458874000576
6181218892 229086274243132
15363554987 897692518007272
431027806216 133398508394538010
55828612477 6218376953285952
67216294576 8214929063576376
215189320529 47056955045757489
12377701792 649156822387528
138576643832 24317983766565658
41547922717 3992229099608128
280999930612 70218604327914772
399351185552 118966718176536602
36291816992 3259150333329178
219251440111 48395662711395976
358428854476 101157344502483900
6575752 7945702752
208088939522 44747237466301438
281405646529 70370734820478464
172057699192 33643703679863578
356308539862 100261066184764522
7002828686 276247586084226
167608630711 32347236597650440
185927715101 37792782938126400
489514061612 161451038287467868
142062356062 25241260592502018
465973962626 149946227408026750
30984192646 2570996009481530
15386702177 899722023214848
312817165936 82476226974937976
53022821482 5755538900719062
1485533779 26990168089064
162274772279 30815492431845059
431549763997 133640892415996992
274015752487 67617040470027272
1609118086 30427350298690
55186226977 6111359566472448
3074652154 80367307821634
425737010882 130949892755744258
32010698801 2699814347743825
143117822 807041409538
350742907379 97921106368442344
3884462012 114125493971322
427125963154 131591244734237314
93346779241 13444394342845401
329471060629 89149487646091629
1312025926 22402405378626
289411743611 73395107592000415
6778379962 263073445322818
66121206727 8014992275666952
168953973052 32737479224790348
100100158204 14929471462353274
44714404582 4457206372940762
759934606 9875096919426
20309689654 1364411720986634
173189960071 33976348637134451
182711636254 36816455609462754
56830509817 6386517975942857
22286143882 1568350232263362
71934434651 9094886376482751
61184042767 7134263333674632
142806376379 25439813501264104
9851938636 460968924892476
178142715857 35444165460885937
17790544136 1118598253220890
33839921782 2934507777317058
53756745779 5875451043625959
272436032936 67033158340427840
37586376577 3435081599515777
228545801656 51505386589382426
304454723302 79191210654064602
9794470781 456941445439301
486696192922 160058965806594342
125765418157 21024917624342933
99510858022 14797828483030938
130997002732 22350359281134458
361992005629 102669499941084869
50410586527 5335490085287048
6041807776 221379892729626
11054729779 547912941955559
463050581312 148537365473904922
7302542527 294170754876552
27743667904 2178395812421914
382221665651 111395064459575975
200341651511 42271687785939976
109432688366 17065261722171026
189395198071 38854929938537480
389108866862 114419407845693522
327864941107 88498397787278312
375926435966 108654393714267010
73406367542 9375461262719682
10227574732 487582579485562
442881190676 138938915614739450
1990584157 41865302504037
87352177277 12170342099396677
9217900532 417192960268308
407212062286 122496582415997490
112619020529 17815991190942609
86947210522 12085807174853542
221870250592 49265327706645128
400805666129 119617244611467904
239200581946 55148810437493826
249399828154 58713375011381314
376863481226 109060899696052150
22914588004 1635154447324154
12804560407 683025129523683
495461844427 164402497678949352
73447754816 9383391364528410
147327047611 26657306886080351
89443139776 12609932360941850
484707257167 159078821404751403
15017571472 867540074767192
30663403904 2531172002228584
244282675826 56915664923841550
421501088477 129000408128997952
308003787092 80579950779532282
354119611666 99338577784071810
43071565252 4213834800683002
298353791747 76822819483658263
233978960776 53352896545429600
303177890017 78693560548408353
286893656329 72439309386514624
137664227404 24078207582522234
454999330892 144680232238343228
160952372662 30439580972170122
361528428629 102472340868027904
404292459292 121181543635558778
176715422251 35019047271328751
48935840591 5103078392878635
32478466412 2759208114201372
144256198412 25828206788836218
79558809961 10578510647126976
249211999037 58647059733847872
325916295842 87710593537537282
90168694792 12763679310406682
49761764602 5232814467717698
450317107654 142452713413088834
71620716629 9035454748017069
497931643486 165633309707564290
194296636879 40372962943048619
220995143077 48974144337355648
4665924902 150242781908802
173015207647 33924937259287688
4664572579 150177469102824
327832551047 88485283853635592
5201133037 176821186215872
67759664386 8314743243941890
127376438816 21430194196056776
440278043011 137715743148817640
55930240741 6235364245819776
110842563196 17396112186067980
267457986511 65204295753301640
270988962337 66499788061449472
347788425079 96686457396743299
342098900704 94323622935625224
105668710756 16192426676230820
223468520312 49798618940853018
256811886151 61350133898938376
98556234352 14585402826204698
22530868504 1594254214326554
49760187247 5232565663626763
309647118629 81225703217928029
45823786012 4624108795863418
35831243452 3197305459635148
587850617 6718544724553
28142239147 2225507033395688
119709446861 19524730492802165
393480745387 116353174533266543
362820377936 103022120674739226
197240673004 41294044312972154
74032634029 9495697093807509
115727402254 18558663438584194
215931275704 47300537691410224
26045265262 1981454327244418
20503226251 1383960937668751
201528371279 42647836987227784
24468591154 1804281287055234
175409941151 34631710911660251
74576571707 9600540382386408
120050735002 19608286717320002
365345366611 104099438472297415
152337372352 28028654697660698
425404884422 130796687384540738
216528391486 47496874019372226
83293823477 11332124684317952
280107787051 69884465268902376
868673722 12068773605442
109059678029 16978083496831989
31418852476 2625286002405900
156870848002 29289094579413502
71891580079 9086760228198024
32233239754 2728017269096054
219568083802 48500540410188098
179423562242 35827117485319678
498050404177 165692570579879473
321641700226 85990694128155650
275352865561 68112569805702976
139157402791 24471014824352776
20235790901 1356971666373376
4131541352 125185703026202
19210254067 1255133966688232
119928755629 19578409333012629
284011118629 71350314596581469
432970491521 134301384883553280
81180926212 10903680802889722
18104095471 1148300532962955
99597423829 14817141942479149
77449262807 10160568787912712
11363610391 571036573728776
134953372576 23370505311737626
307757389879 80483276400526344
124217478529 20637947347228289
44932075652 4489792727650298
59908353586 6912305714788226
152369388497 28037491177700992
45881020504 4632774870899344
9488839921 435721203370880
192586764377 39841194294141248
333412472122 90753985812227138
170562749771 33206179502306280
105970038266 16261738192454210
39789499754 3741486241056194
399726628382 119134524323567362
60885319447 7082078882775267
5640653792 199701706922778
306591873331 80026508580088551
355754981806 100027509649961426
140259529621 24762305669998701
31094818132 2584777487267508
431183803204 133470934091335674
407765404 3881382977914
414184235879 125656041850049544
20723935079 1406367682466824
22171652332 1556280011178908
248051996032 58238061048855912
52008768904 5591220037495834
458656418731 146428049191658095
471707474161 152722213136558976
63189236254 7487840244020994
55888107286 6228319711127490
460287982312 147210069650300672
29970986866 2445922247968526
306006423829 79797397144551149
355201011232 99793960906866458
372965093629 107373045127126469
246690957667 57759398525427432
43709635279 4307817674997384
498981019691 166157186690631151
193796391166 40217143885559810
108222965704 16783073224398874
108115522522 16758086183757542
396005946226 117475031946554126
1661328904 31920219823584
440878810691 137997713019773160
351485366962 98232193064786818
37217968036 3384701261290490
356685137579 100420063579141999
321977044279 86125210271998984
120780472817 19787344081463953
159243486032 29956088375285912
193763396387 40206873567699447
329230631 2815909604051
102749284541 15526033390154560
73999545572 9489331726681892
32414526421 2751064076888576
215371079896 47116587568565530
67014421951 8177948616049800
182787206879 36839299249210504
63456140629 7535332091743744
455944220057 145131148742760233
263332944904 63701643815134234
74557648936 9596886603451840
97864410079 14432097176115099
359772937931 101726877519369551
68509027721 8453054894630080
46019560511 4653774076437640
5205213497 177029311100992
35793240347 3192220140525567
246712030462 57766799559710722
2956843451 75792768230751
176370780161 34916652461209601
55126110904 6101376330446384
80418746536 10750485262195226
327734580856 88445622091288176
471923126404 152826956024483834
2136389662 46548370129122
232766303851 52938661195431400
92386585879 13237488775844579
144321736141 25845810009923776
79440382102 10554899328502698
410473720892 123971273184405882
200404322966 42291524680260010
1246677212 20749695549818
132658596506 22776950386037570
208239924629 44795947866846829
37633549727 3441550489167323
74476964486 9581312527452226
280806549937 70146131390045393
32700834454 2787593533479874
138982836701 24424982705021925
64724242156 7762335212514170
7029718879 277840265813019
17889712436 1127964258928340
167758040704 32390498822126874
142329531346 25312500616230830
124629025654 20740596277637314
453352418156 143895417580603676
231350806 1658708176426
371405208181 106700135646741645
11575495936 587082144484840
130536739582 22232669387974658
170098155217 33070596736448128
769751467 10067066295407
427296967904 131670278769330184
88411754 391840902594
147244007779 26634772242161384
2577943111 61701349780915
397947522386 118340042417653890
38880473797 3614004840406717
414139639852 125635747937401948
115564848421 18519575132714880
132287991266 22681569830846210
273565100404 67450302344470164
19273814281 1261368351146176
124102865504 20609390565984904
335498855941 91607179784572285
39076757021 3641406679945280
372177840181 107033260406148301
493494797602 163424421188413698
58653981254 6696349078053754
250970892482 59269034998128958
30346747981 2492064828781301
165286338536 31677292067146240
5084907436 170927468559226
176611994302 34988307838241602
29086428646 2338442213060826
368323566622 105374916920682242
277026600379 68734547295731944
1238551336 20547153846976
312055925029 82175351036680064
450387337687 142486039442417672
101573583122 15260313554966638
258195495107 61846599725439208
302568483466 78456411187897026
14692322491 839509512368360
77503191487 10171183003853243
381396748891 111034637050473151
367919426956 105201531906471676
58718389396 6707382048137076
11676288521 594766784784576
464428715879 149200975977782419
121993054276 20086075058169850
16732332712 1020293029345818
298281956501 76795075957349376
469521683404 151661920536477884
56637494767 6354009504814728
396753857446 117807990640748826
19139559076 1248211864683876
274085344306 67642801186711426
291545916211 74208445419331815
550671892 6091348934132
361513122896 102465833501717530
16836400252 1029826482203002
200788795552 42413286580856602
20856682442 1419902084105078
32915493601 2815086618565376
388024558517 113941471486311757
6469133132 245277182775612
17259054946 1068847519911326
75397182004 9759436371250644
198643141972 41735255200640692
423260262146 129808843277645826
355112517127 99756669490971123
265204982779 64382134038185759
163072771 981589378280
26457475529 2028679851290489
437813563376 136561055434612250
140472525904 24818732701247384
130742223691 22285186351436776
14752208797 844647549592613
35063359706 3095077824784870
49186436191 5142327135627035
282443388256 70760353764684570
24467706292 1804183414902778
157894182226 29576159269614126
312980127077 82540684013909277
55070341876 6092119856692500
7318866592 295157691625032
352635799111 98714867334164915
77672578592 10204545703101128
175409941151 34631710911660251
38798811767 3602624867998728
342055091 2982036300776
42206019454 4087456022889474
54752864987 6039514772611647
173073448654 33942068618573234
56385689206 6311682483335370
3292214941 89046732373285
14536062766 826152282065026
241426675127 55920453626754627
66271480081 8042331284485745
220951266904 48959560127788314
345171232147 95597128713981063
321824593504 86064049193206554
239905215587 55392674848206568
186260814686 37894390226644226
129191307142 21889830572326978
190499089876 39195124242701876
52756777207 5712275223489283
31657696126 2655278710170626
417323800846 127087477964307826
160716434726 30372673984201626
227904646817 51288801243381857
78509606897 10369941427254417
145051173967 26042004270481032
161633363896 30632970637100826
196622501779 41100067088116359
112552587379 17800229211834279
170625249862 33224433028934522
239100300961 55114133673877601
5379697129 186004821536704
486710005511 160065779643076851
344834812417 95457402663702528
311863982731 82099544865054095
67370375986 8243192181179726
31199895101 2597890465646400
107256045436 16558653070915340
109927274942 17181083437372482
321902419126 86095269914330250
458089597379 146156692671589719
256109308666 61098546482842310
231056202367 52356334213271803
192834472754 39918085701801294
113753290777 18085825289771177
284308897279 71462557645698184
186641253997 38010549010669013
210762456626 45612367813605250
198902282404 41816950649994234
462296412904 148174629869413914
493717360754 163534988837931394
99148048861 14716974534280165
6915644422 271104787494842
437040975427 136199740943343848
261026606779 62866605074694239
3089176504 80937454182704
206944786154 44378688556795734
85930204081 11874379824814801
459877422242 147013154465539678
3668860631 104756977654051
142356209321 25319617746398105
400948931329 119681384907290624
393317534351 116280789173655275
50095145657 5285488723335433
55724405881 6200974737056320
155124221501 28801293709576000
65992536754 7991608211102594
83767097 361371265088
158987375779 29883850105507959
133627181062 23026858552916922
74954756972 9673660935064442
282231479779 70680734716114664
54422778404 5984981786864634
66669269591 8114850156320776
147466042427 26695040330709727
467450222254 150659362449849554
11944319521 615363378945280
486967547522 160192844433495042
188196339787 38486590611643343
124681952567 20753809732920328
129266040031 21908827149713051
199591622146 42034527868694530
128556696517 21728738550105728
398405316404 118544306680656084
160117726672 30203113527667738
85764459881 11840040980227801
315825305231 83668755687631595
129068832629 21858710287888269
271594449592 66722789494724378
118006892579 19109682163889399
302646279016 78486671887040026
466827744412 150358525278079468
63513509437 7545553119541893
329431285957 89133344558497408
132313196572 22688052547335788
302933431126 78598401195798250
20942755471 1428700816531080
215144056667 47042108566903528
322773584071 86445006104041480
85528550846 11791222605557826
350554484504 97842210507016144
235787028829 53972515451854949
159768760727 30104428740361827
377916443192 109518295655405232
167414150047 32290952870884488
247035962254 57880608301901554
110859513886 17400102814976226
26866894916 2075951236524026
212201042992 46080163822957082
58597824292 6686734458445028
255034035146 60714167509438326
308866167821 80918611843276480
5166513727 175058706850952
366023541004 104389425863523194
306336648746 79926601361489430
85955717 375626492032
175308672386 34601724521253890
182395618211 36720980232350440
177413459302 35226743376844098
6948613442 273045765281982
9710674481 451089961758801
215271332404 47083858795397114
2403705781 55552845586176
375284107 3426969388687
278616568441 69327139131587401
382319596267 111437878721161007
339638396654 93307837798112914
34002382 93449885362
488322490132 160861892506635258
215833369592 47268371274564378
10847834866 532603380404110
323668453879 86804750535830019
486995180596 160206479897870330
102576189454 15486816315814274
183037003321 36914841817848201
471777410029 152756178557390784
205717184597 43984391239112192
63709685362 7580539386159118
174481852547 34357221585423592
12503576317 659084347068357
183098722654 36933514708924834
23571307127 1705949782154248
15504636466 910085983186510
420988915622 128765353688419138
407922603662 122817337511157122
21698923682 1506773260616962
7554478822 309524624536538
33926347856 2945756931814426
399874172042 119200491315456182
21733310342 1510356402356282
187304743432 38213414276088858
115664387062 18543507308078922
464309215777 149143394285928673
343000273627 94696658877739752
13580096807 746009038105608
153138231754 28249971118879094
403833991 3825384804360
1229212154 20315189302214
2912943629 74111111859904
284192028829 71418498882669349
86125157966 11914812728767026
273943948916 67590464460487060
77926216372 10254570566709242
11953285654 616056404996034
490734824087 162055360958910472
161208356654 30512228080994434
97767545722 14410675526262338
492465103267 162913201587590007
111092245931 17454924773238895
103152226529 15617453401246464
39442152817 3692600641683328
84795179392 11639890805533978
195623561254 40787251690460994
450165016 4502250400026
12979102171 697038355833576
366082579612 104414683495137772
215377643041 47118741308898560
8190656056 349435229183770
257936862647 61753696034247688
30137948317 2466389230599232
354820143602 99633496324003202
196012814141 40909050388528960
1583297129 29697904286169
17825268892 1121874890137978
169867844147 33003453571865063
154730672779 28691760230671759
451117484731 142832667643667551
473852585252 153765163914923002
153279387004 28289039293311354
224379990461 50103603110406976
1044450661 15911509550365
213305400436 46440354070760340
122278724129 20156669443202304
312106487557 82195324208579712
211240575106 45767664656999426
209684137492 45262767393017332
191647048279 39549945824352264
1129146482 17885680306562
363842459491 103457754391095735
101754401641 15301080720128960
305194140902 79479878950783298
78430375597 10354247469287317
35212608754 3114860420410754
149388786316 27218836052188026
436726897579 136052948100878824
24352810472 1791490149709338
113881633636 18116442121311226
18211956676 1158577906679876
16591406042 1007430174991682
409472228491 123517843687884776
356771293256 100456449813948320
22405163771 1580930760986655
448983777467 141820505789133032
492801596701 163080204121741376
3116669677 82020357052352
208336 44723226
248866 58401026
2219878397 49303499241792
2175723596 47839810472826
209155393066 45091671754601410
102905285617 15561405894828928
18975370646 1232184668398530
269511237472 65956586776220442
172601919571 33803453074666951
87319996051 12163617236852200
102002216947 15357011774234663
83525814841 11379501330333760
42262693279 4095691693426139
184602551254 37389462265573994
45205787 143257145343
26975024857 2088496341333312
52158524672 5615386766402842
425937271936 131042299314447976
171256147636 33408877622751226
73923777796 9474761317851130
69121523956 8566668233766676
21556042796 1491915278092380
348937808356 97166152616190970
93628708279 13505348187715139
397577374756 118174971192526820
40462586102 3836824264725698
406169493052 122026448527030348
274174938272 67675970888862792
2842921 2258228505
138172096771 24211574115973655
36180903502 3244221014192002
498976024801 166154691800517376
142017051827 25229187240370023
230687224636 52230971070671226
519112532 5575268615162
1074416191 16601162736776
110137905781 17230487957586176
282843375382 70910719831271362
430962815801 133368338755291200
28848140101 2309764801533501
251491894292 59453689778678778
41294350654 3955737261957314
110673127576 17356239450334800
305372 79397242
12497725951 658621825905800
33438143711 2882401426204315
9411577004 430410239638394
96519703204 14135664440097124
350594677136 97859038066789976
299206432807 77152373409352712
721639046 9138115264826
409382642797 123477310416629717
12734085079 677393900578824
76686832636 10010903630784890
242610803332 56332368517995908
2521174546 59674520768130
1568700079 29288153412299
322982517341 86528954291293760
298989098696 77068327047692576
210234947267 45441232677458007
129955922021 22084449476744576
31300145101 2610421668208501
66323551529 8051811802966464
158760771796 29819982846561076
84805777 368113618048
418457986 4035050892290
363403274186 103270488845649090
489468547579 161428521710221599
387120364096 113543435110914330
151659752141 27841848958164085
384622822712 112446405334551472
41260159217 3950825285856128
236246663272 54130410467094042
203405581654 43245111489834434
132984332782 22860893367788162
59312051572 6809359622320788
343895368447 95067581971936392
56114342516 6266176400300026
282691467241 70853600888807360
235699137821 53942340381309605
321801327877 86054716628981373
15801708652 936367116946298
424303338202 130288987414503398
478412676226 155990120914657150
84057175154 11488262242920834
78335350837 10335435630779597
298349929417 76821327726286528
17876095904 1126676696667464
262478018992 63391678815951928
44842488076 4476371477394300
387665219657 113783230956893433
415012884154 126033326062542914
135943318879 23628126996948104
459502514629 146833415880316544
190546621129 39209794478771904
235779475052 53969921839860602
305760827002 79701349811548998
54297152417 5964270707465057
88531480867 12417632080141303
79821100129 10630866792813729
206547391451 44250919692282175
209114648572 45078496268682892
131800818332 22556392049680762
21828693097 1520310264497088
35534980756 3157733150104570
97867064572 14432684369211788
143174834287 25538333816852747
60197879 220143650819
165078845122 31617661259163138
466151608462 150031982871224818
10533898379 509651071469544
345892802717 95897050089829157
133494870406 22992666997882426
122353409182 20175139131637858
301581349931 78072776707955176
111845817281 17632828632116801
64276003612 7681839445254522
461185520602 147640857996027202
4116919171 124521709612951
760870546 9893346112130
228925242982 51633707012969562
334360393382 91141293470184258
210824139841 45632393146024385
184618349777 37394262129386673
124394485079 20682075878537224
15963717904 950804359720664
91870625576 13126750594461376
263505693991 63764337525664776
35742957397 3185495763632813
442256487856 138645050242214426
174846524227 34464989187748823
312066985232 82179719891521562
383895201967 112127470765768907
109821332131 17156251898706551
493300096004 163327715386818554
185394523351 37630329781226275
210264127922 45450693892051842
3055938932 79634712681108
120451890791 19706652045079560
499833513862 166583180611223618
341917776097 94248723200953088
125130283931 20865850236679551
61866669404 7253990721192314
340722235757 93754834002625237
364705398541 103826034815747776
390090454282 114852642062869558
454126895777 144264307489698048
76021727629 9880949389415104
75343991206 9749110627695426
258151662154 61830851159078134
204859204279 43709510975809859
34882460516 3071156471386276
248419801147 58367639992164063
431046375806 133407129127072770
288532162129 73060767611388544
24423041567 1799245472388232
89019424432 12520433680934712
138775187866 24370264483103526
68929802866 8531051098756110
4355011129 135478589603904
223334833612 49753938672970618
376349697154 108837948869433214
500813777 5283084554673
404759285779 121391492318341639
354804138154 99626754901329814
403610244286 120874944937095490
163070466329 31042420111701824
324674950754 87209964497716894
368157936917 105303846539004653
187299234991 38211728560940235
23338261129 1680712654769344
474563507797 154111335401006592
256969578961 61406649780366976
251262161606 59372243739323970
15755876371 932296212825576
144104766527 25787547970364552
376269883796 108803328408681076
179984100352 35995140219196698
54854503477 6056339450440448
7766380766 322638756245026
57535273811 6505686015857351
112122670286 17698339259620226
274438621954 67773623966981374
233163571522 53074246574103042
11107280536 551824506835226
382387805356 111467702275680220
10146642286 481806544617490
363304387492 103228339850845178
10731344752 524047335487002
201017626954 42485812521782774
113932704629 18128630162770829
6037301671 221132273244755
80500580626 10766898991941250
346202277887 96025779615794043
79439584907 10554740448934287
14758393111 845178737330915
31458973196 2630316208057980
29236400767 2356551356650632
208573705516 44903694011833210
9064705336 406836061843226
487204427882 160309744950951362
347819284226 96699326123931650
314192590279 83020783823763464
458804884241 146499152368095360
166129143572 31919887517164788
67648534879 8294296663712904
178772998177 35632438087044352
16585759516 1006915931751276
4619286904 147995793419034
3399124927 93419283465352
118479574721 19224614274128705
331830162532 90108701856216058
29072682412 2336784685284218
1007533606 15075389531970
14971334281 863536580553920
308450535166 80755331795489026
79048645306 10476923002283270
1504069282 27496893293662
69907522322 8713203674941038
219356986 1531404252226
4418423011 138448339497015
303681131446 78889575738254730
230480780212 52160873639497722
3792290506 110087665253570
3725787004 107204553381644
4882646791 160831130263560
13713418856 757021861218176
123753871252 20522516982955002
239356923887 55202887356520072
145421975351 26141926821307400
188253400402 38504095495964802
104803009879 15993847600592904
41291476879 3955324334256619
171160180822 33380799532168642
85819137779 11851365470142759
113283478046 17973896477529826
425601376922 130887319452322342
446751144379 140763988659094879
13142501002 710242658424502
482666388842 158075173011965378
169105246 1036558801826
486464368007 159944619557679112
10445110846 503221068731330
10483592401 506004565454001
76838076121 10040533857760576
235358714917 53825518214210653
2903105702 73735981775898
362338393561 102816900998507840
82415361022 11153325750951938
88295155652 12367943928234052
20749187617 1408939003288832
48545732 159424190458
242407445042 56261555957487182
276965567246 68711833647421826
453168660154 143807938389024834
156799720001 29269176534080000
2467215136 57769020051226
271040498192 66518759066771482
371002826504 106526783580320794
3246125026 87183343960350
110920735501 17414518500392501
247961847872 58206316208094888
361912028032 102635476491560808
251934638204 59610758615198074
341580466381 94109289733802176
93359742106 13447194934181926
13884194842 771206858739878
109077425986 16982228092929726
64577531272 7735957729750042
291343596131 74131212661657320
43897585754 4335632852362854
112016147861 17673123696789101
472449835771 153082880820610280
187475545279 38265696039153339
5386545322 186360104089538
349532859152 97414807846219802
2419818529 56112365309184
282808778851 70897709849030376
218202455746 48048762628924930
42277231154 4097805184257614
2765783126 68566529526250
93231881206 13419579440023370
58849027057 6729778571043712
337911462571 92597089628799855
269665437637 66013200249235072
162329467367 30831073407926803
491237233202 162304290613368398
278497890682 69282848591760962
227966763607 51309771297138083
298123640536 76733944463528976
461537094529 147809716054723584
25292366506 1896160286315926
314841359576 83278058339257626
458162345377 146191510209003873
128901730897 21816274216706688
186260204341 37894203966439885
122692993931 20259189851210895
208987266796 45037313294347130
455217809029 144784451990624384
31979837254 2695910940626554
151656447692 27840939011216828
50849402254 5405308409613554
6484042504 246125608137754
73006891904 9299033835851034
393558814807 116387804234823587
109413508156 17060775384738170
157431474502 29446245377019002
48226396597 4992509104187213
157265985697 29399827586523392
90523635757 12839118132425237
73383762754 9371130965195454
465155684602 149551428897557702
452583358504 143529419955322304
283751914457 71252659487885033
438472578832 136869507798085658
114913378504 18363196189718304
351301774006 98155237965522570
330683308391 89641961922482835
329281137922 89072413734890238
124336133786 20667525166642726
105562543387 16168029520488168
561610856 6273754894720
12590702642 665985216354382
220308250156 48745990918626170
497780129 5235153637729
315018340627 83348287606415623
411899285162 124617657330657218
8446165436 365913225270476
3814792879 111068966327944
13112200831 707787859498120
305403558112 79561698936138522
170719897957 33252081938229533
271564232879 66711654756847819
386262927646 113166411262146530
86368121921 11965266874968576
443763486742 139354308136407082
179169659806 35751095855548770
203249346379 43195296340493519
308377494454 80726649328699074
495668919971 164505575174159080
99730022746 14846741999812930
346027557152 95953095571247048
39904961272 3757783694903792
163924214491 31286520936729151
96969694306 14234633952711426
344452075004 95298522235685004
9674057254 448540889360194
984592501 14563435909376
411735927332 124543530243697658
70635181871 8849599396140680
102597478621 15491637886360805
278802473086 69396537708018690
2153681266 47114649312526
332871290416 90533113039822776
137257347712 23971538253757722
56361177412 6307567234992122
5136468691 173533882636776
15238128026 886721908077350
135507754937 23514660714564672
129512760986 21971580876092226
323078167042 86567394854049278
126425289904 21190606400540984
295426400116 75694940041967610
2724511654 67037517466434
26197261652 1998824866938548
381484965422 111073162532851842
98543803486 14582643431892226
33242924477 2857196116045573
3957696997 117368142970013
119462964401 19464459179074001
445517497432 140181338038445712
277460724916 68896180117480276
134401163492 23227209075033082
3898842361 114759825726665
407331194992 122550342211219832
118881024637 19322406593716293
233818230881 53297930456856320
255049033367 60719523374157832
223111666001 49679382222224000
62376003004 7343755545907404
146474969377 26426379250491873
100646327497 15051826021354617
430100764186 132968375220226726
88900053617 12495258136364928
478771733612 156165764070214522
166015608532 31887171316487162
153633391087 28387097727166347
479081002654 156317104645280514
166690472137 32081803902779072
283324185181 71091610104723301
356354126311 100280308053944851
75294311654 9739469801326914
248414867092 58365901073292282
119003933731 19352380035682551
239776393754 55348064523484994
460181954 4653359939074
244095386572 56850222358728892
7002473654 276226578308234
97955125654 14452168632452034
151940210632 27919114997471258
18270786062 1164196217212018
154830821629 28719620714608069
189184154287 38790003688492747
141306456692 25040069352003578
419110865741 127904673118314485
19194968212 1253636170701818
418483037512 127617378750315168
387910045222 113891035794508442
220292983262 48740924012076322
138580329031 24318953814128051
56614947257 6350215559305737
338679725672 92913057261679488
13011829222 699676418309338
5999670112 219067954762522
337337326 2920554140050
26068778617 1984138188656457
27350511904 2132255025029064
380192436001 110509141334060001
493266325147 163310943774547688
225296671954 50410956437952174
321717097297 86020931953871488
132637478677 22771511827060973
271679212757 66754027687801133
189280124629 38819523853946669
100900427254 15108863610789194
89566260421 12635978165056701
80991251686 10865489358539226
29055323392 2334692085785882
274706879701 67873019164698925
2824324904 70754987545114
487606269157 160508118721259933
482317659562 157903888521466518
406483205482 122167849936207062
12113227777 628462521372673
7581545092 311189572746628
77098594861 10091640677871040
30216317366 2476015694086026
118638806717 19263383046964032
410889708461 124159775875390101
63288814754 7505547119543554
470218683442 151999756818884482
138262003441 24235209186171776
20534625841 1387141355195776
36445815121 3279916834784305
139604072602 24588930654651202
403498843616 120824904229504776
439340163511 137275934597829640
357822045904 100900568888818714
24652768177 1824691071947473
137720377901 24092940630728725
92674811504 13299484174791544
8001441254 337396773441754
93733025852 13527925223352698
491860894879 162613474642080904
400823572879 119625260894903944
10487357552 506277185919352
330402798551 89527924712712200
379965749671 110410320884730451
25208095381 1886691496242176
375138660206 108313035084535426
413244587056 125228675424686520
1266478957 21246028856533
91313797576 13007589589121050
220395879082 48775077347149762
214600606546 46863979723203630
105820010947 16227216492333288
227667735506 51208848412343426
23805292702 1731414484044898
14720105572 841891904795642
64432063777 7709833365022177
164674005217 31501423611038753
412570299379 124922298473006119
340865887286 93814132097065226
273904720012 67575946490387322
292505027371 74574936742152680
287889099401 72816653579299001
498579510332 165956677230264908
453127724326 143788453037233050
115791878297 18574175197942592
302215417427 78319125426725352
16867426286 1032674439630226
125144291617 20869354073731553
6097668529 224457211182289
409516572511 123537908891327515
107076416762 16517072667930822
211788868207 45945971243286283
395155610516 117096857220409460
219313690906 48416275241359170
70164640316 8761318307228026
459202506946 146689638696999230
17979863266 1136501163882526
15622844231 920513605052595
139793833181 24639082480003301
13883861567 771179090850107
4225056851 129459967032775
359589736991 101649186442918235
4050585022 121524301695042
80110638227 10688761905704327
5888675027 213016930499048
307355048596 80325500272478580
263274890704 63680579530779674
22606715296 1602311231319880
446056653904 140435882173559834
22777783204 1620532978785274
17336057911 1076008663858115
464462448529 149217231556289664
62547070142 7373986834626882
193841218762 40231098817072322
7926475187 332666237207143
229434363902 51806049935159298
10683784577 520567403611777
372247727062 107063409606633922
15367762271 898061291709576
236953819846 54373635071307330
3465156377 96154624360873
13067220292 704148944242682
28333068082 2248181730685262
316525381 2654487370301
131253054482 22415921656995458
38782 3581058
9048555076 405749274437626
144496396991 25892742866366651
80064613042 10679551851895682
55341484396 6137167700962076
349936812821 97583729560634605
96679257676 14170729967733626
47586587752 4893487440703002
10203904 15360279834
83969864111 11470367407699915
261573127117 63064147464840053
62278557202 7326553267073902
144683535557 25943060077548733
24017196529 1754584298304384
397019357417 117926262714808153
77710814731 10212081778483176
1199152879 19574571911819
9632511802 445654580286598
344409746177 95280956280420352
488078147 5082845843688
45839226721 4626446194956705
83792512507 11434046948603112
444946592812 139911972955052922
2174866129 47811532068529
61351016617 7163487852806553
472134940981 152929858247058176
276900075754 68687463591932354
83118003061 11296263030281101
172928158561 33899337493982976
232904 52869664
347252361766 96463002073958210
88685977591 12450151402400776
62591996392 7381933142717978
84842544557 11649644950851733
248151318829 58273043332658624
28757415754 2298877401339894
202500252607 42956716086368187
84866026106 11654481633359426
82003222 350017094442
268919812001 65739599402629376
352938193531 98841870497755295
72358356737 9175401426288897
198645032896 41735851131957530
103081836379 15601470296876479
91586222092 13065843087633532
209584421029 45230483764173789
65320340404 7869816385561684
54856822066 6056723438920526
75834288182 9844428120605962
359999459129 101822967019530304
28787641327 2302502724656523
12581500507 665255227080383
94048929254 13596371555752154
274808436842 67910660912889282
140704780441 24880310408207401
284021670142 71354290820826882
44527397411 4429273802863351
147062812612 26585623096858618
5987954896 218426622784280
512048002 5461845376002
109107320546 16989209989849630
46674443216 4753465320650776
59229764111 6795193917628040
249728346004 58829422139235444
391843076431 115627536666667051
74578888946 9600987847609730
356602370356 100385112532715220
148734125122 27040111837751742
139993776092 24691962233683628
57252034921 6457705111116505
82778718829 11227167263423424
212238829441 46092472560348160
316025617637 83748368802423197
339797482501 93373403280309376
237199645762 54458271338213822
43357026629 4255795663019069
382271503772 111416852489970042
470186446 4805932413826
59697736417 6875885784513057
398435666827 118557852962192527
204572543191 43617798415200035
216061413481 47343304901923801
205452358672 43899484866710488
208001212654 44718943380026514
294451763701 75320663004639501
8247068236 353051493223290
134310448042 23203696854828182
227972840704 51311823022318874
44119499776 4368551096518376
25308056 60005405520
144756165017 25962597220817728
68924976122 8530155045106242
31120259941 2587950443439901
21528436252 1489050174235002
104604406922 15948406297260738
3908296667 115177502835432
211749169529 45933053353003584
165433559656 31719624139106176
13011829222 699676418309338
2320882516 52706468356276
143972194711 25751970533193315
445006968716 139940451438812026
354495893137 99496953153811697
14735723629 843232137152469
74217064357 9531202795197312
91603770379 13069598473699304
13622979517 749545415121728
465311951017 149626796697555353
6157114966 227747577923010
168062857967 32478819553941128
392594136887 115960137618767043
17654990096 1105837959778330
228976671004 51651107259950444
96015154 443462000514
58721473651 6707910525978600
5485076692 191496825899828
113855386646 18110179366390826
171415371404 33455480868051834
44602631129 4440504147508969
213761545879 46589400178612579
145840232776 26254790679037600
94611847502 13718623276232498
355362857536 99862174956755226
238102787927 54769593793368227
485049954517 159247558984723757
32024616661 2701575311946240
80584463612 10783732336361868
71716502176 9053586856953626
33957092107 2949762039263208
230508617654 52170323908229514
370314028504 106230257225383194
180466201477 36139860731182077
450897144007 142728034057944883
21304092154 1465835162157634
215973336152 47314358617937552
14205983962 798172679673318
131412957446 22456897472373826
65093190892 7828801464281978
323025115879 86546073472262419
476937749446 155269310042293826
254365990886 60475768699612890
145694449111 26215433571514915
60418267921 7000745261928576
32262191137 2731693494057697
87365135029 12173050211256064
415396527982 126208127045757458
155395041356 28876749745474426
274158647371 67669939227567055
439110535546 137168324503234630
284729822626 71621319223610626
54943970272 6071162198022938
184730174029 37428242137145589
429061698076 132486815297053050
204979559341 43748035758858901
179489462527 35846857668620923
135722323507 23570533997612008
265740547879 64577256219831304
284045034904 71363095843070234
203081062087 43141660812251443
64782901129 7772890015001529
97963535567 14454029855528107
409817994454 123674327942939074
148195207154 26893280633013634
4965908312 164962508282768
91596922067 13068132871584232
65578303091 7916481592780776
263335122061 63702433816146101
231717429181 52581241791063301
13139420779 709992981708264
175636865587 34698936257006568
2066698487 44289348619272
358757439454 101296478474346274
174032005466 34224438067315010
45808045222 4621726376133442
704794741 8820036345485
83992814731 11475070351217551
486621213716 160021979782668276
228711472616 51561400521419776
80215144454 10709684366609474
44213715029 4382551861302784
22444130647 1585056876070563
402103148701 120198549691661376
646219226 7743645009126
247662645322 58100996159289538
195914525704 40878284141817824
80023001654 10671227316830914
54972482411 6075888591179240
237560696696 54582658355422576
36130348892 3237423782297978
13685444962 754706671614722
147365590387 26667768455428072
467795470171 150826303629531880
586342891 6692713228335
4113471754 124365333913654
444656091062 139774974289422018
32892149371 2812092382545055
198336931111 41638789205552851
4220645627 129257272388127
4479358576 141322270016376
27691163446 2172214855902730
348364131754 96926629713621654
80415137167 10749761511523307
127011276022 21338106057492042
20075170501 1340847404789376
44564707786 4434842040620226
76257426247 9926937557673992
2963999522 76068083783938
263270536897 63678999896673792
252702556822 59883514529882538
272798587336 67167013248563226
483085030331 158280877848486120
480438659647 156982050870551688
260962305347 62843376600314088
41581656391 3997092162985651
161753922254 30667249628359554
218100733741 48015167334499776
64384687591 7701331483311635
466964963201 150424824491472001
102735232117 15522848387175053
106634930767 16415025792810632
328230632 2803089614362
10946450704 539882597636824
259926628537 62469639554339593
351384762142 98190020907486978
304448480722 79188775044369838
69256929226 8591853040524150
241514932507 55951120374540008
105941957587 16255274890639943
26927430212 2082971364203972
224058555821 49995978029232576
288464557462 73035091291227818
3293351062 89092830767018
237039190312 54403022595093018
158699920654 29802839999699314
345310001131 95654783827187176
28511884207 2269498463229387
75764593279 9830860056040584
23751428177 1725541257204352
285008347516 71726435772552460
32779136947 2797611927565288
348387503816 96936384224831776
25187254 59576256194
5239552529 178784011462784
273619839647 67470548159848667
228007336 1622880229440
424512476026 130385327903874626
59154756742 6782290043222082
118446475687 19216558804990547
290769847579 73912338329134824
484451297957 158952830922029533
361757202907 102569622669460287
92975991032 13364368951227162
366614141329 104642185541252224
429272005177 132584236066243977
361427246737 102429325056074993
464263925402 149121572839764802
20693815081 1403302784285120
6819309721 265459815793705
414237026116 125680066040236026
294748822579 75434673164725224
27455860279 2144586398502339
1005290381 15025070064320
22420831162 1582589314931718
259494203437 62313813538959893
41737238741 4019546514383360
12507846367 659421999137928
331776397579 90086802866638824
426977254 4158900799194
5115003797 172447238079488
71847980129 9078495225412769
90716062327 12880078200283523
300896746382 77807084266960258
417211436779 127036154103530984
229923028141 51971647999424960
167039977007 32182757170438987
14001254131 780980621369320
125665633786 20999900285223490
48352880801 5012162918277376
281867213254 70543940974694394
9752527631 454009418899051
94879996306 13776986610572270
119152289531 19388579705099295
8829543829 391107587175424
12130510921 629808040114880
71004004381 8919002334560320
28805880301 2304691269322325
485755425379 159595106927402679
336970010392 92210383140939728
27117931 66556446895
205087781026 43782686394606850
315257304226 83443143969211650
137753443829 24101618039559424
202414984454 42929586808319674
12261075311 640003609187976
455198725879 144775347834817544
48955238872 5106113006622992
283061532667 70992775931827432
234805286 1695998595226
422979688681 129679791827795801
45026553917 4503961161963653
30572833727 2519965820112827
85901601787 11868451641840872
119420442542 19454067772187778
443440409897 139202152833034688
422550269572 129482360805740538
342492743342 94486555540999378
261035999786 62869998476940226
245332262576 57282875321599800
309189281636 81045622070797476
161371361461 30558518187071565
429384128254 132636184706107394
433112878829 134367640189892949
234395747587 53495516416910568
4839066254 158682660666754
145375599292 26129422548838778
294026777282 75157654675449662
141964827676 25215272154464876
165525606136 31746100826004976
253260935957 60082104881297408
10258633942 489805316745578
302495364767 78427973223658632
7657588136 315883168280640
64868237956 7788253631205370
3933268472 116283149165338
190940061631 39331297768971195
11113256 17458928320
140372895586 24792333281996190
97583679754 14370042569295554
122905597322 20311870636153538
112140665737 17702600254002368
172974621226 33913000630512150
19686736379 1302120117712104
376667299327 108975750816902523
289285432 2319297752858
404884358257 121447762488842112
405932486131 121919657236787176
303401414801 78780604564917376
278075632891 69125338510828776
30268947991 2482487590347235
48491052491 5033662195088360
255518486147 60887244545959063
41403628204 3971449818728924
25049151052 1868875411553852
22782479071 1621034139321480
48095735879 4972233366849544
26806890832 2069000512719512
255744434521 60968023971820905
13956108916 777206401570810
82637182531 11198384970866920
58236872404 6625046017197364
364277642236 103643424788390540
246362338597 57644024226953088
226718628754 50888961119066754
291634501061 74242269839111101
116782437256 18813027802598426
152065370941 27953619567424901
135571795256 23531332074726320
182151692101 36647341803125376
38065233404 3500935646816634
239466947276 55240953798930876
234905428879 53670096165396104
16836767257 1029860155187008
237837182587 54677975486602472
345333270517 95664452821353728
201671241779 42693196871312359
246869402446 57822080600573826
253354889531 60115541478611176
111354951082 17516876171853762
246332155951 57633431310418251
327257893732 88252727062893562
302551369787 78449754878068968
62554497779 7375300397375464
427380171779 131708739198953239
18594693436 1195291687119226
340563758861 93689430626970165
38165181061 3514733297907840
357714379 3189142944744
343558742276 94928028961349626
311554471879 81977355007725619
17199282247 1063299760291763
27676809902 2170526139911298
34385302162 3005733879829122
29359370041 2371434610026560
2158343552 47267723832602
6237383896 232215723394576
360253213552 101930644664991352
479549990117 156546696524396957
322070939821 86162887031987605
212867358887 46297373354204168
300393492961 77611965858700065
365353914706 104103091964429870
43395021902 4261391150972802
7076514062 280619165207922
58242333052 6625977848110348
233512654529 53193482164198209
9746802391 453609685501960
136662272611 23815815369631415
470835654004 152299011768268794
434069247931 134812937643532520
61977412 229977524218
4475478746 141138697796930
241839608186 56063983488966726
261399566677 63001390829516973
242704153829 56364884573249949
314456617321 83125453781738201
290645559101 73864953035995525
11250225002 562511250200002
21159639187 1450951725255047
44832905404 4474936675892684
434222998561 134884571676618465
2260776904 50672299978784
47581651856 4892726097254426
92441615191 13249317753023651
31729198096 2664279611490330
122121514946 20117809886473730
51833789326 5563026883768050
67739786851 8311084768710376
20263361329 1359745844301649
164008967357 31310787949539333
329643986596 89219683311352826
430919182129 133348084550165329
97769137 455669367168
117813618406 19062753984094170
19235744012 1257632943635322
382679074129 111595085762402944
115313547967 18459200569630907
424859002702 130545009564182402
48930209552 5102197601243352
346536033796 96164673475035130
19803385606 1313710393334970
301792631779 78154835462149864
18370707041 1173759585098401
33623560861 2906409393144101
218242754786 48062074187677726
5144884642 173960554544478
353293672579 98991238353390824
205156955404 43804839575681914
1306090496 22250557723930
7243324981 290599783876301
43574324446 4287829723881730
191992046281 39656789125287545
47312109856 4851210267103176
331771510072 90084812225359642
19341412861 1268010133023040
502460851 5309168859751
422430712 4092649567472
228969227117 51648588561232832
223970870971 49966632145807455
73908398216 9471804682026010
368274646201 105353923896092425
118540430596 19239427993870330
208975629787 45033551634096872
395381261 3705908578101
6912822154 270938847308214
113747567131 18084460287485695
270977183401 66495452338173376
26351766379 2016533786617519
461457354271 147771411825016155
51918503204 5576670266362874
62109620129 7296762392230144
293137142456 74816806595270426
255404834696 60846626199112730
478817726167 156188267399514403
30402204406 2498899057247426
34820681357 3063001235744437
171457531256 33467824271436570
15354616421 896909209116701
10373256667 498037341439807
7188424657 287302164487808
190993210276 39347720873035876
35159553254 3107823231404354
83084980981 11289531825982720
82488456052 11168167057455098
56357148586 6306890927050690
3201160106 85378141240470
306635726287 80043678930936747
466045403077 149980712088803773
185513282641 37666493232312960
8294784401 356119978774001
11269379 17828160744
457425560482 145839009271684958
123565887127 20475773647114248
22410456196 1581490953588730
112694968129 17834016271720129
427602088379 131811336958061919
92989790632 13367344396831258
20548814176 1388579268473626
104245661137 15866432865231793
49486108102 5189393717064698
1764625529 34943114764864
400468198726 119466204661141626
14913076754 858501089612654
97479448112 14347025173418522
164799136672 31537336120075592
365286387481 104074231706298176
101511844072 15246402234287642
33739577029 2921464989011584
25732389512 1945857562659168
422482244591 129451094636762760
63662932379 7572196503260904
178287791231 35487471693763720
264061342561 63966131602013601
147072032426 26588123238431126
230468559427 52156725101551848
443872775504 139405790984842904
184615311547 37393339046752488
75505951504 9780562753727704
301429925021 78013983184977701
83997733129 11476078292045369
157658251216 29509893382730776
96831022486 14204110411757226
122921959052 20315926782649852
192482513741 39808848527299776
1767478241 35027883819776
119960591654 19586205720858434
251296189454 59384305122726274
5070093952 170181083628648
429219191941 132559769093548160
85982031956 11885124313490426
2548658711 60652980051976
344911219291 95489130942892776
488864203202 161129641376038402
50746767491 5388951480384151
231688838122 52571510273751638
400725090704 119581175767758874
57365788561 6476960845423601
205468384447 43904621367985288
145865617382 26261645753815362
2200663654 48664742534234
11689434352 595771504242202
2552515526 60790709814850
290590667129 73844028559328329
43970802976 4346484560506650
52279066336 5634864312530440
1888327786 38681135851990
188174867602 38480004126253698
100657544222 15054342314141442
363063194516 103125558960476276
425371678904 130781373423007514
27274786462 2123405767390818
128812383529 21793595419765184
62613934751 7385814515594376
490470345101 161924370202649525
183499546111 37054858511297915
1408504351 24918320010376
135460385251 23502331687933751
82915004 355871205754
302303275831 78353280688844995
441799530001 138430224867920000
61565580451 7201100205125751
13548308356 743391163500676
458857571326 146524388059266050
16344048802 984984997205598
482409986879 157949230674616379
9892969454 463851658883474
222214111186 49379901288604590
335110693786 91448245524242726
93684539092 13517429864076282
72554022916 9212643798710276
479346309757 156446971411800133
60013974476 6930593814642876
92219878381 13201675209999445
23066835079 1651477746569224
411698722579 124526649851982599
223564130827 49830581727360527
1342526654 23188120402434
231665694271 52563633258276155
151057836076 27676262847478876
245302843529 57272571999087289
89542137337 12630873587797568
215838625732 47270097959917562
325919525296 87711897207564826
356096685571 100171659436217576
151180433002 27709962352258498
121442922196 19950359891868980
170464057996 33177362786798076
41861566576 4037520188737050
144424370182 25873385211179962
19626658751 1296164170706875
285265858781 71823667392666176
235523404957 53882023985098533
8146048621 346584500063701
173720051521 34132457816555201
301174530217 77914854882756032
136528467427 23780847023207223
304848134866 79344754766948526
3448360582 95456368232762
164688926656 31505705321690920
42573182302 4140908958920098
100511775547 15021652375423967
1662078341 31941821595776
21827648392 1520201124165728
190618237847 39231902004654088
371047620526 106546076869534850
84229470704 11523602346229274
384576339592 112426021580004378
191778321541 39590588847122560
17269832477 1069848852241573
383752388702 112064907558896898
127543559392 21472383369177882
409612508606 123581322684559426
1771166404 35137579939834
175856819986 34764138221447790
28614419926 2281751997618626
38825279812 3606311999043268
269960009029 66121394998632509
218723987902 48221129809247298
77976361687 10264470355172643
179930106787 35978944106932968
83152255111 11303246363948915
355436206279 99893094679301939
52109443036 5607462425690490
23720489146 1722170766782530
851214431 11706752097051
47736946567 4916698636505203
420923769004 128735465820718044
127573359761 21479909303375601
19491178081 1282766406117120
13808644021 764920629891405
148475714779 26969673243775039
305893781197 79753340386359413
420191904451 128399861075289175
11678428036 594930266730490
65312750332 7868444741904762
76376194031 9950137806231176
138168942682 24210745094432358
189554635622 38904003860834138
259767310079 62412213454681224
14530095686 825643627279226
250074052867 58951623643161832
35440670731 3145170510643176
189786216466 38975319820806510
42552175402 4137844456577302
195746177972 40825605862969338
483214787057 158344653571363712
1489897579 27109183118824
485204601872 159323723889754138
47176858036 4830422768891476
417238841254 127048670843996994
308032827652 80591347442380548
141634652566 25127356500538026
143307573931 25573857567830895
14766896 26742852280
318786352922 84848175694251842
264056982256 63964547249219320
105782290742 16218540816870082
228731086621 51568033428719680
163019072504 31027746108211994
335679911296 91681344946924826
98412439426 14553493975784450
63258577279 7500168870552059
212236874887 46091835847768947
441072269926 138088553883618626
156352599601 29144072448466001
324780842 2759013269782
356143946407 100191602150267912
138965438837 24420396567177472
102454385447 15459239766014163
428913494956 132418177356053370
136336237291 23730640017807151
52200197606 5622117882974426
365198355029 104036611786166189
34844436092 3066136154091532
189792377461 38977217710695565
10691533336 521133845649690
207641468101 44602979266446525
213281887522 46432675511337438
338130994777 92687341185503552
211451873206 45836352071340426
55180911529 6110476632022464
191717633032 39571797575771162
435098497747 135292717612390888
309642396932 81223845351742212
388305628141 114065296007843776
275859207254 68300532842927554
405302006281 121635725508266176
234438199886 53510050248036226
469280422822 151545039796169538
306049452529 79814228659622784
166316532397 31973909842954688
269710237379 66029651184904279
145047942316 26041133974748026
9482504042 435284865635778
233098019506 53051866050583426
336243051379 91912150176013479
277518832537 68917824291127593
333891984791 90949839413719651
22994937379 1643762438764279
53767238851 5877171422130775
8311665847 357207692637192
108372824021 16817945068833280
253273746782 60086663687036162
348831721954 97121844304230174
67834783612 8328573839370618
410595142111 124026284737315976
12382737136 649552986889976
115186320407 18428659402235912
2201526191 48693356336776
135543678131 23524011971016551
583879879 6650586471219
456998114497 145634635801492992
114397163651 18239598169997975
451971813421 143238605795474880
55471975904 6158887068915464
296756924402 76206881430022798
197737795147 41450258007322063
197854152932 41486850203812858
99336502129 14758953916280704
52140762202 5612518544908902
52922569792 5739223363023528
489405227227 161397197781109823
58577628061 6683277792715840
2427825404 56391100705164
475624063541 154628236802210560
271071422057 66530143401628608
21248189732 1460069357571812
122578096279 20230738463235939
92422267081 13245158325354176
342536609587 94504708796906472
159605912 950453217872
96129066629 14049935991587069
5103479936 171864790392090
499461644992 166397311901901082
2570337452 61428494813148
157245235616 29394009139308360
151855329451 27895722783629800
375133463111 108310784270764040
138247279879 24231338063568904
339187718431 93122179094615176
893862622 12597503914242
334365299921 91143299644810880
115691803777 18550100945794048
423955196611 130128666729995351
66703233377 8121051960659873
335459538157 91591076802782037
445728966536 140281157535738976
408202656577 122943836783985152
47197133467 4833537100449407
124564130629 20724398755109504
861021254 11909646012994
202357088707 42911169708001512
37904268112 3478752649454618
103750374004 15753491372529044
180899019757 36269951963313237
190578723511 39219703721669640
120177678931 19639396232004551
155330379766 28858727703510210
78901199147 10447623384115688
384213341701 112266882303388800
369017384506 105672802274069570
232162860406 52732930399732170
166115309816 31915900590642160
265209352552 64383725279006848
77712391681 10212392624107520
109134416029 16995538986646309
21036184171 1438271960153576
46418759779 4714459445477559
466829676931 150359458934534551
61624194779 7211386521662184
120689073254 19764887459915354
1527469357 28141077157312
129913610779 22073664912336639
452782223467 143624030558445032
235637349266 53921130270345710
411705981911 124529943467170851
176194429877 34864296617877248
80983202476 10863869618022876
402863973877 120539855320405248
331299221002 89892521965752002
213558899654 46523165613360634
13920212086 774209715839690
26813837677 2069804820171477
442076873366 138560596496605610
3525858326 98692300459050
361906072607 102632943131186312
7019880806 277257212392770
638155676 7599157813626
32245936129 2729629242134529
194622797461 40474665200126976
25731255232 1945728904114458
59948166931 6919197444684551
108649542782 16882400555949058
33192920686 2850751864675090
110640196811 17348493500475215
491320497404 162345557996372364
278097260221 69133403006963205
64349884379 7695087874048744
141336228616 25047983332291610
325603921826 87584524536435550
72862522931 9271464593132520
181500413761 36450970096574976
144987086279 26024747026180659
315129475217 83392397897728753
50373125716 5329543865132026
62983215904 7451250352164634
77743539722 10218533117782838
4912932376 162329836345626
111856222654 17635289349352514
314715201662 83228008656053122
68342557196 8422263378852730
5104490281 171915829737920
398569579552 118617628288433352
250642974121 59152911560240576
182070904 1158031652464
48546812602 5042347055656198
175056515957 34527096868657408
9418712626 430899823589250
138158429312 24207981825969768
268924212272 65741212932502042
49714770151 5225403489651475
198921204379 41822917992832744
288386328241 73005383509819776
347803437466 96692717715999526
133144254497 22902143216372992
79177524892 10502555574581228
88097759647 12326491700488667
98697912779 14616864789127759
154683947737 28678764840021993
119013203261 19354641193848640
2251372754 50356454433454
97981684504 14458046723459354
162472515781 30871835983969920
305768647037 79704407455009093
10337422579 495458881077224
258720342112 62035273711182618
44752092379 4462842743238719
149811611132 27334476755898508
325920332662 87712223127090122
28496603279 2267674199292139
13451198191 735412875073160
3080143829 80582722906624
51800631257 5557689727778112
305551287316 79619434094604276
12317043629 644390771643029
428373696422 132168278426178842
297726105341 76580513364115776
182965010582 36893064734157762
244652573257 57044988099939008
46785416672 4770428225747738
132934312501 22847996338578125
35273406422 3122931037748842
452066894371 143283807683240680
25510322504 1920723202121754
477498520181 155543232955531520
408422249116 123043056599034860
88890355621 12493213551508701
123975856379 20577760593831144
309289945252 81085204690811748
208199914696 44783038251852576
185585774942 37688573589852578
5995070251 218816067521000
10381900657 498659991819537
68453515046 8442782731960130
414893544202 125978967251342902
367217215537 104900493848255872
32362605667 2744456836083432
75798073982 9837377233939458
395090716582 117068013261949762
97485629791 14348389925872776
115178161036 18426701308223740
165823782217 31831920156917753
172275401621 33707577356957805
147877981696 26806975473589480
5227889132 178187373243258
153531413779 28358838616626439
477201485581 155398118705514176
10570798102 512331348107202
76333989629 9941891477520704
80115441617 10689723259781553
158758517842 29819347809108782
158600217616 29774758987776026
228873820736 51616310674295976
163338987904 31119126190533914
20845042472 1418713590780442
335507866591 91610870317040776
178174949726 35453786021726626
382857563827 111673170409522152
7149867572 284993721499642
77611105154 10192433606822014
84068245991 11490531930569235
191494778092 39502819457084282
395880473146 117419204016958530
42668069627 4154760612054248
30524880904 2514039366378464
47312417467 4851257579213032
184945409392 37493674604096632
104412389852 15904512872120698
195322812637 40693229247188197
187289442407 38208731856417683
13124997172 708824222379988
41659555576 4008329686011376
3884638297 114133262983488
377731286552 109437819265571098
452723225476 143595959919046650
252629337521 59857489974024576
67286709904 8227841316208984
196020327647 40911402583622792
395075605061 117061296855771965
225212771954 50382799639820674
12935476591 693526953882635
488976933071 161185378264317576
172855242407 33877898959739912
130784669642 22296039696239478
220454972056 48794695180420176
421722392029 129102016446580709
77029891261 10078154470133765
104872611211 16009782912702440
261113317879 62897933426674179
37198872421 3382096681450880
9131342231 411330442227720
212409561872 46148101412745242
316977968792 84127220829802778
3831231881 111787683882176
292759781029 74672383202297309
3057111722 79680559974338
10942604017 539598041850257
1285878829 21736067132949
275033856946 67994236826493826
119806 19488770
7576374157 310871259034037
153023141506 28218130394355070
1875811876 38297200571876
63402714754 7525817704584194
29346043981 2369820217817845
301142612 2463346582522
20707244266 1404669012505026
15453786916 905612518444026
48566133631 5045357547309051
244866668146 57119884434438530
447047057396 140903867927160826
236664088067 54273938652775703
7102234154 282150456315414
27680103829 2170913636660224
138596649787 24323250049136872
212001091436 46015048897709340
35620607506 3169153576450926
164340171472 31405680668967192
297592623904 76529018361208264
104843302571 16003072018137576
89619596662 12647266847218122
195057895529 40610468675867609
97789214404 14415466656041284
56 176
298778027654 76986731942176834
241015483471 55777650970694955
25168368262 1882233199535418
122449890502 20199007404498498
490087125704 161734632528488474
155954143829 29032735323866624
87164189102 12131076018549202
36300169291 3260275504937935
30647556832 2529210059430408
85746237787 11836267753997247
52549740146 5678682569613326
5987531 6903625551
490349520754 161864540251395854
120324802081 19675471528344801
3787676167 109886798456307
91813195387 13114443807372447
208985327272 45036686336425792
5037520126 168543669269250
335785617766 91724654420517210
337747887556 92529861605906426
30391355612 2497561604358522
311721841321 82043422212446105
63692542 239590119682
616092754 7208490609454
340341788131 93597848943507176
69376076266 8614034259098710
398922324032 118775132757883162
92628320906 13289477828991670
327168098506 88216406465335926
121064720212 19857237184033972
219070698004 48335831831609844
569075717 6399256460157
148966559029 27103521960816589
12554548112 663118676833368
219536276626 48490001921450626
414166943257 125648172522494633
94199918276 13629126776215876
5323726892 183109586519132
45948900232 4643059787145312
40730432992 3874984780561178
150700225501 27578040800232000
2520464501 59649312928000
337389640526 92382681810814850
260753560936 62767988764019840
329857568107 89306407657489583
92596472971 13282624527575951
307516580921 80388831968824201
37956599527 3485959405143048
44010252904 4352335280801664
96290931062 14085437396041922
137882071279 24135383324620939
209187085972 45101921129481588
244864568722 57119149838632942
40002768379 3771607679778079
52782441779 5716444009765864
2354180654 53844819964034
188858897579 38690011476238824
8317726732 357598480323708
205593406942 43944699829516578
775845137 10186846675072
63200612686 7489862475913090
12802480121 682858684800576
120262999396 19660314527919780
28589067641 2278720225552960
16846310791 1030735910432776
441729972776 138397534311129626
482034839386 157765021905018726
179501445697 35850447571710913
335213854207 91490475919019387
418717274056 127724540271679520
11146663396 554762006209530
492478005026 162919603711342850
24400282687 1796731082659643
170426691052 33166454301533852
201125432029 42519994627484389
59238713116 6796734003356026
268822281904 65703839602345784
269211774652 65846687437138298
3651663071 104021274297480
111151645796 17468926108551076
5768937406 206552957935170
23353603022 1682370208245938
218098091927 48014294938169352
385647040262 112895857155044418
397934140556 118334073311873020
129509198392 21970674301015728
369154851626 105731855983885250
207116594246 44433965663588930
305590375091 79634712616610151
469383120551 151594788912520200
71882859031 9085106826509795
78830902712 10433664128711472
327829312129 88483972531528704
425331096142 130762657982254978
310867307752 81706290721343002
272480324006 67049505808972570
28451739241 2262321078080985
33126479107 2842196696753687
57993111029 6583493950461184
108147610351 16765547245770376
274374911477 67750025016952077
1331305801 22898016043001
92524189879 13267074428433219
316073320427 83767331746695727
96722795401 14180303347511225
306417275704 79958158148194074
483072252202 158274597832538902
10107220754 479001406068354
186742688546 38041539826801630
329695954436 89240782163460090
115515816154 18507790043426114
27395435776 2137510612954600
313704472187 82827391792061672
233279675827 53113894191666152
268828881127 65706259029279752
1033055786 15651828243990
409498472621 123529718749926805
232990834507 53015278129458383
188930811161 38712112138109865
296852461504 76243685164021544
125112472 659634667088
118233754 605987410754
199031177 1323557340352
20640954611 1397929292120040
2401279651 55468759557751
182697732961 36812253408669440
184446425296 37342039551564826
200057537332 42181798317645012
143639692121 25662811034387305
204960382 1383140991362
18658193726 1201419752339650
3405971846 93701691510330
64810620436 7777879351684090
1041116897 15835388033792
136079967206 23663761977602370
441666060154 138367498877992514
8995763779 402203597236439
287289201046 72589170902664130
37531287301 3427532302517376
144967879 822741047304
58806836827 6722542756665023
104300461357 15878945605037333
13334016557 725823857372608
487602319051 160506168306058575
356881114591 100502837165364635
57233763616 6454614003704776
1771880686 35158837865090
2094565727 45188161037448
419697935206 128173511023535426
56099603242 6263707700870082
101695192 483391155482
233463452861 53176671048964101
234527225251 53540532955974376
403603056682 120871716087485462
7665015206 316342842649370
281113891472 70261324921120088
164209483582 31368226074622658
494210357722 163779994655446338
271016938336 66510086159569690
29272441781 2360910247124301
131316594004 22432200943272954
359963821856 101807847808454426
390200871907 114901410215384808
219981123457 48637459761579137
104203657387 15856844217646447
2850464761 71739547000265
68257550461 8406554409989440
414183325732 125655627666723812
351066275212 98056555374205818
62992444097 7452888031129088
409934791312 123727201939043672
34678586404 3044271267179514
16354536797 985933250927717
104242921504 15865807400853704
7063790371 279862665384680
89364488467 12593303291377128
241093944004 55804890113996794
361892460391 102627152749728776
126006267037 21085342699149093
443044965827 139015991108028648
17107782826 1054825971014550
275959491329 68337780554734849
92196259346 13196603778035330
94540956031 13703207358551176
3344597579 91180419253224
24965733332 1859547681649658
42699624797 4159370451670592
10094286742 478082244007082
64287836026 7683960742689350
18185056696 1156011930920730
87711169196 12245444042901980
77522090647 10174903601165667
58798263427 6721072697199848
223199182516 49708615538856276
1812471529 36373886998464
445460862442 140154608715984982
24218593571 1776700243108855
264093319231 63977750988577595
209176090202 45098365047982402
63091512254 7470476691696194
282483975547 70775606783200488
91962379681 13146420679330145
233466186151 53177604906875475
89276575291 12574724665452776
344867201254 95470851836769754
20494519654 1383079490491714
147268428829 26641398759766949
1897803637 38972662929293
71443082 284629246658
389790197392 114720062505488728
388216626436 114026081678574340
98118962579 14488442252635624
7315842242 294974759278082
69780821411 8689526567275240
328004236597 88554802466489088
335255614129 91507572869570944
104437981936 15910360669720090
368758843867 105561767083242303
105088430476 16059228621402876
186024075904 37822167081106714
1084266029 16829977333184
494962253776 164153901490637850
69667672727 8668400179305827
71598388492 9031229795597178
260796169792 62783374459754778
22089392579 1547627023010024
262010387 1999139268072
49923418106 5258333782479426
147540996506 26715395778700070
147340618436 26660990225119226
267937986631 65379905368967176
359058209654 101423890597949634
105430712807 16137752056109587
157305807254 29410994865232554
37685419454 3448668105257474
138371929081 24264117376396745
338978547272 93036052084822042
322025194129 86144530315058304
148790307296 27055434317839130
108125752907 16760464832671183
159322504342 29978387954874282
286068589004 72127045483260794
128776856254 21784579814164994
311358738251 81900113868807375
4005348754 119494239670254
52681768504 5700097109991194
66027781316 7998011178830660
47586279251 4893439854423751
5823633004 209497432546844
15974619397 951778473538688
324680591536 87212237239294490
180003300016 36000900008000026
208996964551 45040448171233075
25554839776 1925753097710600
30552066029 2517398584756309
213353083379 46455927081545704
101087390342 15150876977368378
27782548504 2182976705460944
6762670552 262159432472848
83357915587 11345206813465943
113369172536 17994295172748976
216164029 1498088789509
7776354406 323260460622426
290788912579 73919607804102999
38673003217 3585116308412032
144355047904 25854758973553434
12803600254 682948305521794
207871591372 44677148228709242
385223847877 112710077491930752
204191492677 43495986940678973
141266056954 25029331616721474
29795700442 2424496008928578
31001371507 2573134502828008
43238729486 4238389980602226
220432396277 48787200106449677
181324527707 36397997745138408
12018778321 621126457473201
430933107529 133354548435374784
229544793142 51843456680882882
4255630897 130867742862417
373152534106 107453998795163970
308281690721 80689033166456576
4682748701 151056107661376
136786205362 23848218951195522
239872660567 55381400084403107
22074681904 1546081287787034
152678682937 28122904468420672
205016697292 43759925631716028
92165773792 13190058941131528
476857666237 155230204470338368
8526286406 371132194767426
334289252612 91112207246208772
35321497579 3129319852021224
13453330529 735587753443489
10441931329 502991312858049
77047162427 10081544156672223
143637548191 25662236480978651
25037513426 1867573164107950
341395347517 94032796536141632
288497219402 73047495953092802
145435997476 26145707967941626
27404331329 2138551804077249
119423374841 19454784302173760
91748500796 13100584931944826
306111262682 79838408976927462
282786969082 70889508721592262
18334305796 1170272627651076
384885110296 112561446637164826
102655468829 15504774045827749
111387516046 17524560770659826
16922388466 1037725987227010
27665988379 2169253260969704
365296936 3291081880090
123643450561 20495055936355840
192645728122 39859492807981638
85610461367 11808165326164803
246481683442 57685915908744578
3772199512 109213977729168
138674581481 24343768081014720
47274588817 4845440497395953
404569464482 121306108230882562
45757208842 4614034920605378
5103985096 171890308802080
303104697716 78665065303450260
241027980754 55781989355623854
219479957071 48471343759729451
9024491032 404131749320912
801660862 10699500331522
382802437567 111649052147062203
454712240704 144543320792635674
268124688196 65448253265275076
6595778086 252514966913690
42426534161 4119531614158976
270433422767 66295401424706507
688520387 8516308691543
54397666 189104426526
23639968081 1713409126677120
195194705267 40653201266374632
64991841779 7810524569715239
6263882629 233697109119104
414483728527 125792357577480427
305281649806 79514065551191426
24826715866 1844037423383526
135208060121 23436694725600576
397634101 3737628023501
194972960197 40583946620355517
171810237337 33571147675249472
6758368192 261909295411482
5392255477 186656518242573
2468901316 57828252604410
188511815254 38583404438434794
407873830079 122795311031846024
6160000511 227907698979976
14663538127 837043634863752
302674287862 78497567643235522
171891727616 33595034920844776
29928156841 2440681094755776
14435468656 817591262028920
133836117136 23080886029189976
51174883082 5457289532077762
343809123379 95031821381577704
228055227121 51339640693111680
94840879 435351257419
415103994904 126074831860857114
285927160156 72073563951973676
149685740527 27300034624406923
74533323187 9592190250013672
8765211004 386840900801804
101926802252 15339983739227002
218049881632 47998375561272008
121886878246 20059858019339930
353461810079 99061913816921224
75712440412 9820711121060218
5934778879 215523473323144
232855693666 52969159391386526
226209168511 50717528238681851
254585007142 60553892565890882
184431241471 37337428588323451
41921193791 4046149782512776
480829856404 157173823738612084
332783175754 90497167742811894
261771345704 63135845556793024
1918870276 39623391993850
662607407 8040078300808
88661131157 12444919675133037
51922047877 5577241387621373
43703722129 4306943544380544
61760132786 7235261316246990
44069609404 4361143236687564
23761891001 1726681571624000
26163395626 1994950195503126
487620094654 160514945298893634
156326877436 29136880833363340
229388980447 51790679375840392
398399960567 118541916267503107
21550644637 1491354893856293
305201953687 79482930927349768
447304288204 141025499579870074
17418644629 1083706781932544
427889740987 131944365791195368
294914688007 75498356740096008
1504562941 27510431891776
420070905529 128344403790521609
416482808116 126703510506479610
55930240741 6235364245819776
17804128052 1119879654596602
460265914847 147199483291518088
337159673866 92288245023612610
59255924641 6799696360683776
23159501372 1661439469069388
14624518777 833704816874048
9980231122 470002351066242
3070654162 80210604520622
262874491156 63535362515602426
39394701166 3685938951649810
124433393546 20691780146309826
51148013204 5452991983918074
15678751741 925459226632901
20292360697 1362665841539017
52131720652 5611058734671548
42910876582 4190275705678658
4802539016 156889344640026
151601378842 27825776147507878
307340936137 80319968015672697
416562214147 126739747925190167
32997392066 2825599680174910
214892895991 46959756620731651
103613307032 15722283209339162
6483017647 246067256879563
970972279 14262288178184
16967491006 1041877473685570
138158429312 24207981825969768
6754764566 261699843658026
43379998526 4259178395474626
212038208867 46027133999193832
244821182641 57103969602053585
114523954756 18269930153240570
482493481954 157990239030243074
37060167376 3363197836164376
334516602541 91205171144609685
262814312504 63513546460387504
127201861921 21386152240769505
275992180447 68349923475162267
260140090861 62546609319918165
95743598029 13965512268661109
329318468831 89087561507171995
1246277776 20739723929626
372376301546 107118884032202326
926414491 13291886340735
491210471207 162291027582741512
163331557741 31117002835702485
241819439962 56056970442854722
37783767961 3462177036806976
107647304002 16649342038647998
368530441504 105463707724057544
223730662276 49886269844549626
213502045241 46504588490739776
13762483372 761088268054492
54436965781 5987322264264301
19884267911 1321766940980851
23628662579 1712180147944424
522986312 5637792464922
328102537 2801448845497
113318228017 17982167422393728
115181040781 18427392384389301
973794647 14324519286792
31112277077 2586954726841773
98148644986 14495017202622790
15823938152 938343708594048
4721247379 152922776419719
349186798829 97270173055961024
340569536017 93691814590613632
90904855637 12920307131971072
369919119592 106060373923408128
168352076 1029641309050
413938532504 125544245400809754
36215882147 3248926787586792
1116021391 17574732889835
73846127279 9459836596950664
15431292004 903635884815354
309704568826 81248309525762626
347524927057 96576598021484337
34693862821 3046283060552576
150595384837 27549267122445693
392805059032 116053600016496912
20213466581 1354726743859245
364160714654 103593526819621634
192996593687 39968436573429768
123204246211 20385949531551976
12971530847 696428519751963
252150475012 59687379442147322
12059277952 624268622085402
19330597001 1266946658173625
38021099404 3494848762600314
287633440417 72719678162358528
210906614657 45659173007526912
169892908417 33010758415506432
318704114632 84815344976383008
386726264992 113370093670541082
77187758872 10109152133462992
437466469132 136398691166384508
54697615876 6030375685472250
451263775106 142902150927225470
432233802029 133958764393051584
20469220279 1380519269558339
365983329026 104372223722192126
62227040591 7317464384452651
82927706632 11257491460703258
487320915181 160367241887811520
3165175267 83942558250728
260947134254 62837896558784594
343285504 2998141180904
183803785972 37147051484988692
414919050536 125990584614914240
32229177442 2727501571789982
190194290147 39101093140282167
181940501926 36583625778338626
55732084454 6202256482854874
15350235721 896525400656576
356031707042 100144242525629278
39757065154 3736912329918014
104595716626 15946418900432750
44366396141 4405272572226901
19716061 41259147840
218719358137 48219598759851072
438078420529 136684994016017489
12812723161 683678366162240
164266796432 31384649859883608
168139395461 32501008864206976
589669312 6749748080922
88217010821 12351528336360701
274492707581 67793659933434176
86598526366 12013178507172610
476255304562 154936169439601422
158250946 938375371326
104373550717 15895639489117253
250720153751 59180235812011875
256948789412 61399197974422372
20329848904 1366443687751584
156566287154 29203839844347214
131922013654 22587511282162114
56853100207 6390326365558408
493116356779 163236471957333359
67118800921 8197062546190505
168375495754 32569489520900854
99657685129 14830591631998144
41174025167 3938460203515528
238392708257 54869657696432737
229779289279 51922919626441864
333813540071 90917789587822355
362359675861 102825959713733165
112110831961 17695536346762601
189345964511 38839780316693640
8441617081 365617691354176
1470582029 26583711374389
368333866072 105379336860128538
165507194792 31740804310398528
74415997579 9569550014261224
42323187271 4104488594006451
249000952279 58572577005377059
51907869911 5574957136526115
65403136957 7884784181320512
123756856279 20523259513645064
301923166351 78205547523530376
42506386666 4131167382671810
147297736762 26649352031570822
154597191379 28654640954865479
177187770866 35159546561108110
414402700079 125755472171980424
107504903587 16616316248394472
35110247537 3101288165119872
146911540486 26544613752047290
30864570832 2556121450949658
14370634279 812089333430739
10519098536 508577376115226
27756389467 2179894307597032
9450168982 433060293804458
144334093282 25849129545782558
264368107654 64077630056363834
378312117562 109690337447289922
232754704904 52934704272656864
243457186529 56627411215551009
170221246076 33106500370956300
278370284326 69235236427017626
144789526876 25971573120565626
347509920682 96570342715358358
185180243879 37565108732968019
222147450736 49357683243922040
206012990779 44079294888468959
88615658567 12435346751329203
13158718652 711557711215052
95877986051 13994926112212200
142243645252 25289592518805498
13778083001 762382666805001
350234700271 97708359937261451
57958037881 6577522483919945
320848161271 85672662124342280
195344063776 40699870573458376
480210290056 156870135383150176
292906716421 74728607111995005
409427886872 123497780657238992
186332231954 37916186884030574
213321729611 46445686901720040
293372255029 74906835667816909
452272303351 143381476213050376
173613968431 34101197808287051
115713931916 18555423266642810
5965651066 217207366835526
25276850062 1894415656129922
154582178326 28650467040882626
376784481487 109026608753311368
60997386004 7101640998210554
12193675531 634733650753295
276277549471 68455959115903451
1689112504 32724302653744
199829885392 42109818699268632
45543581722 4581760227403942
72171312851 9139847231016775
156808120106 29271528588680470
351027731329 98040407231335424
106319285629 16342195635293504
6062931904 222541936587034
410566144367 124013146171233928
9334083397 425105271601792
16149010187 967406455372047
47888470982 4940126778238458
4636893151 148842724580251
115685069546 18548481311048130
5011056106 167217271971926
11062909379 548521172928744
221112832501 49013270833887501
193017717904 39974998806161434
376248196846 108793921943517826
18147315817 1152415045559232
171710599232 33541948454369562
65624667187 7924878559521768
59933624872 6916679934333888
97301146954 14307679587860674
179162476504 35748945866322704
72589834801 9219465542047825
236325718757 54157583339406237
174876684301 34473907114475200
153329222029 28302836655739584
161560027267 30612124700218007
350873576957 97975832388569408
21260147911 1461302093368115
89260941422 12571421729214738
492535568779 162948169076185064
373800732481 107734105910878720
397644256156 118204791970210170
281449160246 70387057588101826
857249122 11831466659742
89867013226 12699676796999126
47737255556 4916746373451770
200111307397 42198805466609792
491451355406 162410420873037170
164019849379 31313904217856744
43607098861 4292668276374101
120024766327 19601924729531523
349503596212 97402574722885972
110823730616 17391678869613360
335099232497 91443554060489617
131640166387 22515163618453543
395410793122 117210303369770242
302203755767 78314592288757507
25413062182 1909749268023962
344601491654 95360536981489914
394039822192 116601243211678328
48173924801 4984363303667200
45478113256 4571884407084570
6439933306 243618383752770
459711523546 146933610105109826
28527169231 2271323705275051
6709626562 259081047057922
234233505682 53439983932628462
249181642327 58636344285743523
107600445254 16638472050825794
332294677477 90297977187928448
311749477391 82054332946701960
467810946451 150833788473126376
54068037221 5926559764124701
256770320654 61335240035740034
454107835507 144255225151916008
251506078762 59458719751316418
81348636404 10937486862059514
89228410462 12564549905470722
451494658154 143011835960229314
85719872 374081530138
176726717941 35022404966012160
30929699971 2564216466361576
195510362587 40751854127446847
5552841037 195056498123968
36487404592 3285532671603128
57144141146 6439458977685826
42217641754 4089144490297154
137169339652 23948486456418298
286865629976 72428694853735376
273006186202 67243698713596902
343126179407 94748804424924808
475587002122 154610163810498242
453061088561 143756736462128465
74799577591 9643635273947651
244712034667 57065786065993903
375092753779 108293153975030439
6656329891 256000228908151
22158177356 1554861463388220
34927112851 3077055357607400
303409983592 78783942023324032
119783832697 19542931944563017
113671265611 18066266819358415
230633567362 52212748926257022
295152048829 75589521929798149
458911219466 146550085558569526
2663660567 64804197983203
364959951482 103934754823419458
84667153754 11613539479249254
64119058357 7653721012158208
9835942897 459846723766417
344597340754 95358813986484354
162019081147 30742688597139688
279860844586 69792070571148226
8314889447 357415522965267
158611481926 29777931099138626
248219658821 58297117290828605
103133604862 15613224551019522
153743165356 28417527950720220
294163291801 75210003522870825
146801524027 26514801931704552
326060829571 87768945417516951
261361246511 62987537687139976
406164986572 122024417693084538
1993108817 41944975095857
292801102882 74688193325488862
162840399271 30976749192771155
181339583107 36402531038994583
35268891256 3122331430476570
404027234822 121062316615428538
281853698611 70538867493245415
307043865704 80203542248795674
91338585529 13012886495820864
379415880496 110170736276283930
10716136 16531428890
374365555279 107978381898217259
3607444271 102137569701451
461417006404 147752031483622084
14966489567 863117453444232
349396587892 97357845164782228
46014706567 4653037804728328
39612539716 3716554109782010
100870780747 15102205175772367
43685098321 4304190805869105
5625793702 198913063256898
476584262057 155096722738908608
14276497 25421685888
299540709007 77281702618128008
342627661702 94542392786190402
461083723661 147591977777078976
25265834029 1893177365887509
327135742886 88203320404691226
310437722947 81536985328759767
153918441866 28466138394393526
17793750982 1118900718125562
23214199129 1667328900318569
260096093147 62530742138323688
491528688779 162448757056054159
70936189471 8906227751507080
2125031029 46177632647309
5295285506 181644178780926
321321762076 85862423082688876
54798872041 6047128595107776
222735740767 49553876380052507
19002458827 1234824113779023
82839763204 11239588618772474
144892865404 25999382577965434
168773818567 32685131509649203
71109181522 8938827069595438
7896411616 330775418403610
10977248536 542162646208976
9804130436 457617592324090
95922219001 14004612000365001
41682073357 4011579998241333
13212795521 715948538209280
290810266121 73927750181926201
38656596379 3582835093444479
103949988781 15798977645169301
144461456371 25883351753625576
14897710192 857174517335578
374245289282 107926353504877058
285604349437 71951542142568768
421730657602 129105811981171202
12510377111 659622143660040
471454000096 152599130692387080
97836097727 14425834774043323
175310448779 34602250449047439
409423362352 123495733531378202
253152057026 60043364342072126
424243462412 130261409673444218
73883794216 9467075344192026
489817872496 161601365585036826
35508593296 3154216506463576
140815672706 24909729239354370
234410126161 53500438871394865
220717998622 48882047291926242
259173720667 62198410093431528
16390184932 989158587556858
1397486279 24626503243784
14385217772 813325827724188
318411975079 84698752882121299
380427912586 110611824961740726
224345827091 50092160619152135
11192997391 558224627981960
42255425279 4094635220579464
121696864576 20012968248609050
144857876879 25989965696358379
314083206166 82977432848719810
416889958171 126889352422393576
43111490704 4219695228315674
44720385712 4458100717852472
133359010129 22957575782038144
1963172 1295694842
277560554581 68933366493091245
134390794462 23224521160638722
106540742029 16393281921987264
330864686779 89715724432330984
8551181 11783530176
123732977071 20517319769593480
300093602404 77495771760522234
2837040802 71233366187102
62663133106 7394521246987470
4495273972 142076130797588
46944922906 4794844887669670
73038611101 9305094708318501
9915488254 465436323899394
24531900257 1811288323723008
183915969787 37181065505776872
182128153417 36640238357912057
439428281602 137317236670621698
44977652776 4496625843929626
39064457371 3639687579385576
41136154697 3933027750771392
272035362467 66885334570253032
8208712516 350591375406276
294628292266 75388407121797526
305166015704 79468892482030874
31629082 83838158658
222278781377 49401459161482752
448061278204 141383645385271674
14776094279 846699754489864
327053243297 88169956807734113
355333351556 99849737787852676
307520502136 80390369559571226
252203028221 59706040495456576
39523082977 3703971593181952
16065012377 959868424632873
18632124281 1198902669113920
129538209511 21978057137619976
284178458566 71413383555068410
75851424796 9847765197716076
465360186692 149650063476869828
232041584467 52691616265246407
79068924946 10480954990173826
26801334004 2068357216801044
23299172912 1676491987026872
41420607932 3973893125187962
58312320257 6637924664363008
210963772021 45677735275905280
1890479306 38747263896770
269840985766 66077671177920026
449603729246 142114343570541826
108329996779 16807976760554984
135083285201 23404259827701376
379437658546 110180221934631630
12846201617 686359706301553
458644925629 146422545389338629
185919178006 37790180014143426
159157716916 29931889927039060
375232214072 108353555064864538
17346673192 1076997116371482
75364178204 9753029029994874
425138221 4132060102080
259771822 1973573137538
198122849941 41571391153089901
11590868641 588252038123776
415513205422 126261305210181842
106658022592 16420358105088282
3637319987 103409007287272
471482160517 152612803252633728
39028128806 3634611579631426
330792292132 89686280733025508
35831243452 3197305459635148
145615646 828261805826
209875866904 45324862175642064
82849125331 11241494036308551
476347049831 154980941704316051
32583811561 2772643416059840
22074471787 1546059213315247
358911621391 101361786281289835
37597070221 3436547671376576
56001167779 6247228938865384
173074036997 33942241692021888
277266332116 68823788335215610
41373706312 3967145412388768
64219366537 7671688339659968
55651986254 6188890435570994
91248424807 12993623612093587
9248476007 419270411392008
468674154029 151251460337192384
194851834454 40546133676445674
156664789162 29231404129357718
118686061237 19274893279356493
10742188601 524841850765376
181620932861 36487282170310976
343370601952 94850062575824648
286178277154 72168533325959134
458170003397 146195175534569917
328592519116 88793146762783610
3199800004 85323733759994
384930734654 112581461826309634
299953394917 77441467577862557
144508501 818833347501
166837161836 32124161837583226
187957760641 38413428763304960
204550795856 43610843329313176
364556808022 103762589078511042
158566990232 29765402571775312
41927564254 4047072115665154
90160201762 12761876025688322
197643476122 41420604459417638
24513076072 1809203921692288
21608190556 1497332361986426
371185465246 106605455447132930
105585978346 16173413796063830
93535693904 13485228061815834
13103133787 707053834676968
431660325826 133692253360920126
267495288166 65217937043144026
453158188022 143802953596596042
1497713816 27322793181776
28891152011 2314932446193640
26346945577 2015980452553152
91165140502 12975838331736002
92698061177 13304489230715977
27655874521 2168063845980905
155344314316 28862611130217660
236662024106 54273228664639426
22857037337 1628998194113193
13798674751 764092415330875
252753887 1894137644168
28377123797 2253427400878592
218647933687 48195980961909768
90930440927 12925762178057352
32105146504 2711771901344794
125984179631 21079798920373195
177495671767 35251232065562632
71111067127 8939182619274248
372618841357 107223555726661312
308457604081 80758107878581120
244117046954 56857789640615874
84171608957 11511730099277637
24928207256 1855356609798426
480654337417 157087770991502528
159957053246 30157662991164930
213102970591 46374260876948635
481839466957 157669116509880512
4528997552 143677918403098
404237609129 121156883495915929
397885967831 118312586193046051
156069772166 29065029740618810
376188344107 108767962912808687
129979884454 22090557956206874
285197882636 71797996558351226
354200406946 99372577104493826
19757638721 1309160899424705
409578115129 123565758079909769
3861227504 113103076105754
2630046602 63581376651702
122694975397 20259680626158813
251713217576 59532189662937626
443056261781 139021307709746176
59213244647 6792351293686792
321760414504 86038305825018394
385959754756 113033203004440570
3468070687 96275954373768
469675773802 151736586656945602
2321972732 52743610652812
30558987811 2518254136047351
395563764332 117278327104801658
11976334762 617839149916822
435818950921 135628891349008576
307805249137 80502051037067793
132844093526 22824740773606850
47013891481 4805415218854720
403349734531 120757935872454295
136666977892 23817045348905978
260658245254 62733575632660794
10624956652 516273727122298
307618540636 80428815700562476
7499266747 306137566983263
460991539901 147547718210593600
293581408246 74986954736581826
130076266327 22115133213702152
51674534461 5537408663365440
12352936 20460582976
201504881866 42640380883793526
288382530976 73003941589570376
76418801041 9958465112051185
11070794401 549107712124001
279160271237 69530169597226493
16344904 31142494234
367570942 3321861144578
24266375452 1781960837505402
161216874029 30514646265965589
22957852061 1639787541451840
25421855356 1910740544514426
338959609762 93028255805485918
108824887186 16923285656681090
155865915286 29008101583639490
3046747 2505443263
6871729529 268526574882889
2461879366 57581717164610
116246606401 18683697065253376
150270117221 27460060681096576
197540379736 41388199435153040
121879966061 20058151654886101
220408493771 48779264982383951
139470947176 24553767270055450
431448505504 133593859061046344
309533807837 81181122248126693
239244158857 55163881425019833
353282745026 98986645612140350
18381250981 1174770258658176
60307654 220746123514
125797016437 21032841825212672
48956177596 5106259873278330
252819871987 59925220071227368
89733094796 12671300049520380
156750443917 29255380351562432
116598378061 18768568853918965
159282992737 29967236782260897
217989131042 47978317797129182
143399671417 25598514344458057
436333524862 135869169084859522
73247441632 9345030682735112
79540461826 10574851373058050
53048224951 5759675658788675
174413925037 34337160112302997
45040659181 4506077734410176
64171352126 7663086185717250
439214563636 137217071494111226
47717791202 4913739549231902
113811489352 18099706712108448
75080256266 9697966541625026
172123992902 33663149912199802
181819876826 36547249801442626
43585247882 4289442170503862
15716315279 928787084161259
19710753427 1304503653689223
59683915757 6873498158385237
429552803761 132714347882080640
28188787 70537746343
171493839727 33478455745762952
32366421952 2744942301882152
51765553204 5552045388371924
210750716 1442167163276
490665478132 162021011983034362
169757699861 32971359013591040
123840451651 20544057645318376
426567894032 131333429486764058
285339131029 71851341697959789
327810688661 88476432680832365
105729401782 16206378921121162
366570471967 104623489355458907
487119539131 160267849062867176
125652599557 20996633154708608
149588363936 27273399278267976
59775853204 6889386260119924
10902697612 536648947723772
37384306642 3407417551938478
22440105326 1584630477842050
31942924147 2691244597760167
97942290167 14449328126342403
217092066202 47682463241156902
473713384762 153697413017910918
117065330386 18881428116503726
10612569517 515371138504853
127799248529 21536984960941184
52453175779 5663037185627959
399404809442 118990680829556482
299466409279 77252950313673864
16876243622 1033484283290138
488860248004 161127685929113594
17598849856 1100567541003176
7014786682 276955469595462
196847692427 41170694871525352
408524384279 123089214032633864
20483790811 1381993570641215
190799191717 39287779565512157
114754751057 18325186196611712
77369781766 10144932104838210
434626606954 135072677407643074
89085260254 12534325813105954
329574973141 89191666540121901
86510320904 11994829014258714
135363069142 23477009744150978
159853563452 30128400371992652
7036479136 278241149060890
120337066406 19678479795567426
201862449922 42753928594036738
22948210496 1638754659872680
105444948379 16141020621737704
490813091836 162094132062414476
20224325522 1355818558803438
148169620636 26886316072362476
8911191751 396545062611251
269338732432 65893271992090712
203123764001 43155268652549376
11226387404 560724371767484
7464648206 304020192215426
470001481954 151894452269897474
19109831752 1245304926137248
760168537 9879657111872
206187622531 44135354082886295
9768455426 455122106845950
98093713916 14482850203995276
274358614636 67743988956314140
140174270461 24739730792069440
294514693904 75344810597890264
134925319657 23363218601086912
80397091537 10746143245407872
13331893696 725650530017576
13505379076 739860680237050
84997500361 11681574797388665
151637723161 27835783019677865
378716701972 109866346437160692
1185090271 19231249920155
190820813107 39294457904782312
172526135167 33781192353207432
270737243326 66407153009474050
154902614902 28739598485188802
126190571501 21131620722749376
7460005879 303736626113544
366533654722 104607727635150338
73876490692 9465671625137732
59115551629 6775548655370944
181317903529 36396003215078809
466293556366 150100517519601026
14502322279 823277499462664
28557512579 2274948567227624
84889098862 11659234765307522
394709461279 116898601321005659
382889941417 111687336722176153
57878736797 6564027540374592
251788432897 59558875212705792
142705387442 25412832690640078
82324849336 11134957263676976
525641677 5680784838848
222562241077 49495987730627277
350139295552 97668438667325352
357725613247 100859782720586888
1906315132 39235142649612
46877535916 4784524451780060
137378929052 24003396000031098
119180116532 19395372164743162
421440492656 128972591087142426
6204367316 230374362884660
49162288529 5138540721837184
119770128307 19539578195962983
405835180129 121875821831567104
121698837982 20013455039027458
82259938856 11121790513418176
119051260904 19363925688882714
7157437 9023144768
59604823279 6859839638312584
67481276879 8263554723016619
135501507911 23513034662111240
150208175254 27443083688662954
28311647947 2245632729234767
447648082 4464543557762
2472908302 57969092159602
273315884186 67358153026364226
288516209752 73054708611460752
95702468752 13956514324156248
62939568616 7443506122895360
304374354977 79159855996808448
32912414767 2814691652654728
371759518951 106852855815226376
165025412251 31602311437978751
83719251029 11419054682875309
26243748652 2004147605543802
282283322377 70700210450840377
5926828376 215090528666000
140143562332 24731601590288762
109187682472 17007983319504192
89875068466 12701384342747010
60416182246 7000382759620930
136820728279 23857247962720264
389985351221 114806227605134080
204106508071 43468835166317576
640515737 7641352766272
244575633922 57018080587124738
53020216342 5755114729870378
469670927807 151734238292614587
30865813112 2556275776288368
299858908906 77404879074723670
122515717522 20215297584322542
36345450079 3266377713929499
389993299697 114809737505088913
63986986246 7630085517151930
221068944646 48998678857209530
100220555072 14956414536468392
446096324521 140454617366265280
168609067 1031999908328
322429794997 86306932759348992
103667485471 15734616389263451
11674760416 594650030304026
158335058746 29700120871479430
2790978829 69505606480949
47975783681 4953643592620801
141484603327 25087436762350523
134519917396 23258000478417076
295957789481 75899262986283801
428782912177 132357709824875473
472762890772 153235059910274042
257845653787 61720943890229247
411711426452 124532413716673652
232014335807 52682335160470587
173581560616 34091649947456026
192383253661 39778059315878976
207694314272 44620008007054792
327506310457 88353233241617033
353908409222 99249720374369338
43710226616 4307905094563610
1040888752 15830183133752
109841016754 17160864798184654
326593215901 87983994635457600
199101639062 41879835167278018
99455993011 14785592049279976
120463179904 19709422562746984
26806659286 2068973706060226
42431195017 4120210473661632
281050910246 70237714030987930
428789394541 132360711324707776
484188517892 158823517639589882
10156616551 482517153661075
12178064081 633515071661745
85740854357 11835153090590208
4742649529 153963793491209
1146271141 18294105351901
192945651802 39952612966881602
2178429022 47929069243042
90415166662 12816048490733122
22507948366 1591822129780610
386653273132 113337998456252508
22609451 50667784175
138333003046 24253879313404826
110281099621 17264101781948701
44433444566 4415262519833026
11584170367 587742190621832
6355435654 238839390431034
151448890342 27783803763241282
171762759106 33557232992676926
1017884641 15308306440960
27048705167 2097059063047403
28190182736 2231196583347226
347219027786 96449112662839490
1522554154 28005353627414
186440299481 37949177198566720
56049705079 6255352602624899
138213103204 24222353118229924
110912728637 17412632919951168
305933673091 79768941966486760
47676712822 4907395835449538
160183377046 30221690958728130
130546447879 22235149673400819
119165958529 19391916153735809
10275829762 491037375825918
30974484961 2569787820126976
124233428881 20641922553768945
450698693491 142633817392912360
431167087891 133463172941673960
140678788097 24873416523784192
63299488529 7507445938753664
162570577367 30899789640525832
4600083404 147073866656634
161678852336 30645903102963226
36863992 105492462832
118710937 609659812393
17943283204 1133034599137274
507896257 5395551258112
126138832129 21118625784423169
87161266441 12130465880916160
181337174201 36401805686684425
3396322154 93303762269634
477097936036 155347540888042490
12946417 21952811153
23960903506 1748419142010926
49127175241 5133036529539776
106315135522 16341238782473438
84062095436 11489270956084090
1255480996 20969880615930
21885771937 1526277258739297
58294221976 6634834600055376
132366701504 22701815875189544
134932072871 23364972670761555
12877316404 688854871383764
90662826577 12868742046507648
68286003347 8411811322546567
200477135446 42314575327585730
34684643891 3045068941298151
92776873421 13321460147314880
718527187 9079070051143
281391392767 70365388255732603
342173349379 94354415149593879
490889384129 162131927569554944
174238556041 34285385308730560
76379711591 9950825206047635
20867099906 1420966035335170
65365166962 7877918864446222
418152838754 127466366143668994
181319710111 36396547170595976
312749146171 82449327657580255
402462836077 120359864986392277
17305719862 1073185374499522
276769116002 68638740768992002
2858095816 72027825408026
485940745721 159686446274272201
147527416456 26711707430329370
337931192887 92605199730799043
25798901977 1953406861509952
28728404552 2295399523864602
179052948991 35716169210164360
385958876167 113032817045564403
18232574362 1160545900942118
252846182761 59934574880080601
509778416 5425571702776
393943952266 116558692135897526
96413406761 14112319588120601
1911876367 39406958425707
37536219022 3428207907607938
6303026 7456482126
135416146321 23490819457512576
398963413279 118793484109288584
166513260071 32030657220902355
143699192561 25678758312622976
35595704 100095125274
487340660171 160376988493691880
200769784957 42407263211656512
48875792879 5093688506679179
112440170221 17773567627376576
56474379082 6326579966471158
53268643201 5795610624272001
156942552386 29309178601011390
8566161496 373738770770576
173305654 1075419364034
313097232151 82587013679669475
111885549491 17642225329605735
289644596606 73483703093239426
356517079492 100349100043229178
41177181826 3938913133575550
16740931691 1021079646751151
497646276547 165490942209632488
380926142062 110829191279713922
236174493727 54105608392532827
55798208831 6213297948181051
146669883637 26479145222689293
200394193582 42288318297192658
375019136129 108261274256569344
214761144511 46916576456213640
163795951 988126385800
183865028029 37165618729388864
53677752727 5862505227218952
6294476101 235411308093501
213571317142 46527223344210882
388894529927 114324880541347848
18787457404 1213926510345484
12645349966 670325786687026
88888247431 12492769106055176
337838301011 92567018800959976
1306601641 22263620928960
42131674622 4076660836618242
17728727452 1112773126529402
438155178556 136720919555155020
355470775552 99907668255139098
233934498046 53337689380272130
76557258052 9985541801585348
493564343197 163458968223540288
351787267822 98358781984209538
269392313191 65912935648433160
545440907 6004758967183
341701977904 94159510932436664
446607477551 140696093475954251
70327688321 8791875300323201
468653822732 151241618403602812
176269234376 34886501791156250
447493475704 141114979261000474
3664835692 104584637811578
188415426046 38553815698509826
102815933312 15541142400077672
88129664029 12333188326599589
410530804751 123997134798400875
190526867161 39203697312838976
20761819652 1410225838178298
13613407516 748755564700026
127615793411 21490627226542615
408506306329 123081043734767424
12408401812 651573451521018
433932293029 134749139599014109
141834904 796213883984
16218275152 973637118411802
420790738754 128674441585674754
475866949097 154746697310554713
408016546186 122859766299884226
120881248972 19812114356841338
204877127261 43715247275488101
75002387861 9682883275501165
457228547129 145744799997836169
185104788577 37542151098842273
123476421097 20453539884593088
126041912161 21094290391658240
15444119126 904762830875626
124707920821 20760293856632576
279795759712 69767725541458568
107427481051 16598369433376575
69547902491 8646056142124776
34502098642 3021061260766382
11951894137 615948832382793
235983469502 54039978532946498
113366315531 17993614967713295
138187867756 24215719507553820
852411406 11731454071170
367346632654 104955953353798834
151130398654 27696207234498114
93663330079 13512839851895899
97908656329 14441885807229049
2966078711 76148138798851
2605806337 62704386537472
328257797897 88657507345551417
26110809461 1988938689225101
518758156 5569560503676
338655858556 92903235907643770
1564781654 29178483539434
27633771596 2165465243734076
193654471312 40172974559184922
2474807482 58035885371458
132533459282 22744729615023662
33084536762 2836800520292418
39677585851 3725712085734751
197246325742 41295819501640082
35454516329 3147013778572224
112604783204 17812612841007524
56920560907 6401703697272808
20477314379 1381338196199119
3215177956 85939563365370
6800287132 264349828522362
489048137579 161220587131227624
26445285211 2027277934238440
15086452957 873515683961408
249825883231 58863891332065051
391831568129 115622442787231744
76537303129 9981637900263744
279319449332 69589647607072762
328712509154 88841787274610434
87455029754 12191843333194694
44481452512 4422420144696072
5030295754 168181231540854
330933835129 89743850834886729
805469317 10775837039357
211288026712 45783086927207568
430456986586 133133602125545190
183053944847 36919967082649963
96412528522 14112126762624438
102742031557 15524389463252608
129827480267 22051716833610728
105223258141 16090144370098085
484346964754 158901484666371694
267474808504 65210447472032304
155891599501 29015271993629376
295500965762 75723599981853822
316069345057 83765751392019712
132540667231 22746585130305051
32695464187 2786906875030047
157963309702 29595584470648898
28097892097 2220248603842817
17951619422 1133824282819842
317263873879 84241067093754019
55410039857 6148575072953937
121077514279 19860385026683859
23162299297 1661740559374592
87766045096 12256937772812826
2418566476 56068820470650
45555956629 4583627761746944
31261125991 2605541908889235
5007031 5279081795
122179838629 20132223637035904
44961458257 4494197496042112
420378020129 128485178828879104
412859212396 125053541618242076
477111611747 155354220348038888
35760071029 3187783851963789
97721120917 14400412394572653
466233684547 150071609205088488
265614441086 64531294076770690
15697882267 927153555199103
134280907336 23196042015985690
16953677731 1040605436799720
28236028342 2236641689194378
5168953651 175182731238376
81054451879 10878209914346504
783189254 10331832665154
4409497096 138029017826330
296819329961 76230921237077440
465603332546 149767364757387326
207923821954 44693987916789374
31419103151 2625317421258376
147487223171 26700791908793576
455150065657 144752133964974537
242087259052 56150122343749852
316526676482 83947622503704062
49438929577 5181974363109273
340709853422 93749723268147842
14854932796 853485212264826
110010752581 17200657879613245
90515976982 12837488779740458
12635650966 669554721027010
139687572521 24610994652537280
15929786279 947774494360659
458611404904 146406493420318234
38014757246 3493974353420930
77020078961 10076228850413440
320969132656 85721119269261176
19099471736 1244292384787226
97421614756 14334259182904676
51116354192 5447929913642328
26502581107 2033869913660583
497294170696 165315335400412576
29419010896 2378664319820826
37358881186 3403942006484226
156045190576 29058163223736376
413596 125182330
60185936932 6960403296522212
122142766879 20123061557900379
83390991856 11351960127634970
16379142529 988159128609409
10610529976 515222577828400
320086805887 85367897999810043
433922045572 134744366405275642
85830324041 11853682732282560
491314549727 162342610094204827
19366005611 1270429334218415
31197896737 2597640875478272
152416314787 28050444546576247
458704308206 146450983185876370
93211155262 13415104817520322
143960389654 25748803280668714
30036147157 2453903162645037
9232162787 418161581364968
416299381747 126619815988788263
3473402879 96498078839944
144859491641 25990400271603776
439199567836 137210044188557690
24300534197 1785724755613517
15080200279 872972687333384
217601092 1513052940282
3444001 3011206625
92476446892 13256806917077882
27575969591 2158674475709635
79031946379 10473603318213519
131638113961 22514637062919065
31055179591 2579836582602760
9812814187 458225713245672
53395361867 5816303373028303
11641319992 592096937094832
43927813811 4340111932538215
27590296966 2160357039657026
104397767212 15901171916921722
351918131776 98413670939629850
89399158436 12600632583519226
24310455752 1786818497919002
9779640586 455904025051190
452765094622 143615880641147138
55079966657 6093717031351808
101486613076 15240718290117626
61652985676 7216440871619450
145068410047 26046646175204488
17476740362 1089132982744118
485912156767 159672354421482632
170947277404 33318536085242234
484213119742 158835622647758082
453517165537 143973861716787968
474952305766 154300763606120026
12233932 20165601212
53669981 185322451301
100351776001 14985798315264000
283747394504 71250956992218144
150180771379 27435573978709479
358355197579 101126164433102824
233218888204 53093135036019324
421873940404 129171613067857914
256982483242 61411275342474178
9298865752 422701640201498
317647937986 84394080639049790
136828575004 23859300328571244
48013891787 4959546938452968
482857997987 158169311543258743
219392510437 48442378220788893
13983856231 779525404423176
375713160977 108561942151721073
70735572002 8868472340001502
143008461416 25493832400064026
242078909206 56147217350915370
27168853961 2111047121779065
368110743562 105283599173902018
433075651129 134350316437912969
19418588057 1275607049595712
8924279602 397418994085198
