188701595947 38641683813116392
353006250136 98870461213651226
372144193282 107018746143324162
342251942879 94386925311607944
313691006776 82822058937223600
170426107226 33166283875426626
307998293086 80577794774998690
443797402504 139370284215451744
433599778231 134594285294343176
287442339367 72647218710989832
126688413296 21256795490444826
254751294116 60613230160789860
428469964906 132212834248339926
215273300881 47084504611362801
195999039754 40904738265024194
126053460254 21097189482665954
275960234242 68338056514226178
226960435717 50970396386380157
328597383151 88795118330058376
220638277042 48855565955391182
362261782456 102784294028953370
129164876192 21883113324787482
385889470796 113002329070603130
141731002667 25153001043667432
222354130681 49426580883219145
276007782754 68355719466973954
374358632971 107975387004925455
152542223341 28085209755980885
225232235362 50389331082693022
127266935842 21402565445509378
302562260254 78453990668033794
276319178107 68471431803446687
317067947302 84163044378952602
252526279786 59820866243552726
135354744254 23474844005806594
239300883956 55183501743366676
473317310677 153504692475044352
285466813402 71899574736020802
336626124941 92069264928660160
368668676587 105523052183598568
159214141366 29947808491657610
302465808652 78416478976146298
462456045227 148251384243241448
197824588522 41477551768179542
219697324147 48543368722225063
204795840022 43689233082879938
195174087032 40646760191613808
336855088802 92163215441685598
150881999116 27627952564497276
254064373697 60368235834619392
216121237427 47362969182565352
129694518254 22017849280766354
144684611416 25943349445157776
244652573257 57044988099939008
373788627626 107728872791410626
431117872462 133440322414844722
234655999517 53584636114161728
232139011511 52724805128901640
232399371442 52813531825220482
144560913851 25910086272614751
224773391404 50235429414428764
226092820129 50678404175270144
350102476154 97653033366764614
253462388092 60153806129035532
255246908317 60790199261372453
246332857852 57633677642574202
448798064821 141732523262072576
201446481692 42621845150334828
466652868004 150274045370588154
448750695296 141710084566764826
442551849601 138783965000934400
269636797129 66002683869982329
317926968311 84505306104563715
395755909616 117363789532675610
176447404226 34939409195611650
414376299262 125743454889692418
369415250129 105843749221783729
447376174742 141059497401482178
199572668311 42028540413816840
246567348731 57715991856723176
206566030882 44256909827584258
341274716696 93982961682028826
208715174917 44949387072630653
362090713567 102711496689314203
274806954121 67910111298239680
409810751786 123671049431575490
344008166779 95114359355722984
405085954561 121538479062142976
291660468136 74252185840600640
159903324856 30142469650140720
318104016752 84575905454469752
274334170282 67734935537588162
232214650796 52750576719226076
448252519381 141474172982520320
421616783504 129053524496918554
238409970982 54875617721290562
415266196781 126148734726346176
424316235079 130294927745067699
169605654572 32927072173341788
410905119454 124166761123721474
159435421642 30010263690347382
489023413204 161208361249206324
393926199856 116550813443253176
197823330511 41477156120889515
300148609867 77517080331524303
227802712606 51254395388999426
186021026129 37821236969876529
232095405271 52709949649389576
129113546881 21870070290172801
485353362391 159397000941388835
325724979251 87633374143206375
280766832691 70131249715276776
444796614154 139841238445423414
293875727926 75099746354848450
201725863432 42710542919472608
204018347254 43440674595599554
237537950654 54574819239117314
357526867637 100775740654537293
218034693191 47993360596256776
265629747251 64536872133094376
345529429351 95745974520763400
400141608406 119320093538687426
272961113546 67227046733509826
165455993626 31726076474173250
421643413972 129065751756464692
431803426861 133758739998022165
170305276772 33131018238337188
429271078601 132583806795165376
191770270472 39588095785300192
282094007251 70629099003298375
381256147591 110973243562954760
225624367126 50520980997955626
346607633311 96194478616867976
203844636766 43385205318305026
196723476632 41131731388543258
207318736927 44499031906931848
220404510146 48777942545364030
130130337404 22128924136565114
213333487004 46449526792790394
176794499662 35042555641401218
170355471661 33145666625369365
232706947579 52918413138727199
326082633529 87777749343365184
155558427532 28922304344877308
164121814276 31343108774469626
322086189107 86169006517087208
347984445629 96768210609959744
342789930004 94609563628415994
276839056561 68664760318062976
476267016232 154941884567670208
330271121954 89474410191343874
257163894362 61476314767186022
158510117536 29749390206355226
182558124877 36770066427920373
391691711506 115560544518397570
471010341754 152383777820057154
373941682004 107795046846823604
251735922904 59540244837829914
281636007356 70457161596758220
417783463372 127297507200822138
162940855231 31005417892485051
313728235382 82836803270791362
272236767671 66959627613618755
221585900617 49170649967024832
333954093397 90975217533599917
476979746987 155289819247461743
354484947007 99492344783824008
384262432841 112288399600515776
162654409262 30923693634862418
170931490396 33313920729772076
129682295282 22014736765116558
423543689752 129939250942089498
344429665301 95289222343397376
400949826817 119681785856221953
145989871777 26295209071927552
289761058217 73528027567304128
192866767276 39928113917883100
125685186397 21004801616435813
282794489597 70892336625125317
276017441546 68359307626102326
220239885142 48723302723931882
181572720421 36472754448328576
481813943836 157656589028303226
323455277279 86719006749590664
137273066407 23975656202107912
197378874254 41337452393182594
463759135504 148878431062192154
339202544032 93128284599564058
433478726066 134537925252273026
236428166836 54192803452383226
275407783366 68132947922220610
283501111511 71158211987539976
149354352154 27209425660564134
166241564192 31952293604343578
299500462177 77266127567812352
444586309321 139742072355532480
131391426377 22451378591085248
256981049417 61410761379658432
233606288686 53225479764777090
256459402837 61223869348013568
300357064154 77597848238830914
172500877397 33773774285072813
382297735667 111428321015443432
443183351186 139081128819871726
333794747392 90910112101913882
145618346617 26194896057700928
165506044117 31740473297734957
489052093537 161222543329711872
370375133447 106256551660050163
228764229437 51579242047381893
281362136176 70354414576551450
159485682701 30024455654301376
261267988412 62953828148295372
216333646426 47432810537294950
203007778222 43118310740702338
391556304517 115500626113173757
336608894252 92062195969574748
224753277379 50228686524456279
219035617516 48324222031801210
324754732082 87242111227045762
183207664504 36966482228812144
381175815629 110938171732877504
203669085566 43329172270993026
203430457297 43253044780151217
273026137582 67251070139990658
316992300797 84132926555062592
336640894454 92075324324449474
344487766036 95313334424415226
492850243901 163104352567502725
167975904692 32453616690499578
488528068492 160963484861193082
423356874536 129853290628918976
350616449107 97868153800543687
181161969212 36349062150973818
274117181807 67654587525097483
484184581654 158821580895358914
206380316881 44197239175200945
185659500121 37711033891983680
327481221754 88343080947414594
237313994779 54497655912823039
227951233616 51304528247936026
439932787067 137553784532864232
377101398577 109164192763912273
148644146662 27015578175693122
291980569052 74374458471711098
285836422096 72039258182551576
423417607967 129881234156450907
455517466922 144927437276539842
168376656361 32569826272472665
417749642597 127282049855276317
158377266646 29711997562542530
225035626502 50323366941330498
430522866776 133164166877369626
318467838404 84721043647632964
153351927337 28309123607943193
395743454341 117358249043355776
206743468936 44313946448088090
195543505766 40762217038374210
340950110879 93848904670771419
200122694926 42202407566936450
271686584092 66756744513099628
324429221404 87110976236691834
303073554736 78652941753978040
363556745696 103335915170216730
168533955601 32615477580085376
153118862579 28244611629416424
416577731152 126746829606966298
349338910516 97333738818953210
279481663342 69650277445839378
192588005626 39841579468290626
308342155279 80712773154257259
320505399397 85535412640273792
174431643982 34342392786976562
186653473567 38014281951834203
351621206311 98289144628947976
257123734606 61461914733669426
256925133362 61390719066527618
280671672607 70095598417941083
453244824754 143844194890296194
178037677561 35412821639238601
329351743816 89101064229888026
185635735861 37703793646769101
428120117779 132050938902136839
339145714321 93104881613093105
261800289004 63146316975010204
330138659026 89420586860786350
190552177117 39211509420585957
185555923456 37679480633177370
316357226462 83880220453570818
180276406031 36082863496723051
442422969454 138723344290483474
292863091129 74711912694307904
409233355087 123409774671822472
387512022836 113715790613833940
180425951696 36127770864200730
227495697716 51150815162008276
305446544407 79578497292450787
190801662671 39288542765985451
213998306006 46666824589470570
200060067526 42182598551589626
449299387541 141970069775224685
374284222202 107943195399411398
247364326766 57996050596718210
444311950447 139612737797969163
383419552972 111919145060969338
266581781291 64884139494247151
183046684097 36917770482506817
417777064742 127294582742173082
225996670361 50646079825018665
240877340656 55729702704422426
485712057637 159573734664467293
234267044761 53451462179334976
244511293952 56995582620677402
455180597257 144766699240312633
387476809456 113700290854800120
336124154279 91863403613305864
340574487904 93693858020209434
220426420529 48785216244761984
262877391506 63536414017917570
170277264236 33122844271368476
417127402001 126997774559029376
438515656751 136889678505957000
129821875129 22050288764958729
242159630416 56175303145722776
434718913267 135115709964660007
179007471997 35702562936941888
373562130067 107630969956900328
313425717931 82717017021612520
450513575701 142545949289842925
253898311102 60309058265925698
415758463751 126373111125434376
168755227447 32679731054211267
390469472779 115020071971135464
454540602154 144461488123083714
236041867987 54060039580539368
199178001436 41903931047199340
349695917957 97482982569840637
303257321446 78724488704388826
443298218029 139135204138009109
141753364832 25158954204197658
208147004237 44765968054677493
260438796622 62654368994361138
420155236271 128383054150814155
344167442971 95180424134031080
192391937896 39780752737877530
157958251081 29594162826154745
342124543222 94334228386182338
382620461591 111569448257287651
400855806037 119639691107603968
336600689317 92058829925759453
430400389322 133107346003897538
169043504879 32763504985520779
240343884587 55544673447940847
295554781867 75744286906084207
490344569254 161862088518646594
271865000891 66822514164493151
198875793151 41808597323658376
221561935651 49162673317958376
228232205632 51399414256814362
209779343512 45293597911003418
433809331531 134691868713465551
368442018991 105425753686644360
416662623412 126785575240940372
309165690971 81036346758005951
339517252631 93257919918727176
261907393126 63185071289665626
136190065951 23692486410268251
305391053576 79556812585497626
363216594206 103190924064275426
191949911407 39643735119819787
160704528986 30369299070036290
238486625029 54902085443928189
280193119756 69916402377800570
323489863426 86732916052816126
182707404761 36815176644934976
316448707927 83916606748930723
416439001132 126683520404970362
382921445251 111701121311380375
312606803161 82393045693797865
213015498406 46345710983462426
260046329726 62512797249643650
353648489546 99140402965928130
363747777712 103417373180385818
375774709741 108588619940327360
487516408204 160463750684433274
224755288741 50229360786299776
311972189852 82142277588558202
391756325704 115589140339416224
125423608282 20939262363666662
399825882029 119178899438154389
204182546096 43493128326881080
351357098341 98178425680623901
341179714276 93943720599875876
257622367916 61640788727004026
133056027731 22879383136772551
437638595704 136479200745767024
418635832826 127687278099202626
184329829552 37306637089987098
402118394029 120205385567151509
385160652361 112682343681551040
251726698741 59536972335401485
431082587657 133423940623749433
284270441137 71448058891807697
473929494991 153802601268596651
346862454352 96300579410482202
251036785307 59292378322132712
236818910792 54327205411786778
267652568836 65275465358303226
459123926879 146651987352548379
348572838629 97013746729264029
216211317667 47392583917334903
153322023136 28300843426245640
431676121529 133699591712824384
227656264297 51204978164081113
379826283991 110349537592111651
367961460871 105219560967196680
274260103132 67707505861034362
259075095052 62162910099081852
179807751361 35942250907287040
278617314922 69327417748155842
161417949392 30571752525476632
387544596637 113730129145003072
465026447029 149489106759557709
470430115211 152102287431358440
353069271361 98896939014161601
392995646642 116138073496234882
284078199442 71375594537636482
229166192504 51715247164251504
138846846062 24389142745371922
128842331752 21801196218874752
163717005872 31227217983400888
331488910496 89969736687172680
299935580842 77434568863549378
312081205781 82185337218129920
437589012296 136456007238959130
260639473007 62726798771710987
221681107586 49202343510264190
243546512161 56658579407429601
220712019004 48880060859836794
496789669721 165063832451833705
363911559376 103487228394265626
137925135506 24146691398521070
228257204312 51407859298394768
497516591342 165426256688245378
222952042681 49626077689985801
189122032621 38770899257200576
458759863129 146477589619051369
276423263417 68510123722082057
148853047501 27072548779243125
495155292797 164249942795527488
300518297746 77660339195101826
219526999967 48486928483153032
201336686896 42587004461580826
178695272932 35609202688467962
271934319076 66848072697803300
370718619779 106404399686782184
135584292692 23534585941531828
173006384107 33922342101761583
374452954922 108016197189196738
191840877911 39609961585330851
158808672101 29833479523925376
383819849326 112094459056292626
156322404232 29135630238473312
467503403404 150685073647950714
287088363641 72513065977312585
184264260646 37286733042005826
319262425504 85038313974544154
254604987256 60561021215820570
374936000177 108225276451668352
307070509957 80213982179856512
336939636352 92197915827666202
205701790529 43979454219108864
314941351727 83317734599906952
395480160121 117241148082223680
318668986946 84801322785719230
192644486687 39859107518387547
178106307031 35433299883911176
363052969022 103121202268607938
463096774856 148559592987346970
313830427376 82877280753264376
300087404696 77493371039592730
243637948327 56690489943686152
356258735779 100240045475052264
172516736711 33778432014931976
198889037557 41812773847757837
443495032702 139227873933542402
403267107629 120720831539093269
180350870821 36105222350496605
358752357097 101294325947497817
126890343262 21307637924796322
234805367122 53635807327578242
174210221857 34277022552237312
398903566601 118766755595411001
471313210606 152530780140259970
201335417767 42586601790110728
378868150441 109932256243157401
197035972877 41229777324930752
302534256592 78443098944736282
166989695096 32168226904898330
468126331402 150986346088836802
135798921826 23590490770580126
253001942131 59989965171001320
170983531811 33329135922180840
386931206666 113460224662464310
391173220757 115331165369259008
265036045831 64320626164376051
314442342754 83119793698235294
125119778681 20863222616275520
191189800897 39408487870837313
331066457471 89797803792061576
352350323381 98595019839354445
452629978427 143551597658757352
415818649712 126400553140061722
144667398152 25938719821614048
262375144607 63354414293012187
372647329861 107235852604239165
161597546254 30622788881360754
172893462667 33889135773521807
339710104316 93337389421996410
497290181542 165313346233702682
233202497392 53087537987588728
189428434342 38865158159981378
265639951606 64540591015883970
176431365254 34934645340244794
259823534546 62432477469469826
286549860062 72309137887990018
143333807992 25580880268561178
244821882386 57104214423236226
341186322712 93946450060719568
372461742506 107155753472581570
235146761311 53752825226568840
218890030426 48276050284208450
403717167452 120922980864491898
129246210832 21903786170740762
323885724904 86892170239689984
202733877467 43031076428305128
421889556026 129178785049769350
136085184151 23665122800750600
164378585252 31416692728085498
415373741332 126197742428785658
350496711632 97818024269663258
153472127326 28342413956922626
346390359946 96104042488866230
354830252492 99637754221325178
154543814947 28639802213323767
417229706329 127044498505826624
186312087236 37910038262839290
188927737651 38711167493274600
468817453771 151320834644249576
355519681297 99928286953918592
256186609504 61126210423668104
478708130527 156134646006454427
144552848456 25907917923430426
402140814154 120215438796042434
340411094641 93626440529880960
398777635271 118710519133878280
304157491486 79075270180372226
294953089432 75513103415320858
479176935491 156364059236204776
483409454816 158440349273328410
481714802741 157607930876257485
408377060641 123022636638895585
160706796712 30369941891553818
398899993807 118765159990076587
182349114754 36706937583421054
354987801301 99704122130035501
230039001196 52010974694530076
468219225754 151031290629059394
397473942602 118128858267966198
361572647011 102491141473873640
255906091756 61025840399499676
490861640791 162118183069079560
256826219861 61355270272830976
177510567367 35255669636102707
127933764862 21570997382895618
198662051617 41741214769087457
306790802956 80104408079146620
292665669916 74636379584274810
451239075067 142890418402524703
400151448907 119324495145582287
397442737267 118114947241674728
137800687754 24114017951797954
306938867257 80162405458387008
165180563836 31646889165534476
214021858376 46674528940649376
167039399011 32182590131039976
149682457654 27299136521453834
254473703716 60514186042412026
233152645546 53070516049829826
268144460404 65455492888893434
244792493957 57093932536033408
140694171031 24877496423998051
384331691746 112318759033766430
300924674156 77817917038562170
126816804011 21289117340074351
192813979556 39911722512587770
324617739877 87186914635834752
190105487579 39073711600935999
247786528466 58144595624187010
348616257511 97031873624042515
135331852132 23468888912139258
192470104831 39804999007319176
334370206496 91145305848876826
323837436154 86872738569020614
483070286351 158273631690983275
180352672579 36105763404910824
140300844622 24773247503897138
156156940676 29089383380319876
285609639946 71953541388886326
151778185321 27874468476396480
221160715129 49029192657629769
289953689887 73601361385273947
266137286807 64721926779080712
215506957387 47161183376746447
402697033204 120464938230753274
241096027201 55805613397912001
130663998004 22265188814888404
449596143154 142110746774845314
228320044877 51429090108994752
183047894212 36918136576480068
157379855096 29431764081732080
460525960756 147324250458980820
329109929779 89002953563634664
318433521781 84707350285553920
291708586654 74270561941746434
159335487796 29982052515291130
253287269671 60091476009930451
286720217912 72373630685633968
424652544254 130449864375089154
140172152551 24739170100282376
374445166421 108012827151545005
451621051246 143071893091511826
446537542852 140663047145200452
290348289596 73751659389077580
310519675831 81569275072426051
335014097629 91408708209984229
288008243404 72861861460814714
286246370029 72194292400975189
339791711897 93371024721014313
325011871921 87345748869109201
475469975542 154553100450495682
458135542811 146178682051972351
237720639004 54637790909352044
125289417332 20905666886933908
262657010506 63456532901343426
223484565404 49803982369857914
260734785257 62761209424908633
313055293357 82570420658725312
181912754611 36575257167320040
125884308496 21054738056396826
468631555627 151230839632886248
330060656482 89388897332716958
185323286029 37608642825129664
159566455822 30047267841575538
358368743107 101131898217855208
390252994454 114924433578364074
499030969966 166182136965387026
291378710806 74144615257151426
493864438936 163608069817299226
266045368736 64688399317907226
338728285504 92933040773712154
254309646901 60455676040133376
271627616212 66735011974614068
463498178222 148752787828319442
422136688747 129292306454502888
166129143572 31919887517164788
372624021004 107225791452658554
186280956632 37900537155797008
452766997811 143616786172287976
349499415892 97400827217445882
401129840206 119762394772074370
457898182879 146065093989937819
125742850387 21019258699592168
395265853522 117145863295899438
276060536677 68375317865906973
161113545076 30485314249993876
368630036842 105506462981873878
188242355737 38500707039682368
302203755767 78314592288757507
249366635156 58701654016098676
148291040122 26919371374403138
331437615707 89948854527265512
377807777692 109471062946095482
427720467451 131866077542270751
146585404879 26456271352740779
438017580529 136656520926425984
246207935227 57589841574921448
134128073146 23156451769921030
190281879652 39128106904304548
188724941266 38648854905646210
278282245529 69202393971912489
127581441817 21481950537746857
368468630476 105437175788402876
252790007362 59914602278699522
326904446821 88109792775160605
314162468116 83008845092719610
450480353456 142530181912697370
128406649529 21690708052075584
423539087897 129937133237446313
394471381201 116792851208757425
159999476771 30169661339793655
489292447996 161341412070135180
147587173351 26727938702779400
159848474654 30126961715365634
286418908231 72259576155440051
446433595987 140613933784648647
155459716402 28894779288956802
383625368557 112009272735259733
181243239347 36373524461711463
236869153042 54344495000963182
410359565081 123919560744634176
344995110497 95523971170515617
246341280742 57636633683194178
325582940827 87576059117713023
158506739281 29748439157473920
401498053051 119927334614246751
397153031942 117985825576891578
249629414654 58794467145683714
154498229876 28627131512324500
194092847536 40309461367155226
246575073382 57718704136182362
223511977102 49813145785267698
173024031412 33927532549168468
163270408204 31099529661201274
179455312687 35836627759617672
461726385131 147900657412187695
427349662751 131694636171941000
227723071279 51227519407707784
169139458154 32791405031620034
356881114591 100502837165364635
354788975431 99620368570889395
277144964272 68778603875604792
297039727996 76315842970216826
193424273407 40101365110731912
306730490704 80080787539534874
269404791667 65917515417584807
225046360606 50326967591859970
296832428257 76235967270472737
371787974587 106865124334638943
314938970777 83316789780613673
241399575704 55911038528418074
127206401422 21387297075684738
188030728942 38435800041810578
212986127446 46336125961573826
332285710079 90294322000280699
253058852491 60010207574288360
315900017512 83698446740375168
341291240206 93989787333335426
485367155912 159403795978119968
302973129526 78613851793234626
180874960697 36262716495739017
347635817536 96622826155358490
304113816106 79058238605611970
125183317162 20879116830921622
344700290452 95401550387985402
235995148621 54043990345360576
491734940851 162551016369659751
252636445726 59860016299386626
494880671279 164113317971547784
155748688141 28975382109664960
266084030752 64702500727650248
388927161781 114339270226324301
325988154976 87739603249610376
470060625602 151923124134587198
158128040162 29641891768942622
281224125596 70302656709992826
189522619612 38894147868217772
223944100391 49957673859770835
138046486736 24178566059187226
318890163967 84889624615761032
291548970637 74209611607578293
190890627671 39316024566158755
281726076296 70490963276598880
441913277261 138483689435738101
303286137379 78735709743964904
201854189891 42751304440008151
459823717654 146987402860489514
391786421807 115602460551072587
429394321987 132640907982486743
229362565279 51781733733911259
346991566097 96354353032200817
225439002076 50458734347440300
180237978607 36071327055650187
170555157082 33203962239708262
320917857232 85700578911244312
377441907221 109312083076574701
311470014746 81944023240021826
456260356171 145282118439035880
146201225654 26352332320817034
182808974117 36845879969580928
454100211511 144251592323539976
178854328829 35656756704405824
303462177932 78804272214612858
418462910867 127608172354947207
424123723507 130206265866412008
414167853386 125648586689437890
227350696771 51101919247929576
463351843186 148682347300152590
422419739977 129422368000565952
286067076211 72126473348351976
264977804191 64299425639538651
296561275441 76131530117832785
170943769117 33317510413856832
184659064471 37406632902381576
137288786002 23979774622032002
138703548166 24351395965082810
371250088771 106633296748061655
310483426106 81554992019214470
484555642396 159004188237596780
343700503157 94986789555537037
210301741531 45462890283442920
204158902504 43485574021907994
233765578204 53279928506570924
497483673941 165409839200329901
394848078277 116960186739466173
269993075704 66133543926498074
448022466907 141365275687908287
461078922196 147589672372865076
250598371129 59137122480187529
303504248279 78820660287072264
186919348177 38095533900766848
353227269287 98963330809429843
174406247107 34334892785023208
437216758717 136281921081908032
150068441629 27404798491258944
225851475917 50597280298657653
457685759626 145963464279443126
331873340572 90126289977446892
214375299446 46790195983418826
452561476511 143519010800661640
135289194707 23457793470593512
200479668292 42315377239926778
266434305232 64830304943933208
419802386851 128221362489543400
404475020237 121263633442753397
145731698002 26225487754938498
150938036029 27643345358182789
487520357962 160465700755990722
302899183616 78585072895404776
435800278811 135620175166047976
164070827867 31328504227446207
379865506126 110366630637770626
478770755071 156165285299459451
293849662421 75089755036248576
144605008654 25921942053344114
413851188872 125504511537929242
332880265712 90536774668893722
169884164857 33008210091828937
311466857692 81942777367855482
375527678296 108481559475476880
370652320546 106375856938767326
437949257566 136624548171029410
449179954472 141913465636561088
181672768372 36502903773493242
191669955941 39557037177472285
314194968406 83021726403912426
264935583004 64284058172436844
232623725096 52890028009456576
486769204541 160094983989760901
141823124821 25177528429202605
497800923302 165568089289987098
288280773587 72965305199243847
203755255796 43356673370744826
176707099342 35016573317839282
493194814207 163275431209317512
336229930667 91906770398717807
488673383137 161035309094965793
421447837372 128975962636790138
480919099012 157217583271399418
441980968529 138515509594709809
317907830891 84497676096543151
195444709867 40731329019065832
150776546092 27598993397473628
375829327654 108612295440175514
232491418357 52844911907303437
424646093236 130446891833083476
376710698002 108994585245125998
331072967227 89800452346505448
133239737437 22926783687357797
431600862242 133664629032655582
428084030572 132034242939292538
496365130262 164852290698149418
426000036242 131071265151517678
314941351727 83317734599906952
153918996697 28466292312835392
433976078981 134769535423854720
455886926147 145103793837039063
336912547147 92186797280186063
355912735754 100094050502131394
158637954629 29785386447652669
210439903129 45507699198713129
144601781977 25921074434585577
314798510657 83261058084198912
367694714927 105105166567739723
364098417841 103566945392466385
233609022812 53226414194033018
358595668757 101227971333978112
240506148026 55600932819557126
257697743006 61667842995043426
201222481306 42550774194031426
378254710201 109665370770701376
265330263881 64427760006333945
159625777777 30064025404082048
366003862526 104381007558222850
235037049391 53715210576909960
329230825697 89051999889194017
216000940547 47323430063939863
198988069232 41844007150802458
451222925407 142882747483595912
462517597579 148280983369013224
442640289172 138825568987167738
429502753726 132691153407066626
225649894367 50529555196155803
479094706757 156323811868394112
145827271276 26251290675470876
424632269791 130440522252272776
484806705706 159127781810066370
253834893796 60286464170075130
425022177232 130620223966557208
246222671641 57595012088924585
152631716272 28109928799988792
400138924654 119318893119229714
197889381496 41497931005147930
401500741357 119928539111094208
406961218577 122383412457169777
213535372772 46515477928224292
224030441252 49986568174357498
362990767036 103094701703375226
268901477926 65732876645673626
136921706651 23883664056602751
370331240654 106237663669468034
204638431879 43638872747380744
237130774112 54434554851739272
255582828362 60910244072880118
226281144629 50741736434344704
226693041131 50880346310137320
158322678829 29696637642556949
242886726826 56428496885830550
356598147796 100383329533531130
272565963616 67081118450704776
334167431404 91062407284435834
176845641841 35057762141861760
420986162846 128764090727177826
212866053922 46296947621443842
233076853636 53044640350635140
490026735277 161704739085942677
218977376872 48304949489225242
482730254332 158106548370912908
218755074736 48231410551667226
217372200277 47774786751319552
128995172629 21840000684591104
396548111521 117716364367233280
494753336431 164049981458896520
426213284816 131169695682448410
335788895752 91725997567905248
371051927786 106547932116251990
439992821851 137581942122310376
451853926931 143182568658675176
330141909332 89421907420297908
180706592077 36212095164364277
463483736237 148745835471182272
368183680022 105314891650384938
212627312671 46219082458813576
313839934454 82881046770681674
309772256717 81274946995364032
314881830677 83294116260362477
137058322142 23919418380570882
338949729532 93024188354390412
167941709236 32443707138003540
266711769262 64931602554782418
456499202296 145396213263119130
192464520952 39803266804295152
458759863129 146477589619051369
166350562004 31983723505207604
201804633254 42735561770723354
253877646166 60301695524879810
185409137827 37634779417852023
188427089671 38557395696576755
160740814522 30379585302863938
199518338972 42011379527721338
352532510722 98671499534909442
415568815279 126286653183989384
227215853671 51056462660973576
321790898731 86050533284723176
310021033879 81372874208260104
298573985882 76907881579944258
279140096972 69522632552344442
358431394504 101158419791587354
337310785982 92350296229843458
309586526251 81201862752934376
192417371426 39788641315996126
196296548879 40997908309639019
247675313767 58105454194586632
395840432731 117401390316604095
127568813717 21478761165868032
171046108942 33347434476570482
229995592652 51996253609253052
455141478829 144748037657317824
172328234276 33723084494096100
145467280037 26154144147331968
177549894754 35267386611665054
225014159062 50316166155497922
131859868417 22571552509517057
130348265821 22184536202901605
335948716972 91791491904617338
181886818817 36567435489465857
219222966629 48386235525894429
348429241591 96953804622587651
430304831896 133063019732874576
359296373452 101524819295945148
372475552066 107161712964033026
278846531867 69412988331618303
290731719454 73897800809033474
331011127129 89775293181876544
233813444029 53296293748387589
171948606379 33611711148528104
150357296126 27483960516533250
342096419221 94322596643886080
486119199232 159774417609569562
183388700632 37021288292654362
157641405751 29505163896301251
145443548131 26147744120985320
355416814496 99884919879259930
221053651417 48993594455002432
311764480342 82060256321798378
286892141356 72438735601474426
237309172276 54495994734149626
136808173987 23853964422171368
134030201386 23131110862476226
187282098137 38206484430846697
245108161936 57204404968458840
385409075704 112791379171971824
135489014291 23509782782092776
449857900312 142234871300213018
385811287411 112967988426013351
238261531972 54824375609770692
322806526751 86458240479836251
461468882557 147776949376672837
237159010279 54444277778195464
336764807017 92126166392667353
159673243279 30077435939184264
317621635732 84383598704237562
412921005662 125081618114733218
423929414029 130116796358339509
339112771741 93091316459848485
424428630446 130346701125515730
341439969796 94051233067384826
428010010292 131999999214710778
434161495042 134855915019105278
345866187661 95885981959293365
145509894454 26165637724376074
291349702879 74133543431799944
211625541754 45892832817817154
262029721241 63229343914263360
485098217606 159271327590799426
198815252911 41789508183791240
179816746666 35944948086524310
448922184832 141791323876177512
405464983387 121709099838848447
290332287092 73745562251024378
150259701307 27457205653029087
315807025912 83661491924964122
256250319887 61149013835112072
126696970654 21258949261929314
494746373279 164046518213394139
337999431337 92633250817537472
215950991029 47307015915551309
433471277254 134534457455984194
135554612222 23526858497597442
241130054026 55817427919878850
208194752404 44781372675765364
387715411406 113805329279767426
304071703531 79041817617651176
307482859504 80375609497722394
135155023742 23422906234930178
148064575754 26857729525532354
263212489577 63657940604681152
270746809454 66410672651033874
437833214336 136570249715951976
389514769252 114598491070937252
412670226404 124967686651849764
491907511876 162636593176322500
170980607926 33328281013293450
458914093562 146551462295102018
457572870029 145909464076875189
308749856767 80872908315882632
361472309192 102448481871763482
153466587121 28340879266120576
423550132391 129942215767245651
243236734027 56550513688958927
305098051826 79442346029130126
201448385912 42622449491684122
260840948951 62799545188026376
460873442927 147491023573353227
242038553647 56133177964686667
242063601529 56141891790952009
229012538701 51663243956061376
408576812596 123112909941112826
200462571892 42309964528234132
219830580916 48587541209378810
217308247886 47753704781635890
141625604792 25124948792874778
126967431241 21327058005703360
453713377756 144067306363912570
267122388661 65081609733057101
270068769271 66161357073576451
198737699197 41765058716168517
147743685079 26770466266146824
186948086186 38104319771096726
234957524257 53687950931531008
378704517779 109861044494714759
363248982727 103204726894038323
228770317154 51581300949797634
129962039879 22086008981456904
158458321582 29734809684118658
448425807754 141556218962298294
426347169406 131231506248183170
320836145491 85667849498049735
330033845236 89378005786847226
163963152277 31297669087704173
356259579887 100240401733788043
350766359101 97930927486445376
172632473029 33812429153586109
255409837687 60848414047964547
315489209312 83535232842160922
395166278522 117101599146409542
378709739552 109863316734875848
380492463341 110639978983340885
190762129327 39276332744430027
404896956556 121453430951746426
324595984951 87178150261428675
301379458501 77994391905269376
492693390112 163026494699171272
353039020471 98884229080037955
179830539904 35949084023422234
133574455681 23013231295894145
499812517579 166572684338392399
227716322654 51225242214112514
302659505254 78491816979592794
394252908232 116695838231634208
440419749716 137782235761028276
461844591329 147957456967981824
326142396262 87801881639552322
324886110571 87295056889671855
139158457904 24471293139685914
221434144387 49120145758760168
412989165362 125112589712031618
207982508582 44712911625422658
412482191951 124882283471306376
450220313071 142406786053117576
152594148142 28099551139408978
269605955206 65991359787610426
496550470241 164944631755789985
167418200576 32292124782086376
150313429366 27471933709489610
245564174416 57364118562944026
192974849377 39961682084051873
202346273936 42907729734826840
439763023366 137474172147396026
234734788432 53611626044947608
272188807291 66941933806435560
173543853512 34080541953079322
168492737261 32603513153127765
207441100442 44538434029728578
247395275992 58006935292497178
239173607752 55139482154286752
181700497379 36511261344732904
219504471754 48479464959401154
458813505557 146503281646538733
394412760562 116766818061413518
472391514001 153054535609296000
241364835079 55898969435529224
210753367231 45609417207383176
196523433646 41069008609080530
384785097127 112517575485471752
227095203017 51015801882203257
454294643401 144344248500817600
283969668154 71334695145684034
280671672607 70095598417941083
303680352112 78889272057902618
155640989702 28945333060201402
382739440987 111621492670963647
253201156391 60060833503357960
191907781157 39630683979363933
346825807654 96285318287048514
418686160741 127710304428847901
189803467504 38980634067754744
156354836411 29144697862219615
173622807451 34103802079686376
330460516936 89551385331522976
451786434331 143150489459626495
341054992051 93892211942196200
171765103556 33557920047230020
291158134157 74060438795354037
194248016866 40357809725902110
221906889722 49277531559670338
292442312254 74550953932631554
351661460047 98306023392804488
499690547896 166511714712534576
476071840532 154846650780248308
231707898632 52577997818534112
206102865529 44108142953244489
314403485852 83104386994872698
147472016329 26696662487045824
130504040606 22224316099379970
156901096291 29297566406772151
464765133382 149363120132727362
234510788527 53534904508028552
209394119092 45168894016044628
252826271779 59927495475674359
127914543911 21566136274643976
285599814754 71949828532343554
293800601077 75070950252369152
174838836781 34462716236746176
323913895004 86903506718949754
343022636782 94705920175847058
169410600487 32870287051279368
359315870782 101533083327004162
165705170404 31797772734832164
452002238237 143253069365086272
125249374252 20895645355334748
160313585681 30258548043323520
303710746879 78901116169130619
305146485079 79461263585537699
379563983561 110235249490267840
184678511879 37412542293876744
187160326654 38169227471122434
279270869047 69571493446038467
209753434972 45285207268393338
484998739171 159222337744307255
141878519017 25192280886891353
171397806329 33450338679170624
175101488311 34540402850296840
262820112556 63515648995187676
485421346642 159430492634830978
364676361232 103813635340353562
229346987816 51776458581840410
235980034522 54038798625903938
368297818627 105363867612779752
252132721787 59681075911065247
241681762147 56009103893331688
263159526982 63638728052590458
368302968154 105366077412565314
171288922952 33418468868325402
135139946671 23418986965399755
331461227101 89958466548678501
190674429346 39249250792852830
389272967129 114491797273668329
206361043396 44191048064435780
279707495771 69734714893653951
205070489254 43777149266605594
386150432222 113116976863537442
386125826032 113106165008226808
296967280457 76287924677112512
154847516254 28724265881326754
261948648529 63200001166209664
441124868122 138113255377170242
136970377922 23896400014132738
169436213129 32877741668365504
173214679654 33983623122202714
256733774462 61322145699598722
152898140567 28183561352943203
373453228204 107583908043946874
332365605706 90326889874727926
272994363506 67239330715110926
140134562311 24729219230729715
414251589532 125686693941879162
432406756082 134039175877942658
287727497579 72755350493326824
258094900417 61810459448278528
350388714251 97772817213871375
156672625879 29233597487344419
159018955327 29892754266974523
215186040379 47055879108995304
200529695279 42331217084733259
161203814146 30510938434582530
176160594962 34854254516602222
177409289612 35225501499307772
331470997579 89962444137141199
369034566496 105680182784987930
137286166007 23979088185961987
174112840672 34248285948643592
258392430004 61917372170997754
131530384066 22487004425262910
413632870112 125405213561162522
344649643921 95380525240329201
266662837487 64913734529947272
151597524397 27824714953273792
208587914887 44908282782552072
164296603066 31393192493355526
222361466251 49429026815334376
167039399011 32182590131039976
495060758677 164202907580420973
407607433279 122675027680838459
429209000287 132555047743586843
471682220816 152709949083152410
453604789051 144015589282822376
131873220704 22574981032998024
438664572812 136959414259414268
141938719202 25208316530630402
195907014226 40875933216334126
196156221727 40953953670431323
166255403204 31956283561031674
340822953772 93796408208676188
382836562879 111663982090503304
181689646646 36507990838862530
476996351176 155297928035993626
208172168129 44774086265951744
435746131954 135594900347225474
211975046056 46006569387987520
161214034879 30513840190112904
411904730981 124620128739982720
167123797012 32206984001891322
131430388651 22461365800538600
282710265541 70860668401066685
412057228529 124689341467937664
191008661851 39352495888710376
348578683321 97016186756668480
211479837482 45845445089131458
165062756896 31613039284780826
309613280596 81212389136270330
385639136201 112892386371202425
305383238371 79553758717945576
211322481217 45794286088428032
198383540566 41653467839666410
125280407081 20903411763019801
189382889081 38851142163821120
343658220536 94969261929235226
352980203006 98859518436653570
127739093077 21521780459833773
305355885941 79543070796949901
441671699317 138370148888451328
184425775447 37335768734480392
195872588461 40865159294486976
463663795732 148832523674846708
465647723167 149788783509465307
126203633602 21134901840883202
392852036801 116074419906035200
389313556402 114509704743406798
405130960586 121558734462508226
157429230004 29445615656732244
361442550652 102435830876599052
133484536396 22989997208982076
251642979452 59507273566384652
369181488841 105743300183841401
345277591507 95641317385340487
147352561279 26664231844123784
259888416491 62455864474764776
203316934682 43216844319496358
310602427696 81601883941388826
365391527512 104119168345345168
357251252404 100659231961665364
373273488436 107506248556036090
413227314061 125220823950262976
323927578066 86909013364628910
236043242156 54060511664962426
317134842256 84189680862617176
162559743529 30896700907894809
158421731717 29724511100704253
353858773171 99228841267323880
241542038404 55960539971914884
426911562326 131492176489522626
357438929761 100738562477135265
444100817791 139513235674429435
235310005154 53808809499032834
398631186961 118645131684046976
295164341957 75594244454777533
234465590506 53519428310143426
309041461654 80987508455391914
233185424242 53081708147106178
164830714042 31546400925167682
465927625802 149923861793082102
364946281954 103928915580387074
407025275629 122412308945655744
318587562029 84768822742522389
274059431426 67633208666096126
477164362754 155379985772961794
343267022452 94807147776251898
444151711252 139537218467253748
261094529252 62891144734057252
241337739127 55889556748885123
268381051121 65542141637901201
202735787762 43031684631847822
364600357279 103781182564440539
148195207154 26893280633013634
368582813237 105486189652122368
398834793127 118736042702986248
179723806031 35917083740470920
136570274507 23791770951938383
290045079067 73636161265572607
298121324029 76733050097240384
179536798379 35861039182217704
448072637926 141389022183088450
172287728516 33711195263660026
353598030776 99119185595565850
215200473226 47060613353427650
215486605856 47154502986694426
415315410356 126171160405118970
170753790692 33261984658237732
404885258129 121448167373200369
259786050892 62418967639001978
134517323956 23257327886610426
206460632756 44223041694232570
321055669222 85755788565189338
135256425887 23449271299950043
231551353387 52524723083838447
467249128166 150562153818702810
229275202867 51752151641725928
150533375861 27532253378590976
278707646504 69361135863008704
128025843121 21594289660680576
288025699691 72868485842431151
400929230846 119672564257357826
206613597379 44272197450012904
143595208852 25650890808286202
342450535079 94469089508514824
413354597231 125278684620183176
192109800586 39693278741291190
354133076906 99344243798847426
433195716202 134406190880894402
440028469442 137598662509016578
266318981111 64788217492302851
463910350996 148951253040952180
336985608404 92216785711518714
246304080731 57623578599727551
406107305836 121998425008589690
448449483629 141567429891601344
204861124561 43710125555342976
132488156662 22733068686630218
128094670477 21611705820981952
487724779777 160566638524796673
307822510766 80508822933795026
191080983529 39374848096670809
174006047776 34216781243129626
212109196861 46050249997204101
196151210971 40952384443205951
281506183312 70408449862608922
126653180161 21247928552318976
138254641562 24233273573337922
172150983379 33671068223150919
314414587579 83108788715835624
268035356197 65415547547384413
197341806442 41325808151653078
370626491281 106364737769506801
280670174152 70095037076843552
304726337476 79297208019320900
189251207926 38810628382098626
370662652504 106380304823439504
336231570742 91907442859399178
498694353472 166014020419885338
422961293671 129671332427170451
137199720197 23956443143947392
445020176491 139946681622224360
197951039029 41517327154846464
401267788247 119824179320186888
175289132657 34595939667243537
252949305746 59971245001181826
324029807732 86950158607341562
371091555751 106565001396551251
258084842026 61806846195110850
163949981626 31293898093250626
319976400436 85323733693995476
183131401807 36943402905932587
223567474222 49831699554701442
276438134347 68515652328623567
161036353856 30463408095671720
246946701701 57849240447541376
138259374176 24234517884042376
140889979036 24929448597594490
131973898162 22600837999680718
446631105376 140707258946425626
260404876957 62642129185000512
271846566691 66815717779116776
351949173592 98426692469254032
219411720704 48448740872533274
353468536411 99064741534943976
163806856501 31252928561349376
446750199127 140763541908895752
273375035026 67380020633514626
152443369696 28057913595308826
206982745102 44390899399971202
288610411126 73090490414695626
217793070056 47913604240479770
167196650779 32228046153508584
347873499556 96721936112274020
142045832504 25236856923843504
150415429441 27499901441822401
292151004607 74439589056032187
387600063286 113754546174036490
174275157772 34296189215538042
452137260712 143317263201761818
160506164911 30313087301359240
481111341986 157311862157868290
471251075726 152500618114186626
134086641586 23145723202090190
145727918912 26224467648168872
299308552957 77191875347161408
144778226461 25968532664806565
390815962951 115173203738273800
309015518176 80977310528199450
162320350879 30828476213939419
238240823227 54817228084799327
210610559621 45563067247720576
268077091426 65430826731258626
349409963036 97363435610501740
390783251954 115158744169157774
186911399756 38093104004879676
467460858242 150664504455474178
190634291716 39236858279510010
484052726927 158756709061811848
207361238056 44512716324831770
349399931654 97359242756149434
137972934166 24159244736729026
182505559042 36754186184007682
427986880267 131989299265145103
477676394332 155630153783312762
336088899181 91848951050290645
364204240247 103612100104197763
182240428504 36674124579356944
176887869446 35070319660368826
170359557617 33146859125928832
351419133836 98204428370162940
153692708677 28403539643742848
256404975779 61204380528876264
396232025911 117575646054610115
314137895842 82999106449366878
479450102996 156497787569680180
302006319154 78237857709326414
222705039746 49543631257459326
315903196954 83699710345214374
154123242401 28522971978553600
255771612254 60977742763116194
207678846404 44615023536861764
251321711852 59393352232184698
366755442379 104702688460883279
394118834879 116636316232352904
209615498941 45240544546704901
361929894601 102643076822814400
360264248381 101935328022976320
311361105629 81901047947389504
362456731072 102867274200277288
355398266329 99877100922645824
305148828721 79462179027336576
158939448529 29870338239489664
382873314916 111680061979554810
328344501067 88692635525092328
469625376676 151712164852243450
246240917336 57601414106456976
202454434651 42942137740566975
172890522497 33888271315028992
218507102986 48149424021724726
165863520904 31843363348978714
392992986962 116136894514614318
187333511051 38222218260676751
330809373301 89693227541971200
240012593542 55429868424414778
360835743829 102177977859205549
282391530961 70740866985927601
133166960851 22908002051750376
256754555311 61329591269987976
274600153741 67833469111902901
242983615942 56462264825984578
441890714657 138473083799117537
288786700154 73157468390419014
236962080832 54376478562580762
262917998086 63551136268508226
127850315947 21549895238327663
195739295404 40823452696307164
184769685254 37440250862793794
357050948536 100574587252115226
169230784426 32817967049676950
498696350861 166015017809590976
441487505279 138283599379125384
393423085447 116327600187617288
387377340302 113656511645193602
168087208916 32485878693164026
400271333816 119378123411881776
367374918901 104968076245253376
213141490157 46386835069263808
470019903347 151903382463846567
172035995177 33637337957373977
382658078077 111585901727075648
143261001004 25561391858162554
301358496727 77986254953356323
344329245586 95247552479646190
243090286012 56499449425850572
269112724342 65810350583186378
302305608529 78354187601005184
291752125876 74287190550268500
178432925654 35530813187102314
356414068487 100305611294859272
348269816756 96887269942808570
193673764379 40178978137189119
331113654652 89817006991698298
172110498457 33659191222297408
277313993012 68841534881767418
486058067821 159744280144876480
381966405529 111283493130888489
195871962566 40864963422524410
188944334902 38716268757953802
317457470521 84318185639104576
409075049387 123338172766030447
474299527781 153982764593334301
209712632266 45271994107697526
141703850981 25145773468486301
303877555492 78966128033263332
446245577404 140525112301562234
132442347116 22721279302175610
130829168576 22307419875897626
484722026107 159086092116991208
267126774202 65083212478352902
224013037879 49980743617831944
315212839022 83425490827447938
452941156532 143699658380820308
244871566837 57121598515811597
255502759282 60881623320123662
159467610397 30019352410650688
365740393012 104268319077039572
207456559454 44543412793916674
297364308892 76440964851473132
379911703682 110386764710719358
317770696237 84443007812201493
144126241387 25793312579780072
235806257171 53979117748242951
474201162871 153934865357724680
346691730557 96229490192608837
346087456436 95978011681755476
190700984254 39257450350961154
430391111437 133103042051032768
193393798004 40091888083229844
304578807856 79239628757414426
479222947504 156386581610440504
428185818907 132081337730008808
150906720001 27634742798309376
398156308067 118433186460356328
496052322991 164696481316972235
156830521486 29277801350306290
155648800771 28947512084828951
478029308654 155802658482324114
204747203404 43673670471584634
299997545122 77458566157563138
149620636936 27282225927640090
383247060757 111843628486400237
261819826636 63153385836800890
186803806996 38060217120936180
197969915704 41523265959726874
170659133201 33234330259085425
277598554171 68947523031353576
365022321952 103961399145182152
317294144356 84253123680960676
152579232667 28095431306227432
470420415466 152097583183555010
388411386001 114111898975669376
294352777357 75282685161413312
209490553829 45200100875684224
329403688616 89122144377731610
349779552607 97517956301468187
217400553316 47784134351338660
494790142477 164068287994849077
341697017827 94157460737929527
378862057102 109929604190477698
483292452826 158382830568465126
418743812797 127736683444167488
309907654687 81328239399621768
127489018582 21458611637342658
350180301251 97685596476934376
304562417881 79233232782739945
230999103661 52336927919017365
299263679836 77174516774863226
322130333812 86186722449381268
444690040916 139790982502818810
481620579077 157561690825115773
490662506272 162019539992543688
240662222201 55655064182221376
334582041301 91231935057601325
160609298942 30342308756500482
354160008154 99355576474740034
224461725154 50130982414040834
249729759451 58829921596634175
137015916941 23908318395134901
364123165252 103577504593045498
441395422666 138240338161775810
434698399906 135106146384472670
358909079662 101360709551509122
221990838041 49305497074378560
281578971142 70435759456129978
126262923941 21149797337996160
243797828341 56746301259173901
345026676166 95537081568674810
232914386387 52989187475429447
486453517981 159939268514731301
433414482167 134508017468738307
486800778829 160110561093704949
211247725007 45769988339074987
182963195822 36892515842755538
248739914504 58480495079762144
355254112987 99816340216707647
495481753657 164412407104974912
435493180012 135476847548588572
292261852612 74481958932502522
385908798247 113010818841897992
415604371072 126302861043340392
266286869977 64776500179641577
168024595754 32467728687123394
466950467306 150417820132991426
220503447487 48810790138463368
350698518766 97902518192856210
155896066537 29016519142059968
456097976506 145204568062357570
162206985952 30796185801263898
232205791504 52747557990780954
146691007129 26484865749492544
229528531954 51837947809113474
192397520722 39782484287649838
192962424607 39957822717525083
487439391121 160425727446807680
295220432602 75615793470971202
487252798036 160333619128791476
310730123629 81652211813843904
228225449467 51397131971917032
292824826004 74697270515522554
218840409526 48259635417555850
352746662017 98761422520976257
327605055976 88393194985445376
264266317504 64040625697726504
235923704417 54019450600818432
403688413612 120910062389574522
388980081211 114362607417136351
453308617531 143874564398691295
366943029457 104783028348880512
202842141712 43065550335393818
242163110081 56176513950834176
408090623879 122893226656772104
316705722257 84018861058090112
222125454982 49350352751978562
173399543857 34038041460281937
339837878101 93390054326436525
198165656927 41584864940893723
199527814487 42014372369134243
447550239754 141141830544064194
261562277902 63060223954727298
283002095279 70970416448283339
203112928762 43151815646078918
139890613097 24664673557937088
286173737917 72166816272183557
275677999312 68233245395541018
359489674702 101606760807796402
471971703529 152850553370933184
295800860747 75838903683132367
417581473129 127205199477233369
273114819202 67283838552912898
250200659746 58996398166159326
307921382147 80547614749446167
288369620462 72999039202738818
181488966527 36447521703186427
461559192446 147820331650973826
236872594487 54345679353611272
484142268106 158800761889252470
318384045254 84687608965733954
265095750154 64342361538113334
331692500371 90052634260434055
499708542487 166520709295350243
160209414541 30229059979907776
249560174371 58770006890520055
160819069147 30401772895490792
375890885932 108638981476948858
126048439279 21095928975678859
187295562742 38210604778383178
206451636601 44220151312845376
446447769847 140620630387805192
160154511862 30213522357004618
434128881307 134840719953829608
495702772972 164522428476009338
299581732597 77297579342306317
269674984811 66016705957207215
149674797757 27297041024496133
158414414251 29722451669414376
376217836166 108780753803124026
463776471061 148886778873982976
163189274161 31076351064558976
224977935079 50304016387081224
129070356851 21859097495910376
336069222721 91840885162667201
474614169187 154136013995265768
218569909196 48170185148328826
206537107987 44247615021428743
273674584366 67490798026131026
147926386927 26820138743731848
373421252101 107570090882053501
269228651707 65852879493601887
126712072579 21262750390024599
455488832927 144913772196361352
344428835326 95288877914562050
445424995477 140137681902622573
147973168046 26832862401152130
453768629629 144093623314484544
432370488656 134022312739808920
257099353427 61453172953366727
189337349296 38837129537804826
132666322961 22778940319070065
226693041131 50880346310137320
327020084629 88156548321096704
274227516754 67695439149697154
138339315004 24255539344157004
425782227004 130970754954454604
252688338652 59878460628037548
284803026004 71648941530091444
193528778731 40133869114463720
466555299277 150226918407010677
273844771831 67553762665986051
388560352741 114177553012707485
143308644662 25574144183514122
125185318636 20879617567192476
374855471012 108190411188589668
232848186991 52966598023796360
302035852811 78249334495822351
402644983511 120441583338309640
466260722957 150084664113272512
254919063436 60673116342836090
174604746331 34393526529510120
279187918636 69540499024911226
271652676779 66744247727061359
309765959857 81272468845646208
470025720704 151906202597810024
420392691097 128491904987233088
200642437186 42366921347681726
188279172547 38512002667104488
128253144881 21651824172292945
426636247129 131364998005776704
190857881197 39305908247059392
152103977026 27964265475272126
156142410901 29085323496015725
461513075654 147798177939607034
474913321346 154281766313075326
188189591254 38484520492396994
453615266342 144020578987888282
317039280196 84151630463195076
245563473611 57363872999470415
214237815491 46745191675864151
316033567852 83751529094375452
269569975192 65978149995315482
378104254004 109599945795957204
490669440626 162022974650890626
284923794404 71694519614998564
391652768536 115543310959315226
449623643042 142123785447993182
378619233916 109823935673602060
248261935691 58312011717507535
450840168097 142700981967087713
297675949846 76561162822422826
485192780822 159317901511368642
176131511404 34845623374547834
477894384191 155736699815199035
319642899682 85190373242713858
452495833706 143487786356307926
171104602592 33364541982817032
456362574662 145330943714624122
221557941616 49161343960323610
163499635042 31165046934885278
269205904496 65844533769356826
180614022754 36184273523611294
431066802817 133416612361823232
377038872877 109137043745433877
283879994752 71300908135718248
377666101352 109409491896152448
283840060736 71285863574227226
175839621826 34759038631642626
481810998904 157655143592361584
490952800417 162163346487730432
225064474987 50333044079081647
201903117154 42766849071827714
214165163216 46721415346986010
149928225437 27366398989380672
173759546279 34144098363309064
252113549006 59674268595997570
395602901254 117295732751868994
481165294621 157338324738384805
317221656941 84224253248308160
211860465392 45969271920724728
291131426392 74050248741401882
150678815281 27572163919646801
162091383136 30763269575299976
125711258911 21011337910965851
386131977506 113108867907463426
384240516766 112278793324605026
243760122652 56733137213363052
199119939454 41885609371014274
138013385654 24169870189778314
226020873971 50654216128710951
310758504067 81663398594948328
324705572731 87222302712347551
206328922921 44180730831348505
457791965092 146014273239948282
278335962461 69222432200510565
200504364379 42323196416210879
236325031261 54157347014374976
313406716471 82709495041901576
151627810642 27833053634830382
211295827486 45785622426432226
262493959081 63397453499739801
155856982142 29005607804926978
262670056807 63461260838425608
237961343257 54720797291362112
307464823226 80368537608390150
227266415146 51073505720738326
385598738932 112874647920281108
462148344907 148103447697400808
324756343927 87242760737315848
230408818031 52136446526871176
136579159336 23794092717683226
322678782812 86406924461932922
178832200276 35650139514685876
227350696771 51101919247929576
143295796154 25570704936649734
386265564454 113167570053566274
432233802029 133958764393051584
380240397541 110530053212987776
323220462121 86624592211120576
414987374936 126021706071672090
359666913181 101681912581850176
219469356551 48467832170521075
419079737806 127890423893621426
437634853462 136477450200739818
255002611732 60702946718925812
288116025451 72902766229773800
473157760079 153427081599385224
142681347722 25406411501126338
328583601812 88789532298577268
360368663204 101979646894676324
150793020697 27603516932735913
218876797636 48271672622544890
172213773761 33689491706160640
453368605879 143903124701213704
211855257916 45967577060435276
421805051404 129139975140144764
468700294916 151264114879181060
204778560562 43683703837113422
225961711879 50634328924571379
495463835332 164403488603633658
388295053147 114060636409043688
202542893417 42970285010414528
362088160606 102710410422279426
459874545131 147011774839027176
155830184246 28998127326341826
283950074437 71327312198828672
197533465697 41386026532460288
406052332697 121973654167119913
147448121447 26690174255969288
290859077161 73946363576483865
494780194762 164063340148136822
341735872727 94173521391421448
401798302831 120061886600599176
261697547531 63109148680225551
195378443066 40710615425193026
395239180417 117134005733729153
345335763712 95665488823658472
155464177246 28896022982300930
289484785451 73422894588800751
465362116171 149650994198207951
358276469266 101092841100025710
406911600382 122361030979471362
224130858527 50020180221351048
394275996011 116706089095844015
243637948327 56690489943686152
236904945292 54356813109612028
413191860097 125204708794098817
470911348051 152335739863462376
192275337382 39744594072855362
181657096391 36498180493088776
313630812002 82798220738243998
282450904201 70763178232388800
139512145879 24564647590045704
133758005591 23060682712266760
494537501504 163942643511749544
354122977952 99339994267567898
186039325154 37826817865994014
273365422579 67376466825346599
434840138462 135172231242226722
254447308397 60504771016889813
217376156404 47776090994411514
303489445417 78814893854384153
228027538222 51330291010272338
273853652629 67557048852092269
260899456547 62820675645150967
293284938382 74873396251574258
279720210904 69739470022802714
217246282381 47733280749765301
296763858029 76209552270076864
398862480436 118748406996880340
164558100142 31468171227036882
157055744197 29340892371683517
441329655251 138209442816961000
498850161826 166091828813858050
457108064732 145687196851696812
192782931331 39902082605350120
234408756754 53499970053196654
321505366261 85936026696080640
458652587681 146426214575560801
179440934779 35832321011838184
301161336466 77909735034486510
361235975137 102348025540199168
350775572492 97934785962462332
166790953396 32110816736120826
313640316056 82801984360260176
203688871192 43335486309427482
349176770651 97265982879558376
131199262877 22402142937326373
388070368567 113961649931499203
230700130481 52235354244091345
205894899487 44041399422129243
318324997657 84664050760703808
455103316129 144729832780505344
139535917129 24570926159570169
489915864181 161649862355925645
246579989132 57720430176443258
267139200097 65087753732921088
410289811012 123887965778569668
156088768357 29070336426306333
143241731662 25556234818613122
207007838521 44398972203800201
444229942072 139574086266703642
296708391281 76188187296866176
418644068096 127691045854639080
222149450404 49358349688273914
135039107896 23392779648134576
140707963342 24881154644847282
271763251904 66785003866143784
208000567672 44718735379458842
354458003407 99481001710091912
391953741806 115676523912311426
198447165011 41673507758399976
207729763642 44631432151458882
182955331966 36890137376257026
250485111529 59097035858546009
179629091272 35888694909270042
180129923437 36038893998979797
296147852029 75972387936723264
396393169306 117647378553711426
318637054366 84788576680864610
494502693829 163925335325738624
426466298197 131286512657100288
334493700487 91195805011820147
209980836991 45358870515818235
162918592432 30999063644391962
418487611817 127619471174651328
242056643654 56139471193205114
431332398004 133539935312793594
282808778851 70897709849030376
244982850301 57160541885997376
305838249754 79731623927056194
315746628446 83637492916333826
189916234666 39015378363609026
450679705301 142624803618419200
365207756047 104040629015076488
276336276491 68477787332624360
226688327779 50878759477702839
127041014146 21345600585165826
173983631329 34210169450439424
388452811754 114130155263595094
294984580466 75525197121802510
478436152702 156001603088864898
151405965187 27771992445377768
185287368127 37597709828808123
402153369697 120221068849051392
418255268746 127513204946356930
238754665711 54994670115443851
304913728156 79370364732349420
151396610512 27769418628162072
125196327029 20882371759789709
297890490647 76643946448590563
362724977512 102981490182651418
214523307637 46838661451053197
330158973701 89428840571036800
270116542516 66178913072300026
258054668029 61796007280492864
320539026802 85548874556404098
221647150307 49191038656677608
208738434751 44956901225970875
167197807316 32228380547388410
426222517561 131173957856843840
265627560629 64536075248225869
353808299401 99207611280401600
481032870826 157273376428634050
234225976831 53437407409239176
339050185247 93065546298812763
355356956242 99859687440357678
391836879632 115624793789919258
192439704692 39795568732195732
164408975452 31425405583236652
423815243447 130064236246820163
330199604926 89445349515176450
214191997306 46730196655353926
207980573726 44712287681766626
277328143129 68846803974985129
167098359754 32199631127168194
378495676379 109770180576988479
126048439279 21095928975678859
354419273776 99464697552089626
446804080087 140789008178897443
398501727626 118587339612723126
151378452262 27764422848708418
250254424312 59015415432434672
324550865947 87159974172177663
265006196191 64309760313345160
229435718701 51806508804564501
202461434281 42944364774346176
327340419127 88286111535498248
247571160617 58068806007828928
183591639947 37082757395098767
152475396977 28066756223512448
254183430502 60410674466353498
365047100741 103971985139419776
139141576576 24466840347577626
380898211646 110817002104022530
432941644657 134287963259868433
453109636991 143779843791344776
174471810256 34354255484311320
269857882532 66083877706456058
182230769072 36671208814606392
459227423981 146701578273641301
128045072432 21599154998456858
240557473501 55618732147857125
345886980586 95894628863498690
164977732154 31588616331373634
403893307066 121002126602297410
472412898232 153064928447137562
221761683301 49229171758677376
354287945566 99409418454961410
364073671271 103556386909549576
486759337786 160090116351982726
398865159904 118749603587001114
388237774432 114035399120809608
229677614404 51888460409784314
353847836882 99224241179826862
157553823841 29480578712500385
288059095801 72881159691226825
147085591501 26591800201949376
197223087226 41288521829123650
189074679392 38756338707502728
173604540391 34098420064930835
149503595521 27250219694104576
483932695702 158697662011198402
240490196629 55595401369570304
392435539486 115889877542508290
431101158427 133432562451924223
464703431654 149333377169518914
215247711382 47076109464423362
418578188204 127660905886383324
143973804529 25752402451387264
165410552036 31713007268381476
430165689571 132998484513616951
434631268654 135074850550001234
283033694126 70982303184055250
167388112102 32283419833012698
370090306954 106134004775099074
157900925704 29578054036889824
423121343656 129744941536153920
308596642537 80812717109425497
233309731061 53124159143582976
326008341551 87747753195722376
127896841681 21561659584250801
459178548896 146678158945781530
126234784417 21142727416246528
191764696754 39586369880734594
133708874251 23047978060111375
279376256254 69610878015444994
459483341879 146824226031338504
231826363661 52618325239682101
497836844696 165586010751846480
304380596797 79162291013494592
206523611329 44243277890625024
164223237754 31372167260400454
492347010404 162854605326013434
346706719256 96235730771162320
133278456487 22936778100235272
147850247437 26799434417624768
480032924536 156783233461406490
331161669029 89836544089722589
144067189372 25777461970725242
249715625161 58824927149855865
334462620382 91183094857268258
231099710879 52371123180719579
491287785626 162329344976061250
137913055837 24143519265361472
161419085767 30572075361943603
377919920746 109519807326394326
274338614629 67736581553720704
177495075956 35251054570486676
304786452377 79320674231634752
212029092004 46024165532646394
237875117132 54691057555863612
322941528947 86512483248618663
466120711102 150017066529563202
486113283121 159771500915080576
130662975601 22264927488426001
318054565831 84556184563154995
388494239716 114148413498582010
274887026779 67939794733066984
395003607077 117029298683723648
351242263297 98130297681983488
241552464154 55964163175470914
438691736329 136972135912313024
254186282504 60411691204353504
285377659387 71865894956840168
248383854154 58354971516938434
263562321562 63784893149918018
169844530207 32996659336040283
181755358822 36527798558696538
146517731129 26437952440739904
482506252426 157996511522131126
129126251206 21873298281295426
145140058477 26065945002341077
462765772036 148400344798175226
336389856797 91972350747414592
302957561216 78607792494112026
343296851746 94819505911068930
256389937742 61198996189804082
303399077879 78779694365346819
353691382331 99158440111203551
310379416904 81514015123772064
155354904992 28865562767505178
136189022152 23692214031702048
370961480576 106508976457633050
300367915057 77602053308259712
455142432917 144748492798796653
199658599571 42055688096857576
445531656742 140188020900022082
178989522142 35697192991006978
167702438512 32374396746999322
173156414887 33966477782236168
141839635421 25181925193728576
348760728254 97092196660644354
295161268651 75593063805092975
291514609267 74196492694218728
377185642786 109200775643220226
157867771657 29568738876911808
475841584654 154734325112299634
362403093691 102844441142636776
290109821782 73660817816436162
212107894222 46049825780764338
146746802126 26499977768680626
206291023976 44168558561881626
153304303504 28295937413881944
360126749504 101876976421251354
299684690956 77337430507797370
234002219887 53360852213868043
377169140602 109193609281029702
329854319201 89305088235339425
370326937579 106235812026173999
233395125811 53153328154277351
286405284904 72254420744513984
227030509721 50994003880412201
343804148032 95029758544251162
338418056351 92805398847852251
329705698862 89244738568507522
164916275206 31570967032810426
360614904379 102084189386822879
392938022257 116112530680830737
305485625482 79593770577147062
374977567001 108243274356488000
207334835327 44504215068534523
266348174731 64798870820817551
227434994021 51130343311292701
466957232029 150421088806556709
321788492029 86049567916840389
196883458787 41181916191436343
451467101107 142998743028500583
169424570779 32874353066348264
404878959046 121445333201589826
125986689466 21080428846291010
270362825471 66269443240163451
214939444727 46975015645522952
252922278379 59961633454601704
300520623547 77661240752320863
411756799027 124553000399613927
139545426196 24573437886905076
414746897996 125912181269416826
221448119761 49124796015545265
262070986277 63244280763779677
316226788816 83828348629904410
344228010779 95205550537776639
140920237942 24937480173633482
416674490761 126790991926248640
404714300404 121371255501190164
215986480882 47318678209534862
449382810529 142009611750171489
464210928832 149096039807785512
254518650247 60530219279067763
241685238377 56010312309094873
308624139727 80823518459362952
428422754971 132190983507599080
232275988991 52771478767286651
327656053342 88413835684869378
342906687592 94657905181344128
289532724167 73441133616363528
178397084504 35520108304736144
240626147227 55642550702665448
245747118712 57428234593743472
423037635577 129706441344515648
451982271836 143243577537714476
341496991396 94074794364007780
368313267316 105370497104828410
183170741692 36955307705903482
269932087636 66111137062761140
204403711891 43563813635478151
361756352311 102569260913107976
438389238431 136830487488946395
442237678346 138636205309957826
396128768917 117529689180268653
288822420436 73171042186884090
419977418296 128301561372838576
448013000992 141360795515301832
138872668621 24395946860560576
287494658341 72667054011223901
141468113404 25083051003488634
344203119254 95195224083274154
373262256137 107501396079312697
164092023502 31334575229594498
302497698206 78428880712086370
498010483037 165672649382101093
370036107676 106110690820158700
251455725704 59440864632464224
187204380106 38182704578507970
338125238341 92684974291565885
181318505722 36396184532982338
348594547732 97022809894430708
428881078936 132403165967221840
331322827466 89902129973649526
385110626254 112660390975138994
128186806612 21635027388826618
433404240826 134503249970882626
331977631196 90168776387319980
302539701647 78445216700867563
316659563392 84000493487901978
167166582221 32219352724496576
370779758092 106430722848597628
441133321696 138117225534797576
196128037057 40945127288708608
196026589012 40913362815075322
185477955392 37655734504089882
425442703396 130814129741175780
462789823486 148411914231092226
210149362361 45413487356006665
148086887872 26863800619374888
136038235246 23652877270412930
229677614404 51888460409784314
136502863751 23774157768405000
142116197546 25255611582452630
367625256779 105075386143658984
366248597731 104485719535722551
162930009062 31002322124697922
217310884912 47754574018582968
475891338622 154758594276955138
411558085654 124462847519973314
141072643552 24977946073955098
341985588826 94276763204962626
126563106287 21225265740196747
415495885079 126253410632482824
409681299892 123612455814850132
305350415602 79540933327629698
158144911607 29646635854781187
133620460582 23025121446606658
403497046957 120824097234512533
244722528607 57069456819971208
317300517272 84255662056420688
470770639616 152267467989964776
411776763752 124562059258821248
391312100131 115392590397186551
435686387602 135567014536493698
128363577904 21679795338996664
484478859547 158966395930451967
229425557806 51803067350071426
201725228254 42710341194244354
452712758492 143590980026368428
344104391737 95154269835874368
433679868182 134631578279040962
265384901531 64447661797682920
286233507421 72189426328448576
420281748254 128441044239271394
337170349154 92292628163424414
227968789297 51310455199454592
371718130879 106835012372333704
207972834392 44709791965187728
264346293829 64069699351250749
186284008537 37901468566683968
181428121501 36429194420749376
484882529762 159165114807681822
217848512702 47931901159184898
260859728452 62806327287441402
379810595704 110342700868039024
231663652222 52562938265277442
297611139772 76536160797113292
342465431816 94475253744768026
187922201392 38402528262201882
332664892004 90448922817295354
414520148387 125808937636803447
282178139467 70660698201331407
172183257379 33680537398620904
391905932447 115655359725024392
247978749404 58212267486810284
453720998504 144070936097607194
192688560079 39872786819481224
433288801352 134449515060146202
153697144097 28404769200936192
399084013504 118847352250091304
198054242507 41549799535963112
364491915916 103734885259484026
195445335079 40731524463775699
238809950551 55013772672409251
444645717754 139770083134660294
212105288956 46048977355700620
341192931212 93949179574430972
223943431147 49957449916339688
417783463372 127297507200822138
343298508967 94820192505601032
413859376946 125508236231381326
217953477029 47966547364551389
350675906779 97893049649418984
388325897282 114074227260250558
243526970779 56651760388440959
157617262154 29498385847019714
454678864004 144527406464995204
149955058621 27373746116413701
380011953322 110430460270745538
204932181322 43732869048177142
152804146972 28157576705908588
404032628351 121064740792321275
200110674766 42198605355935026
477379304404 155484985467991034
134061267916 23139153591004026
474426151096 154044431698966576
310652872336 81621764085745690
272969241127 67230049346396627
475981097456 154802380364070426
146562123346 26449968692531330
286983046816 72473168067168026
125861730061 21049073781826101
239186057191 55143787385046035
369886435051 106046317634216751
254894787011 60664449519519976
152078055257 27957117210483008
202039127957 42810070823232512
456942666352 145608131546588698
336320960879 91944096927569544
258192620701 61845566950644800
406792529056 122307326566655770
419172209467 127932755570637032
159899931787 30141510242067343
192792245536 39904974414519240
493965816379 163658449109543144
144764236082 25964768619790158
438589643332 136924324128275908
232134923252 52723412309141498
445208880391 140035704432893960
277301332687 68836820657829547
330749184476 89668749905461626
360114868117 101871934735868928
255790208377 60984393057484873
452583358504 143529419955322304
174596473276 34391082125109626
268708641329 65662181012925824
196982617612 41213031561563772
222446834507 49457494503724008
206755043629 44317667928913344
364681485379 103815823411331304
497599388407 165467553959958787
232009567456 52680711079193370
453213406081 143829238345199745
420539414857 128559179482006208
282825324754 70903931815896194
214716581017 46901974235853632
420908171266 128728310257025026
213702703204 46570164316885924
215243118556 47074602748815020
404214231502 121146373633678002
325726593502 87634025593972002
477765343829 155673626337861549
442685453212 138846816782393722
451529818366 143028541895460610
440120409367 137641789758029832
292427781662 74545397674005218
391781995837 115600501632241472
265378344716 64445273366353276
455723658254 145025851214123394
149555547506 27264424977350926
195481599086 40742861326718226
379881195547 110373468350240488
188619284504 38616403355482394
243153741404 56521573497307514
488089290154 160746676034256834
316225993547 83828032403910863
162375053647 30844061565931563
152706866404 28130691785826084
358654952212 101253075076041722
429728001847 132795549830048963
386472142379 113258366629748719
379930009151 110394743039550600
332821520516 90512809433993210
376714170004 108996092093126004
389742520171 114699015145966255
360884167666 102198546852455810
448688171351 141680469115451400
369897616442 106051126224960578
146909914327 26544173020678152
477063747616 155330843075676360
157555507879 29481051375655944
182946258496 36887393118865576
295445617166 75702325932573810
486378557471 159902300933380955
468895890607 151358811995434187
160377577129 30276667061906329
320222038504 85422004029142554
469306580611 151557710707635351
174037905211 34226178413918440
259309811629 62247406718625429
389287084897 114498025747025313
146832411187 26523170483399143
470556220996 152163451479975930
384827206351 112536046159691400
195205952036 40656714866666490
430448635936 133129728054419226
165890016007 31850993667072008
259626054937 62361312976164672
264179811287 64009183196456968
387538433921 113727416357477505
271789056004 66794516018626554
346310460442 96070792889511078
407247258772 122512464355154938
152973909376 28204513550265626
228193696831 51386406137863995
159628037879 30064663910583304
184162287754 37255785263321794
320519810926 85541181859960450
303434132654 78793348095048834
245261519752 57258100371049498
327495789271 88348975733229576
182614324312 36787046918640922
160951237931 30439259069126895
234671071156 53589798704402426
337743778141 92528172878796901
128166047779 21629772165696759
139440316187 24545678858749672
433041216931 134334293293075176
411963729661 124646904435431365
419863781162 128249491275449622
489986147081 161684648842154176
162972824987 31014543459531647
232118570576 52717841275393050
392561351557 115945612258627712
297631970812 76544196568689018
397785171379 118267630824199144
337190057822 92300720478452642
137334377917 23991720706811653
186677302879 38021561890055304
133268647129 22934245907656169
257903824504 61741831714970394
268040481401 65417423810253376
283334723926 71095576711817450
402080729626 120188497404393126
125211839677 20886253078614848
390663912629 115105996545423104
187912392536 38399521590355226
282342684241 70722513148379776
320531820781 85545989741193045
141776793754 25165191855964994
164624080702 31487099169318402
459086555792 146634082266826778
241790232301 56046814654347200
454514859166 144449215887229026
395302308221 117162069924982080
334362028891 91141962191788776
222996784879 49641016953312904
360401773502 101993701901632002
174866630654 34470934301325314
222002831954 49309493011411074
205568399401 43936682186801600
292590697907 74607702059815912
319813227262 85258475234264322
238608191837 54944069726574693
289167576887 73302245735900168
128241496462 21648874489742722
363796396546 103438108165027326
205290853762 43847731304029822
265088468779 64339710620659439
461669689966 147873417256337026
137881546147 24135245443074792
417399632302 127122118948820098
255801652481 60988485786649345
497910687187 165622853373571143
146706173651 26488973302438376
210842971252 45638507309717498
202982291282 43110190952061058
357325641136 100690673307729976
135265788002 23451705995193502
380302316002 110557052448329502
151934146904 27917443691536784
451619150467 143070989852260503
150751835872 27592209021242138
308271483004 80685025575931404
166755146257 32100476824955008
499164849031 166249016018119795
374121582556 107872845335637676
486769204541 160094983989760901
262676580079 63463624895029899
288086421331 72891530296868551
363309501991 103230519689956360
218974067977 48303854612267577
327419718032 88318194742491162
188672723471 38632815531054955
351530643829 98251174474426624
141770403856 25163490575974426
167215155851 32233396733159400
195262815661 40674481167102101
251402541329 59422007474077824
300218344882 77544096809559758
153719322157 28410917519166912
310590605326 81597224999552626
270473137796 66310005881971076
270854256037 66450209474832093
285881033176 72056123825159450
379861148011 110364731323314351
360694738532 102118090900053412
233537940736 53202122587563290
264353565004 64072342846909244
287308909631 72596640668247176
347453232856 96546713996508176
244103771122 56853151549482638
178631311756 35590085748269820
446557388629 140672424632057344
149085574276 27136009582975876
284352634876 71479048808245626
336302917876 91936698073925626
182269408336 36682872800941976
388050106096 113952724556172826
174711131641 34424964904848960
334874139772 91351432836082042
345399758797 95692082109239488
198340710052 41639979236586852
310338448366 81497876479771026
253378380647 60123902565820563
178243605646 35474280054205826
242031596132 56130757617416612
287991546581 72855525471474176
184336508521 37308664751506905
406742019212 122284547624573818
172153330477 33671756830605077
478213149436 155892545180910476
163525940671 31172568509965755
283877734261 71300056500254976
259424328517 62288646025173632
432713695187 134181920595937768
285796350704 72024109934120474
326324140912 87875284033162872
419703432337 128176029224889472
293238221654 74855507318570434
375242609666 108358057908609026
481054449757 157283959378370112
357844887121 100910230380992305
202137669052 42841394475419852
423276823487 129816462103135368
191267723266 39432582655731710
305300403346 79521392526451330
281421401107 70376644496600583
301130293486 77897689217414290
338896214122 93002158388002242
130482073282 22218704908921662
142766831482 25429247312379458
291007060652 74002804517251548
398075107129 118396957971628169
434969774866 135232682966161026
460339794961 147234926574367601
407623685506 122682364752780926
266378099852 64809791694478202
350795674856 97943204807378176
319299983251 85053320172362375
430572976211 133187416440062440
499130878016 166232045007748776
133407560612 22970113786518522
379595350271 110248914342589576
226369280512 50771384992936168
459752755687 146953378566490643
495126434056 164235583724919520
460522121906 147322408364734926
126941228779 21320456393655784
345792169921 95855203199448576
177419416087 35228517538242568
276730429276 68624349800169850
425373523621 130782224167287680
334148628766 91054721659146210
490023765352 161703269011676698
217826730821 47924712528560701
299392892579 77224504533665399
404268180892 121170628079057132
141697995076 25144214761261050
369875253829 106041509188829824
208154101591 44768257707210760
319911606106 85297818262171970
162957410606 31010143409059970
141226194454 25018738177260074
243392296151 56604772747118600
180750480626 36225288325541250
255241906922 60788412553019842
257631699472 61644137873776088
146391087872 26403682173306138
201861814529 42753726732222209
466528252327 150213855250813523
303831561629 78948200637322304
349241956382 97293221177280258
159484553152 30024136684630298
298784984852 76989420972254452
432914659751 134275408356949000
339442269541 93227027298022685
150802356706 27606080488775426
265507310279 64492256681875464
382271503772 111416852489970042
286533205567 72302833982596232
320955512222 85715662916590338
190889391904 39315642786757064
370264976071 106209150748294451
246151098904 57569901062501584
486188223187 159808448334813672
158771478296 29822999397583130
190238699207 39114788705663283
188213518417 38491860341067057
222860568877 49595539572045248
251811851281 59567184605682545
145311979061 26112272013662976
195663595142 40799772859426882
234823870087 53642147313027443
363439081307 103285752517204712
406245205654 122060569906470314
163009365691 31024974871341151
472966140346 153333888491640326
374747246512 108143561073019418
130637927977 22258525628821952
390804469742 115168123211208082
416235511402 126590677299491798
171513166771 33484115351703655
138528740704 24305375495583624
356817754066 100476073489505410
128903761879 21816789826676744
202831950904 43062304947748634
156783480436 29264629585795476
173803172572 34156958162059642
397701332732 118230243000494458
402560634256 120403738716518426
178920124504 35676434266330394
198335671472 41638392533580088
447735694072 141229568472224538
415484946101 126248424752965376
202151657477 42845841651016573
138569273581 24316043748829120
451116534871 142832216527132680
143296331497 25570848232445888
181192067137 36358120986823168
345329115212 95662726167467068
162592246126 30905967723333250
182553895162 36768788537965122
340417695629 93629163841741504
337102194451 92264645886989800
168849355522 32707076978013438
200550594476 42337834899061626
388055391907 113955052870023912
301167545254 77912144346908954
458053225546 146139285976144630
176692237492 35012155833561082
137745570629 24099551800887869
138608759356 24326437905286220
260044887379 62512277159147719
348194707751 96855929076821000
198711851321 41756911013312576
138309334486 24247654872652226
262580188861 63428695368287040
491597104142 162482674861674882
158632321954 29783800099086174
409526527621 123542413623400576
152920813936 28189830630168090
267233500129 65122220724756769
219693346954 48542050552200374
192383253661 39778059315878976
150389103529 27492682146203289
183973590992 37198540231031832
282601995901 70819965972626501
413002797977 125118784644940073
402043066987 120171610823501743
153976149646 28482148884204530
282293841746 70704162485729326
338029030879 92645419315053704
384947405767 112588775660307507
397777143892 118264050797794228
418283622121 127526171284986201
190848613837 39303045452980597
125733823846 21016995414037826
140342695504 24784332902765594
133460769691 22983857478833535
179970901177 35991180720780352
342027768427 94294205524471727
241335654886 55888832739836226
196411228391 41033841013408776
138165262957 24209777926552512
171736971212 33549676011510972
166617151481 32060638905510345
353478626029 99068983212873664
365424867754 104133419248377794
206857300822 44350550058833642
425327406896 130760956667093530
293168536402 74828825845984302
164779043557 31531568511971712
396476869961 117684643403637440
144156845827 25801528632448023
187786739221 38361012492894701
223548082879 49825216388821179
335731533307 91702494381597983
251281301987 59379028066510647
332502591982 90382738734445458
445672318106 140254415525541926
313281637904 82659986724773914
214079436292 46693365368769028
467165029529 150521506844947264
134467016167 23244282171344403
127385019379 21432359664160744
414464608741 125783653629499776
413186405776 125202229662028376
254544335761 60539382399969265
254699189782 60594635244212162
148114644316 26871353744556410
246119526004 57558824989235194
203929566842 43412322260183878
320164421116 85398950145436026
334685938477 91274433522197952
486852089231 160135876042607595
257251396117 61507694056003053
181792138711 36538886738962440
205866023617 44032134815804928
365376140221 104112591444029701
222023488897 49316375409053313
497780967532 165558133481057308
252150475012 59687379442147322
493809778946 163580908803651326
152700234766 28128859346535026
445931041921 140376565054789505
126730699526 21267439071990850
315924658606 83708240010531970
232786090957 52945411695260533
282390027922 70740302205120238
270640119904 66371422152254234
398363363311 118525582637667976
194899281292 40560944195084028
318643440754 84791125799651854
483628748779 158548173922458159
138522950777 24303851714175552
229737938782 51908904371680162
136517494129 23777980046098304
139962558661 24683703537434240
133029720146 22872597963366530
497821877291 165578543318915560
210421089727 45501596723725448
168300064879 32547605647358219
225265794937 50400593516660297
420042491642 128331382047074882
235777414952 53969214505555648
394712126761 116899785452054976
367014993391 104813854549808776
496955149726 165146313188726626
230285286532 52094523425624058
222457506691 49461053733117160
274168273754 67673503347740994
313850233951 82885126751626376
168735475504 32673993722140344
135407819801 23488652869947200
207214434442 44465454772556482
129704195182 22020313563704962
353012972132 98873285287179258
249208469092 58645813684442532
296744598154 76202133424005814
397401726404 118096665839523834
143734577042 25688243609303682
166022523262 31889163541820418
387058772881 113516338871944320
349824719476 97536845594217876
421885881736 129177097500730976
206733180592 44310638640036378
177064566329 35122881506549824
406204644454 122042289805131074
202820486551 43058654081544200
433938814201 134752177144628800
404647726637 121341309139510293
272103964661 66910637014596365
182992838029 36901481750753984
175977230654 34799849316685314
220572517579 48833726054018024
154692290977 28681085157640448
443476196872 139219004230665242
301766994376 78144876741140000
148700857186 27031040087444226
417426129254 127134223909112154
270829232326 66441000868045050
489405227227 161397197781109823
484641291982 159046348261362562
405153464536 121568863006568976
195931427056 40883574053727770
192297042247 39751324078642867
211175581556 45746543881746426
382867189454 111677381890852274
333717948029 90878739043697984
282130813552 70642922492995098
138150544547 24205909512608488
210340655701 45475509535884800
260710955561 62752605582102976
455835364706 145079177360979870
247279226377 57966124704450873
428245046779 132108743488074984
179451119071 35835371589203355
474371603596 154017865389123580
333099790156 90626348875023676
148964375707 27102926100038783
196908559927 41189792019254723
427616884867 131818178702449303
245876833127 57473709743903752
240308526746 55532416829141826
428046094379 132016692290704879
126220213396 21139066826065780
492015632137 162690216933503168
168549050902 32619859651620802
154407635617 28601955729944832
495056778491 164200927347336735
315449493487 83519459394459272
164035313926 31318332954827450
352818900254 98791761803981794
252016276129 59639735751826529
469701942607 151749268243031083
285120097654 71768625221349834
432125026076 133908199456128876
388520684251 114160068709217000
228211937437 51392567604804672
352939873862 98842576374982522
277218675316 68806044838828026
461732150936 147903427784912976
276001095997 68353235430363013
229561732492 51849195503982332
368972713204 105653614553876474
252936503129 59966692035303744
220734609097 48887565441216192
275155503536 68039352292862490
173105809004 33951588531964794
326123820772 87794380587345188
157404541582 29438689326108658
386962876316 113474154740119276
387705725026 113801064468360350
155572372307 28926193472901608
131542693822 22490161296041538
201222481306 42550774194031426
189495531254 38885809482449994
172788220154 33858197316008514
242646330136 56344742557124890
290731719454 73897800809033474
393866732197 116524422409788288
174926365387 34488598817672168
282400549279 70744255733899739
168358087129 32564438525864169
147560009626 26720560036797250
418560804097 127652953074649088
241946722501 56101234982568125
193024552457 39977122035231033
493533543829 163443668221693549
388253635807 114042387535570587
442423910117 138723786713452928
156989056954 29322206739499074
389897923331 114767623426838551
391464276529 115459909089067089
130700807176 22274597929439200
480466106857 156995503523557312
335055845107 91425794972639208
293021535346 74772551673186830
195651709654 40796055369974634
174252133654 34289392944872234
483520570654 158494980764089314
175239992092 34581392733184378
345659124241 95799887162779776
311988778004 82148829170425844
274631280004 67845002956442244
386850279004 113424630754652204
145614568997 26193876744385117
460002105697 147072946572330913
151039698154 27671278247236034
237163831256 54445937905730320
456034942777 145174467707562048
219419007577 48451154437895273
244714133437 57066520204196672
301003809887 77848615351592072
283673573701 71223153401764925
361912028032 102635476491560808
274436399371 67772800655560680
458301156922 146257953743260738
437056869271 136207170767076451
233580315287 53216603232292872
298584804529 76912061686067584
313917580981 82911806850036301
337414284461 92392803857365440
327399487807 88310009512534587
156695577392 29240021524029978
252965665117 59977063015166053
209169622237 45096273322654272
192191010106 39718450403599426
382842688096 111666661964819080
165975275477 31875551655741952
350397922681 97776671535770176
241732517587 56026748489131847
328543070137 88773104152054793
125861730061 21049073781826101
271707224362 66764352016096022
180411534956 36123440821570426
161538995801 30606147378811200
302176546102 78304015647083202
135945404597 23628670773352192
492705302182 163032407085368858
311695785577 82033135834633152
195165340231 40644027819996595
195194705267 40653201266374632
143671852991 25671430364642235
196631908279 41103016491488264
352199235971 98531610455042455
317338756112 84270893379853272
385552196876 112854212443765626
275946861961 68333089357046976
172197928379 33684842156106079
382973079337 111723715174021568
344713575404 95407065692269434
219945306904 48625581765880784
233382144802 53148893776697602
349962747421 97594577990848576
174288146407 34300023405388808
485693331256 159564506322636570
358400914762 101145516825264322
383931128504 112143211187574554
349119111422 97241891700483842
446026429856 140421608859334426
370396650472 106265811296589338
153142659166 28251196240229026
326340298442 87881810669476982
494814017401 164080163232829001
212847784832 46290987636837658
386514343811 113276918284307351
127608720646 21488840658480826
484351885879 158903906411037704
349768679537 97513409243395968
413468259481 125330360991733801
135452057371 23500164392557055
255877476136 61015604742454976
297048977254 76319407497823554
158343499876 29702495956448250
339921150076 93424382115637626
455762801692 145044536666974828
364242647342 103628490139957378
126238301686 21143611070289226
197368193341 41334097048448901
404564966887 121304085397052947
204124398097 43474550390057088
265896582662 64634141313965122
210933243829 45667820711305549
180596593522 36179035978391938
379064904572 110017902579034892
275061299254 68004413573158154
384581601691 112428329051197160
186673025711 38020255166043851
446562113879 140674657428450979
348117938029 96823898733564864
177018152546 35109072303760130
216783798112 47580936451583368
384317664122 112312609845933638
248119617904 58261877252440184
176181964004 34860596671975204
129668035876 22011105867611876
157473000601 29457896821801001
451344529951 142940511739761800
388097679691 113973680522589160
336376733221 91966968621256576
476368523404 154991421564883964
170113320406 33075019478047170
261549982397 63055777506662917
321166260697 85800101822839017
128647984147 21751886925235688
226631098129 50859493430767744
174475945282 34355476799388162
335378452504 91557870362867994
188328267227 38527066940105448
127797226267 21536473769002728
271389598481 66647314816258176
186196733921 37874836237479201
156213948629 29105314267082029
297980034121 76678506894125305
378976097711 109979242532410315
353618213852 99127672180408698
199460859004 41993226003016204
201881512177 42759984743934848
479533341541 156538544324402560
236394473407 54181219314553787
462636866917 148338342886018432
370831428202 106452971158333398
375977596282 108676574857621058
456859500442 145568381193970982
178858515466 35658008697267510
261064902406 62880440480527426
349463466172 97385799533462988
418918623446 127816680118842730
371986331992 106950658279702928
217454627027 47801963386649927
240235046221 55506948056614080
235120702412 53743890157792122
305596629367 79637157361500803
139583994067 24583626091428328
404274475222 121173457975206338
126215691526 21137930866754626
247432558312 58020048211452672
192330532156 39761709006393676
245097659731 57200728430047720
126212676991 21137173583156360
387412549162 113672007425373122
382340583031 111447054632818051
385741016971 112937126369015951
127400162254 21436181434311554
203681850376 43333245773969376
429281270992 132588528827991832
134723839987 23310906769723368
367905702116 105195645312301860
366003006952 104380641555215898
263683583101 63828918121938501
452283716329 143386903543461824
331809796507 90100406366912383
163247551504 31092999313440794
342892609382 94652075894359362
214949935279 46978454755317384
425887432987 131019300072347647
468694485767 151261302697743603
140100153131 24720111619705320
404496606521 121273341091480201
197065478302 41239038694272098
383539532366 111971681698111026
365777170396 104284046686257530
302358485431 78374746153735176
139172702321 24475050603225105
341344944376 94011972982459376
182142638581 36644609600172301
423394602367 129870649015325832
391208601697 115346812988012288
272692971254 67128010655175754
177513546562 35256557194897922
439036505041 137133637732187776
485636168747 159536337795733992
136233387137 23703791961863168
402486163004 120370329311715404
330780904931 89681649726339895
197124495779 41257565593475959
294270685031 75251193847323795
136404129206 23748368107500426
424344793147 130308081976723688
416329493752 126633554350175002
298482807931 76872655274835176
127499622826 21461289012774550
385222092376 112709307046868250
485992010779 159711716500296959
392935362772 116111351872082938
434264935276 134904112634153850
387559563437 113736717522879893
271662996172 66748050931612092
314956431286 83323718621305226
137821162637 24119392567638197
449763051962 142189890300106818
279327671029 69592720162123789
260794725367 62782852869581832
159661376242 30074082931613582
294857090557 75476240327233733
489979217557 161681218966842733
173728303786 34134889950915990
241193947612 55839614791942522
461570722004 147825870424695604
461523643882 147803254636280258
141414926654 25068906878162434
305974349857 79784851554733312
252573186217 59837534502453657
367620111992 105073180410125082
486967547522 160192844433495042
168392905279 32574541038209339
378201655756 109642298878085820
255407693542 60847647822739778
288724384951 73133790467133251
422489598379 129454474520457704
212689268156 46239284965353676
262056506947 63239039496087767
278077870162 69126172739964718
369530439142 105893258525169882
309752579242 81267202944754582
312202883722 82233407031878338
168963273956 32740182558115620
497551504927 165443670362469723
274362318421 67745360756794880
416483720786 126703926989287726
141794366716 25169870771323276
295099037647 75569158293847688
184138619512 37248603407469168
399087587122 118848948591505742
222862571752 49596208155754752
400110298526 119306089145974626
404347313176 121206207121173200
429214559356 132557623011486220
283212034967 71049403212673032
223716615061 49881571655161965
291109298029 74041806261963989
164349917827 31408474529852648
266318981111 64788217492302851
200304306517 42259868748867757
454214578171 144306091153593576
135232501954 23443050066579774
364628537596 103793214827112826
232231688371 52756382289945576
240390339037 55560778021179968
257575712671 61624044812735451
258044610422 61792394590572738
477661733122 155622988754687742
365637768232 104224436438821312
326458260529 87929464905041489
298292769856 76799251975026970
284175442996 71412246848773076
376257739027 108798060721393927
259861020904 62445989249156634
173874519254 34177992626594154
144075241207 25779623034928387
195734915651 40822082538758376
480782786716 157150745058721260
449121191647 141885618330432667
222590263372 49505335919203388
216835819454 47598064400425474
248822444081 58509602436341120
126104679911 21110049522116115
192505471279 39815970793539659
273010619779 67245336761798039
254420201116 60495102547767276
355873926727 100077679428306952
422895994616 129641304526115610
220135698686 48688733293017090
481545991879 157525090532749619
302698407629 78506950907953269
260523966367 62685105754655707
231452008636 52490923888342476
226305363467 50749882979377128
187870094777 38386557115719177
314380490041 83095269638722185
254990471386 60698611783789890
353099523547 98909650037339967
197848491491 41485069544743735
125403575222 20934245830018442
210292662076 45459946127157626
322311760171 86259544314326255
469628284129 151713573731280929
130453467446 22211398728098826
322715737579 86421768517416424
267262012717 65132643372996032
495207041611 164275692190335976
336331622881 91948469164032801
270735771629 66406611537194944
298461947137 76864596531073793
169521214402 32902485517815298
492471057904 162916156393096184
409691257004 123616962358934394
224784789751 50239250653269000
379638917296 110267895177484826
373468784641 107590630334283776
236691608407 54283405752939683
348450946222 96962864054175442
140840085481 24916207309578176
385966783504 113036290707079194
328939577254 88933858451344194
409599837157 123575588204475037
296343364592 76047634222112282
486466340752 159945592487401498
349052266102 97213964878848202
454734174631 144553779415444051
282654624386 70839749927993726
292042470386 74398111373813390
371850063391 106891895272930651
484110780154 158785269856227014
178686305722 35606522331111942
236311969027 54152856969403927
278071904126 69123948143850626
449740289846 142179096271387330
426186510421 131157335898806701
282535089617 70794817405832832
166219077026 31945810633088350
214419172654 46804560576272514
149337956329 27204945284137049
136965144037 23895030339139968
289917138247 73587444503683763
313582501954 82779090756342274
236129822867 54090258524601832
376992850327 109117061927792648
212898026716 46307378825423276
194455005752 40422334321112752
176724934387 35021874789425447
402563326117 120404946401113053
443205946766 139091765480148210
148902703471 27086096641021576
310859422787 81703182091632872
191001863081 39350394834222745
224284875382 50071747952728258
194585989367 40463183559336707
361466357386 102445951589406390
464394984454 149184721579895874
202895010637 43082388400734197
260439518341 62654629433157760
270267974867 66234572601145832
236688856301 54282458993386325
430509875917 133158139654666432
420740284504 128651299507776144
455418206254 144880068671258754
229185148966 51721664073552026
136954676567 23892291146168328
411702352237 124528296652317397
127671371956 21504667992737620
351762943231 98348580518313595
343436072254 94877191406679554
135474439129 23505989301034304
350670044531 97890594941520551
487422606154 160417441128223734
387277003829 113612356397869824
170680750192 33240645036115482
388629116254 114207863367576994
382194562072 111383216021600538
299438549257 77242170038354112
146235835222 26361690289438442
263434555154 63738517489104514
491042977504 162208027250474504
225067158661 50333944341007101
232611447629 52885840899041269
288412150306 73015189071040770
432416985631 134043932403407195
402944764042 120576116673155778
194243030542 40356255764205682
324863540597 87285960405842317
232272581101 52770317397565376
219270644201 48402021272014425
489454695902 161421669254443298
426930967082 131501141826378262
164421591077 31429022713159773
230291394454 52096596017634474
320547834271 85552400529736155
242170765432 56179177783321712
260124943687 62541146544629768
177470052797 35243600315300613
157253647646 29396367876726530
209346233581 45153400646972245
418721849641 127726633867200960
307844480812 80517442260690268
402513079529 120382404286892889
253056718237 60009448401999397
178247188057 35475349524795712
138810487754 24379563585561794
287443097579 72647506153329199
415555140379 126280419761159679
381496320766 111078121905534210
432646717367 134150767654605832
137096021162 23929287918049218
356301786562 100258215746835518
406261430701 122067882458084501
301009241152 77850722394555048
170760219004 33263862982076794
303242524607 78718726963250312
266058498917 64693188246150528
413490993806 125340697971031426
173286494161 34004759657746865
468818422087 151321303461703347
130020676654 22100957958212434
337505474846 92430261858297826
151837143712 27890711866918472
165084016504 31619146989454704
319441443952 85109848717477402
446006595881 140412242522481945
298757929537 76978963984783872
257211229529 61493289122582889
398416920841 118549486019395776
444040503391 139484815182330651
312368056004 82298674611732804
448977144211 141817362929223815
326441292067 87922609468224232
394410984247 116766029238556867
209462074147 45190883932115688
374587968476 108074622313398650
260944244572 62836852777471788
324128832941 86990020314075285
141232572076 25020432926670300
178573338154 35572761351812034
338883041746 92996736160541826
472483858466 153099417143244510
377979041612 109545507861527868
498496631761 165915298611854976
316525880836 83947305977823226
471381175321 152563774409756480
330754877779 89671065166832839
225864917887 50601797455874043
205798654462 44010522453986818
180821435029 36246621032950784
448754484766 141711879575230210
154557158191 28643511418328651
409215261457 123401590194704512
197480671571 41369435965141480
471008400601 152382835802285376
209192260552 45103594644280352
327030598171 88160799645277951
383438818471 111927580493421576
303696718336 78895649508958440
134232198181 23183421924450176
254346020152 60468646741445552
249433729666 58725346999809026
438960606826 137098078887150550
128184781286 21634514646663490
377942525237 109529633526888397
174930505796 34489823314651076
417908703566 127354752051423026
333136520641 90641339173643776
200523362404 42329211822611364
132406837301 22712142023095501
130167581566 22138424991953026
341910333646 94245645978180530
312180758696 82224665671948826
127856889722 21551557331877442
148679589472 27025241179373192
236773490879 54311576885265544
253122884296 60032985720367130
376722850079 108999859273886299
208520101792 44886384645679432
252482930746 59805463484324930
169926135997 33020443241643013
278262849022 69195158895383042
173139349286 33961456502190490
495126434056 164235583724919520
263186370371 63648465438265576
318845443291 84871768041132776
449101288981 141876187004338176
378836813791 109918617569473435
212867358887 46297373354204168
237417345904 54533260711417464
268740898147 65674004886658792
491690315341 162528889323715776
433995643631 134778649117159051
292482082036 74566161946986490
133924084571 23103645601941951
148951821916 27099500070044026
309509417254 81171527090335554
224786801254 50239925009649754
314215579217 83029895730724657
187053273904 38136483835046584
251489057446 59452683818193730
276627029956 68585891508676676
250163876792 58983388706612528
135357866057 23475656142076608
160430818682 30291745029819462
183229456762 36973078086094918
305670903787 79666192532116968
426366561331 131240459732659176
275579251201 68196586837952001
135119152091 23413581793827135
158269788272 29681757823117688
207108227407 44431273206431787
299226546004 77160153028019194
149296970704 27193746494901274
213202214507 46406660021101487
155222826077 28828759373522277
185182678177 37565849457594977
200292913822 42256263379581538
238799584156 55010190606082426
320494190654 85530925648748034
316424046404 83906797233571834
431294318147 133522251484158167
159592443131 30054608483249695
172000215871 33626844870845576
276935797426 68700755635018626
316463027962 83922302947393222
131265863632 22419203137066008
256266069742 61154651507522178
182621576482 36789238330419458
400044999004 119276883510296954
153631728142 28386636830318978
323953335202 86919379446359902
308149003582 80636944839533762
306831536662 80120362239598122
344374059187 95266147446455143
329746302187 89261224848221672
233966647597 53348685041111317
331593955067 90012505479300328
299208753526 77153271030971850
207512603201 44561463924415425
128935244146 21824782820102530
400364391196 119419756422959980
165007028747 31597030928117263
198441495092 41671721762264532
178970376622 35691465642202242
323612136254 86782095743362754
398958053692 118791090347567482
192633313952 39855640023768648
378205134622 109643811689927138
439044001517 137137150050465728
275059815851 68003863452784751
326858359129 88091160558250304
157838554027 29560530527064552
153597916879 28377266343070379
446687814706 140734058485655426
152494725412 28072093190986468
303914197162 78980411121121218
196216355791 40972787524011435
408077072579 122887105405824599
174829966861 34460093725154101
440779280242 137950985190818178
487677373801 160543228896823001
303002710417 78625365319398528
426198512632 131162876395455258
175758979606 34735129967275970
470103288904 151943807719367584
314969923829 83329072988577024
152852245966 28170872734897026
246415689191 57662749765297160
236125699616 54088841760096026
177666710852 35302197779978948
433759034122 134668444392754742
170290103029 33126590505988109
269091449246 65802546633308930
434308738007 134924524093565987
378949980026 109967873654305350
144577045316 25914423333934276
270399593746 66282962282249326
156253636777 29116406846490048
245763944596 57434132718089076
464054847421 149020850358304005
310831826197 81692302508577517
276923889946 68696324763473730
352453585079 98638365227938824
407957830841 122833247162011401
136651293937 23812945582672768
157016514692 29329899862265732
247252503656 57956728614946176
316838646742 84071761946051178
175018648981 34515894482334720
128025337106 21594161635343470
276032301556 68364828116102676
484053710851 158757193114538775
435111557654 135298809076248514
400982960576 119696621596217626
295611678506 75766160036635926
160679585056 30362228632006426
476111848291 154866170525859560
448081157812 141393054870909268
233569379551 53212866040202376
429605637517 132738833871224757
447547401466 141140487899021510
437942706329 136621482552431424
145467280037 26154144147331968
294511623982 75343632546789458
418224172601 127498984811405376
204187019362 43494557618123522
380506420981 110646066967436301
187716881902 38339608821542802
449183745754 141915262362065894
355413442066 99883498220433026
488388705361 160894612298551601
370753924387 106419599856279543
141147017642 24997701412822978
470776461617 152270292628357457
290678344279 73877451483518984
461047233154 147574457307149314
184664533951 37408294855839675
298219397366 76770917683841610
437855673116 136580757971370860
153391250261 28320012971056640
245862808297 57468792354502592
145927197731 26278277913363176
125748366766 21020641898528210
261176915171 62920914165072951
215404552981 47127572330456301
154532696017 28636711453774257
432936061504 134285365629541544
499857510154 166595176891512514
351618690529 98288089770360609
247095712579 57901608868155624
447631607837 141180323322773568
336837852254 92156141674423554
166674305567 32077136803976328
146700756946 26487506270493826
227109355904 51020571022994714
126498715567 21209069815968203
158817689437 29836020530308672
329669970004 89230232321663994
474394006654 154028776182438914
262710647371 63475971477832680
395728330342 117351521540748378
433533663031 134563502090265795
240009129362 55428668371839618
303972672487 79003206849460243
140623628629 24858788825787904
130602149822 22249382244016642
424995440276 130607898724473850
131305832197 22429443413179517
163168136912 31070313463026968
176460473557 34943291175731712
308571503321 80802842431664105
160598530654 30339257287504034
191705868004 39568155058394404
166594061701 32053974692796925
174927548356 34488948670994426
304961365801 79388965898877376
474813918317 154233330273642453
462040673987 148051693166295272
151041347011 27671731367979351
146176352557 26345607648962837
326413012277 87911184532041677
197331126532 41322453437063162
218313452254 48085429909303554
264476462987 64117028922423272
175255384781 34585949165385920
169886496451 33008889631985751
163296123904 31106877395308264
141808745404 25173699406145914
126311170421 21161920870328576
241024509254 55780784226134594
328456340752 88737954727039002
256013414581 61064234308532301
308177265904 80648038698249464
180541907254 36162604204012554
261769175021 63135060247097280
260496537302 62675206378805098
363913265629 103487956218237504
453090598081 143770781798514176
220613034877 48847182193090373
356972363629 100541385207459029
254542908754 60538873313438254
452812675547 143638520061600488
178977556072 35693613326208538
225134926732 50356679512349562
245601318512 57377134429922168
349132481254 97247477706539994
316653196916 83997960240044026
148595624129 27002351030212929
426950372279 131510107570738184
357556464547 100788254598048488
183769834376 37136759440609376
307530697412 80394367387270468
136948919629 23890784679267829
126659723087 21249575082918443
210367249121 45484134034631201
416530268282 126725168822724162
231852920321 52627366972436480
190814017681 39292358916610801
386167129726 113124313872026626
260735507386 62761470159693890
133189669141 22913861886248960
224780096279 50237677178514659
240244057379 55510071166281719
246285832696 57617174939978480
326489774557 87942197375963712
267205720096 65112066393467080
306679582379 80060851737636719
156697256837 29240491612441597
230627454904 52210673254713114
233992642466 53357576254620510
494825955079 164086101066694899
498412761667 165873428459315432
127440547654 21446375042472514
137252108347 23970165709097192
380882501237 110810146085462272
172045380529 33640090603686609
222435495592 49453713009588032
488516207026 160957622601470850
375929904352 108655897425213448
130640994904 22259309464057114
202080448717 42823204688791157
228454539226 51474539112209126
449182797932 141914813179267962
416699138872 126802242457922992
424063860392 130178699799889728
430675060006 133234785030901570
168153893161 32505212523064601
256740940177 61324713069588977
352368791842 98602771740386782
485469628204 159454279439564124
258401056606 61920472927603970
312445520251 82329290438158751
356407314187 100302760012705768
189967391467 39031143508467503
147460068646 26693418240085826
146648761666 26473425519671810
277449551071 68892018295997576
179970901177 35991180720780352
494908527961 164127175006406976
292212924004 74463255764136954
207827103829 44662806645995949
158107233286 29636041426791490
150775447817 27598691846028857
476762942342 155183953918260282
374798326529 108165672641867009
327036259379 88163088876448744
286914866371 72447342695225576
323780299117 86849748168016832
129402852086 21943618045674690
195769329316 40832848888274276
138277779556 24239357275026426
253630444754 60213642998187694
267387047404 65178355804702364
424481148137 130370895027931072
496646143121 164992305145321201
332320765141 90308611021963776
171465729607 33470224730163208
157789114967 29546642934405128
379415009387 110170356861274543
139007617357 24431515468293312
336177450379 91885253388786319
143840756621 25716713513599680
439583915981 137390194604822720
135934454756 23625816040304676
141880649779 25192848404163559
194348380241 40389091685339776
212706878204 46245027804522874
303096911821 78662034299295605
383831239367 112099448782673928
418162898287 127470965875192843
218811962747 48250225905781992
493845556052 163598686581788852
366087713629 104416880003450469
227472764257 51143080709624737
220022913121 48651319867815680
264781285906 64227908262274926
498371827636 165852994395707476
197526551779 41383853705821239
489907945297 161645943064647217
410388555529 123932692700065984
316223607746 83827083730701826
340456477726 93645164365415650
195435331807 40728397423442587
205832016856 44021224834748176
221594554951 49173530635658675
181590196691 36478020301886535
246447281081 57673839166324745
420494477986 128538574174109790
143082274097 25513572623689088
184739899477 37431197892870573
393920874211 116548449904693815
189177388066 38787922703393026
214706096161 46898538859678976
399536203187 119049402928023143
350623985716 97871309378732026
321311340704 85858245972731674
159692457512 30082865146487322
374851141732 108188536924222458
126645630841 21246028815011401
313275305476 82657480500166650
479680250716 156610485270086010
325776637267 87654222169084103
479985893872 156760193033289242
250849048972 59225878544509692
352644197206 98718393729947370
325465137004 87528532667192604
301819047212 78165096847481722
456422764736 145359696422699290
228911710252 51629128650204252
156418592222 29162525915650338
132317826379 22689243384624104
337823505254 92560937852101954
156598184981 29212765015838720
150814439029 27609398267486464
474833408287 154242826737162843
269342402177 65894618693092352
235135788967 53749062971653128
247478989279 58036380269283739
496253544382 164796704108279362
462836004022 148434129227852938
176614371616 34989014289784776
304670912107 79275574444703208
484465078654 158959613329775234
417195907976 127029061648865376
133530525811 23001879356196840
286107166577 72141635945728273
395821747897 117393077873050688
423096506329 129733517607599424
466564959092 150231584003472532
161998589029 30736856289326464
135661893829 23554793743351424
345878663341 95891170039437760
153909009892 28463521865769978
141054053092 24973008866062628
301958912882 78219436793471362
172888758407 33887752646989683
462078165116 148069713464907276
481390947506 157449018592389070
265978263982 64663926264419458
377601790801 109381547016331825
172733553731 33842130580923095
147530675611 26712592602975976
181792138711 36538886738962440
275329861081 68104034234944745
421177043302 128851675604427098
254326763401 60461779668497600
163302981766 31108836986513210
135151904279 23422095315705864
283379139362 71112294748559618
338851758379 92983859214985704
191166303616 39401223116604776
447730016329 141226882077932224
425815448542 130986083695999778
219128289046 48354893458696130
429844820416 132849702859275560
175151793181 34555288589556645
149179509754 27161660332810694
412254246301 124778779163596325
492324187366 162843281618651610
357517566004 100771807914803194
404600948347 121320268697361567
432867205577 134253330943121273
433678005541 134630710922098560
276192071926 68424192155538626
370007719162 106098480111213122
349335567046 97332341471669826
367452068746 105001143421061826
399833930162 119182497903285122
411138132616 124272393563691360
349109084216 97237702336323760
292022600107 74390518537833583
332844365254 90522128744969794
352002031726 98448866905771650
328441751887 88732042651500168
215417024011 47131665129201640
283493581606 71155377017839426
409972821787 123744419979897343
268207443407 65478555989212808
139188530306 24479226013798270
242371935731 56249194101043176
207265938562 44482033961681922
229578672467 51854934750573032
283191714821 71041756772212605
169308751187 32840649159379143
374576716417 108069752748573057
211879343029 45975416138505984
412723828612 124992035749654522
446278643129 140540731458885129
401785752832 120056261518484762
372804467842 107303688638758782
380737631626 110746931687250626
278885366221 69427489341539701
131580652529 22499896840843409
172974621226 33913000630512150
220532004002 48820272386385502
198678440704 41746380187291624
286201730452 72177405204347898
400220335802 119355309424812098
417650930327 127236938273799523
369299219654 105793886053293634
382668576031 111590493681751176
301997770207 78234535691109512
143800532471 25705926985405955
170903426404 33305716705810084
135381280727 23481747761164323
279305995907 69584619984792808
355824996622 100057040184011138
301728928726 78130091110066626
268093932877 65436992689616373
260344260079 62620257751602824
435480114379 135470750742060879
368568217462 105479923875659722
263084082626 63611363422706750
248061856981 58241533840896301
375915163822 108649506749504642
372296047754 107084256808153794
279372518779 69609481145376159
377249917891 109228689726793960
345957681206 95924032226223370
344611453916 95364672254182060
310430631379 81534191424711144
422643123316 129525043025568660
447691219382 141208525962004362
486045250432 159737961479716712
296140156004 75969426500531194
441429247816 138256228988928026
178603220279 35581690750821384
454003964066 144205733110882910
348890192779 97146264541981839
139032400222 24438049396306338
313749623027 82845274211184423
158307485956 29692363142930426
259464667529 62303174896878784
445266443041 140062863901458401
486686326907 160054098898928287
394851632879 116961766137111179
280590012641 70065009697032960
480767097332 157143052667493908
214722478861 46903906708674101
434654577529 135085716611422784
135079646797 23403314259258613
398864266747 118749204722734367
221859592504 49261777873229744
366460881887 104576575403782043
450408217942 142495948183088578
410241801916 123866221714844026
154110473077 28519427297211277
222488190646 49471287468805826
473749399711 153714941061411976
293547693532 74974037913207162
205832016856 44021224834748176
451460449532 142995582785399162
458881521001 146535859785944000
171197042941 33391583766265285
131601173029 22505160467088989
307114397129 80231179335296704
210338709907 45474878517809287
274867007521 67932373063615201
409940224129 123729661561373569
262349066981 63344969270246301
378990898132 109985685244474362
453458119682 143945745512488962
219060107372 48332326790462492
404919454006 121463553645628426
189124492691 38771655749021160
444507104251 139704730471814376
322367161582 86281785709398658
222596935607 49507561851862083
490725907904 162050944390074664
234356722252 53482156991048252
140153092081 24734124255413120
208434866686 44858865660569090
408424056707 123043873444436887
436051452181 135737439096657645
488379810517 160890216844677632
208646049172 44927058281806842
151491271142 27795466938229978
346879945504 96307863696934344
433827960941 134700545077074901
185084710321 37536042982152576
328706833456 88839486309749176
329902242187 89324551029921768
166249060252 31954454789654252
423244621177 129801647993958473
432224504404 133954442106168314
161920616986 30714667862914726
253743700772 60253979185794042
236297532241 54147894576859776
276668684912 68601383767850872
334631124571 91252011428017855
181899484904 36571255239321114
153446089232 28335201391861208
445277767279 140068207161058059
350439780706 97794192457415426
314535926371 83156903369184951
338162244856 92700190741426970
183473497442 37046968603892482
374272109521 107937955511145905
152057650312 27951490710136672
180808205186 36242643113524226
384830715557 112537585473780608
458723464696 146460157454026480
137221198129 23962068762028369
368630895481 105506831611910720
340882400896 93820949571689576
428281140772 132125445730680292
217189598276 47714600035292100
475437795757 154537410488362133
413290044031 125249338767724795
334494518404 91196139505520634
253500836821 60167494116870701
189182924056 38789625322029520
186728021606 38037058185614426
456793546654 145536860196850434
430024714967 132933110113652003
346233898732 96038935887334812
148724853356 27037583441070970
129235534201 21901072117757001
285579409126 71942117623025626
269602283666 65990011768849026
203276125306 43203833362003270
471296705629 152522767964224869
496664082812 165001244928384268
253532879656 60178902359462426
494522583779 163935225568569064
365797698112 104292825574414618
212255117741 46097778726542485
454445261404 144416038877659514
218417206646 48119713213827530
253661071246 60224549750461826
489109456726 161250909985971650
275208175951 68058890177118251
418732831147 127731658589794792
214282983926 46759975620832450
433809331531 134691868713465551
363455280346 103292658005540326
353973193711 99276973783651976
251818238302 59569450937892098
376866085754 109062030289100354
234396432271 53495750812658155
236479743061 54210537473181101
241523967637 55954260122873197
184769685254 37440250862793794
126371994217 21177208171229657
316948509577 84115493204686777
193937740207 40261151637821387
411158989154 124281849970162434
203004592267 43117295711369103
169742550532 32966945517912058
245636362687 57389415354419643
223533372766 49820298500165026
144086514154 25782648727722434
432997478167 134313941405618403
129136415116 21875880902876026
160359454361 30271535278466601
175777359661 34740578771342101
261719251796 63116999921361076
162408677629 30853642669175104
416084067029 126521594850585389
388577102267 114184935810154728
334782487316 91313932110908410
198621081857 41728303087757312
149921106832 27364449972280408
447209709454 140980773927359874
262703398826 63473344411226050
223260654754 49729152660569694
315655248526 83601187354224626
250214807756 59001402313759676
379690329601 110290295364545025
499599580201 166466247057252800
333116930797 90633344142022592
136482487031 23768834564258051
445891378654 140357836803795234
325193301346 87418896859437826
437298117202 136319962438276398
437899656562 136601338199617922
475547991662 154591141130133122
213739969291 46582346414403560
341352380671 94015045116703880
133277423906 22936511544871170
186168663916 37866271847372060
168273958129 32540032744901504
397353585917 118075207470174528
373527556327 107616028180464648
439289546476 137252211620981626
304060006111 79037256635677851
249854865352 58874134772914202
245926624504 57491168741724144
283428075652 71130715958556548
326771043991 88055864614244360
443240782747 139108164727221992
330698760217 89648245044408128
435318676661 135395426727786240
221239865837 49055515452481472
425400272467 130794560373954503
449941375132 142274462426538362
168797639936 32692051712632090
142526473657 25365056446495808
151060584341 27677018142155776
475342237966 154490822314567026
233743014586 53272214626074690
477251310592 155422457226893032
390995455754 115252557506828854
391424460079 115442294112409224
337314071404 92351645477915514
429015381851 132465363393223400
321071695792 85762209830825528
162249137129 30808190656708544
312931867171 82521593722233576
139414968947 24538986344589288
427579894127 131801074785370123
359186181097 101478117985178713
212198437154 46079315025299714
439651428617 137421847043440832
335486568886 91602147400029890
133062218129 22880979843152369
311198566582 81836924383149762
224286214891 50072196523148776
208708068004 44947091248348154
153251150752 28281222778727752
394121498366 116637498591521026
402666520907 120451247065592808
127850315947 21549895238327663
125061257504 20848587055052744
346025893357 95952403518628437
127811888029 21540180093827109
144510374422 25896499947404842
323682131756 86810253008968570
212922171029 46315256487005184
344400616771 95277167827988951
385409953667 112791764581047528
134683873522 23300534592774542
308631996292 80826604736114682
194607200386 40469799832953726
230413569904 52138059402852984
282294593137 70704444779571072
414363554341 125737653717089885
344103562154 95153925732312214
203814628112 43375625340593368
200768517616 42406861673987610
334672030046 91268743986420130
251699027266 59527155547585026
135119671936 23413716912979226
432719276906 134184516892063170
449285168486 141963330398164290
274766180861 67894998057428165
318103219126 84575587351250626
473202509362 153448847863199618
132868836254 22831117871540994
229912178357 51967969323198208
242578761779 56321209174027239
239049822629 55096681219638144
468092465962 150969962276819222
181592004629 36478565074284544
297409039391 76458213256191835
168045465512 32473777937787418
390159353047 114883071770866467
484533985079 158993528262524099
488510276347 160954691524986088
183693454751 37113609291750875
235923704417 54019450600818432
259278125887 62235997799850043
144220749779 25818687067294184
294670513456 75404612817830426
208527851302 44888886929523098
255295495847 60807557678794067
223411698577 49779626560012273
179297187379 35789272510204904
267213761536 65115005696595226
262996319632 63579535602399258
487255759552 160335080890147098
172804092671 33862862804293755
293836630102 75084759709278698
466571721022 150234849978471938
389579203651 114626927968698600
322169665279 86202507779683464
332147138404 90237845277854884
281271375407 70320375294628683
151826673629 27887827065889344
468768070981 151296926238070845
426413657842 131262205604688782
165800747477 31825287677846573
329881123154 89315973856733314
146103367642 26325878804546882
159845647579 30126162481473599
492058288352 162711374501458952
154145451181 28529137341315520
145622124286 26195915397460226
423900869942 130103655003212482
374029032157 107832819324127808
325390108696 87498267935848730
171627980141 33517743126066901
357964180876 100960694860405626
213942701386 46648637124509890
175311040912 34602425759496218
185967354181 37804869508035645
422096260601 129273733349838400
246716947577 57768526558675273
186806863181 38061151146083520
383855772337 112110196388569472
467707453697 150783738290566913
294163291801 75210003522870825
223286047931 49737637035219551
171335750272 33432173831798042
486534402904 159979160978999184
214451261872 46815067885863992
442889661062 138942901579337018
380829262816 110786913903296776
185718003241 37728859982819776
362091564556 102711858780027770
200244182062 42240842725793922
266431385326 64829239214012050
287048962279 72498138426551059
405047251379 121521061217573479
203599524382 43306976166639362
134412569887 23230166020396168
400309808152 119395335887190298
484799812904 159124388190697664
481388985079 157448055813437699
230734774271 52247120816829576
475517759656 154576399626106176
488643725332 161020649353169908
311301134827 81877386812274152
346575995404 96181308143745914
137944569127 24151794978335752
492644750654 163002353939052034
290308665154 73736562328078014
393025790311 116151435845587976
153513127951 28353772390833800
226369280512 50771384992936168
168255974657 32534816539937537
160445546629 30295916415203069
211318580566 45793018167193026
304131753829 79065233420696349
469262015926 151536123652205450
190464525416 39184457278770560
166399016942 31997698963246482
151583758922 27820925194116342
276056078404 68373661518290884
291165002066 74063059246033026
180814820047 36244632036855467
221317700087 49081405031037443
458686109911 146442267986003976
127281062612 21406129110422522
307104208756 80227186919452820
160868413372 30415766276253388
291122269726 74046755223803650
260427970957 62650462499017408
202637737579 43000470919725999
235322353631 53813045184087176
238487315662 54902323930553218
326630394136 87999018759891226
198039767227 41545244462089823
234953411254 53686541200780994
387984917387 113924011292932072
232192843612 52743146210221868
453989670761 144198923165768640
151833286271 27889649022342280
366088569302 104417246091164098
201071525879 42502901283777544
362531659772 102899173651953292
498477660527 165905827365564427
448670172841 141671944220181401
195122858557 40630758042504837
351427517431 98207942599227395
145003780027 26029241876259048
291274136377 74104703589620873
432338872141 134007612696486901
190459587892 39182933584786132
248545283582 58411869821493762
151410367487 27773203708507272
289198757551 73314102230160075
190033967257 39051663548445737
434412195779 134972738053548264
149548437754 27262480805001794
364570470254 103768422089905794
206015558357 44080118944283437
458170003397 146195175534569917
177249686902 35177977277860298
218513713741 48151609122502901
475386115351 154512213680570376
476694590737 155150582938806897
378950850601 109968252604285376
137484308126 24031019702001250
138841049491 24387615464844776
209933532407 45343543665019912
212396526442 46143853358380482
300419847092 77622179672300628
218322042446 48088268035723826
325833950171 87677354316251880
419348025307 128013253424677608
227127553121 51026703212166305
360642080971 102095729484997455
490237622956 161809137133845370
236061793829 54066885073670749
137239010372 23966734576663492
218084222666 48009715030801526
174864856511 34470409704981640
176614965947 34989190904156392
458656418731 146428049191658095
301969792681 78223664288970176
366153603376 104445071261172250
271889334992 66831486098865178
319498196879 85132531046320619
252804228392 59919658213945882
161388973181 30563520963450176
360535928221 102050655912662080
308283261154 80689649730623234
392980575241 116131392705884985
243678436996 56704622098599930
495074689454 164209838521592274
286833060529 72416360348180864
441131443117 138116343270972053
246424113497 57665706799900992
244939453742 57145354316290178
221525990632 49150709961934362
293186148376 74835568916052250
160871816701 30416731495241925
493799841091 163575970760520151
133804042087 23072589200311443
157366951567 29428144499908232
156931347496 29306039867615680
455187276181 144769885524530176
212922171029 46315256487005184
279815209571 69775000474332855
278087565107 69129787810446312
127141342981 21370891678878845
134256033472 23189597141852442
466621954036 150259112988895226
175662351902 34706489177432802
176343460876 34908540047333500
356289968441 100253227610459785
433642616122 134614231847986242
369486596431 105874413612695176
144098861221 25785962853364701
283043475079 70985982680764424
406841237947 122329294653997288
189282585727 38820280978136827
316143291031 83795149242557795
362198797171 102757489019033576
339201720379 93127945397843679
278988439732 69465982582394708
327574297579 88380746593111599
402977980126 120591026227310626
497251288129 165293952694495744
151762207916 27870067148685276
215148648436 47043614589075476
150416526404 27500202273229764
386467746529 113256434282224384
176959846417 35091727411042432
286278149476 72206315399988900
300467907601 77640807168646001
412315994279 124806814520875859
130322737846 22178019440584330
254971190254 60691727310999954
435368131279 135418499903456939
431088158846 133426527133203330
354705586246 99585248631861826
360543570697 102053900766585913
215947047892 47305720223406132
329385832129 89114897701932544
267795990562 65327939244785922
161663499272 30641537988894688
433318590712 134463380763521818
430377194797 133096586295694613
219625077421 48519425687570880
433993780312 134777781128666768
254044414807 60361122321561608
462550298932 148296709506899962
404821369702 121419422819886402
345798822877 95857969560093248
394798315529 116938076665335609
183075122857 36926374330742208
270678378566 66385496414073410
242348264302 56240953869481602
133128774002 22898149128688002
169017921937 32756067646929393
146937018152 26551519180427802
449447279051 142040171940956751
271000741529 66504123973190464
206069481191 44097426488933651
160804324066 30397591798753026
378808089667 109906116442931432
359203980256 101485661072972570
152651607154 28115423889861134
355726303027 100015414482461927
270479021752 66312169687667248
296192490946 75989565784333826
434862520346 135182667662940326
434521259201 135023570605999425
210506729941 45529377916811776
229713536956 51900634257321676
195290313131 40683073322179695
129501055504 21968602223056344
423298905779 129826621000844264
293721651577 75040692895923273
195102244117 40624319338620928
166551926977 32041814885309952
281581972904 70436885776517184
234684773066 53594492255993026
200083472579 42190001195374824
129202998617 21892802100996457
263480286161 63755115283719601
237262327654 54479859326600514
233009265841 53021569121595776
271817073271 66804844521069576
154287069766 28568462415545210
470868648097 152315020724904192
135308441737 23462799517239993
129252820396 21905466411138780
327945923257 88531188289922112
374447762579 108013950489640424
242880454096 56426310936652826
496364133904 164851794334015514
179391814606 35817608893719426
498145223297 165739889824703488
300455504521 77635999787550905
165049542154 31609242999950134
408690720187 123164397738557672
226229347576 50724314806331376
436974598379 136168713423692079
269227184116 65852341038499860
305529399254 79610878975938154
265848454901 64616593751813376
149851572427 27345414442085352
400760005727 119596804709676827
459293553236 146733267214263290
202563260761 42976766698694976
284869445456 71674007085569176
398034063652 118378647481230052
481357586791 157432651883989651
223928708032 49952523330171162
169081301404 32774494022803834
344971852507 95514311644664383
269567772412 65977341289795468
263339476402 63704013837764302
249240239497 58657028764492992
142081012847 25246233092125963
187506775537 38275258072707968
220110485287 48680368628132872
385283537291 112736274713155560
413222768596 125218757827329076
287965743352 72845734210450202
483793989631 158629437349469051
443435701192 139199935645111328
144097250704 25785530560002074
426240060052 131182056242559348
475826951629 154727187605594304
392292032029 115826314681323584
144754012771 25962018201538280
344887964129 95479473765954304
129679748902 22014088361279298
169255801654 32825244498762434
409273162481 123427781795298176
355868864836 100075544202463226
308199248606 80656667958459426
339750494722 93354036186467838
200843297579 42430556733557224
188368775156 38539497922226170
148106480386 26869132090203390
358143581954 101036602192771074
286846694026 72421523459154626
263961791237 63929962067338368
229449944332 51811327096912762
282417834791 70750751136672776
151919814937 27913493597200297
344018120461 95118487508469440
383033469379 111750142369729879
485010557857 159228157794179937
448943031097 141801200383128713
341505255791 94078209371111435
279706747831 69734435186906120
293036846236 74778412249346540
130260970492 22162254157261178
330625570552 89618485486179098
421228441586 128875262932290190
270993379504 66501414006266394
377378484529 109284532164019584
427646478611 131831862901465351
173393066056 34036134104166426
387379100707 113657286400754408
186882664567 38084319858744328
301916949779 78203132166174184
281816910391 70525057581728776
224568270577 50166680245093777
306876190177 80137852887470848
482625124157 158054901910830912
259752894529 62407018259843584
284311159486 71463410574652226
219068050322 48334955555437038
347383213102 96517530900837202
414712289629 125896421562160704
310392811051 81519291681012200
175584713311 34683482533667976
444976780252 139926211713925498
404888857627 121449786919632127
276951426382 68706571443053362
258025932529 61785685682854784
287077755316 72509046819784276
462861981586 148446626137668226
304507007422 79211610845876738
415838712667 126409701361015528
137353245751 23996665074599875
203056207816 43133741147920410
203341167187 43224570811311047
399393190627 118985488648365623
308144293321 80635095961998201
375234812957 108354680764105637
252002077279 59634695575392539
432133392971 133912088614831080
460797600004 147454617605119994
270201074761 66209981292900601
193587264262 40152063539172418
174755468416 34438069880147560
236521695872 54224963996073242
209299000537 45138120119575872
494070186379 163710320947406479
472709411302 153209059448720602
247174453451 57929287957965800
481465522696 157485607100932576
268501950416 65586434424704026
447927812257 141320478221360737
297458401087 76477248989584443
370330380037 106237293339087997
311924797562 82123560702649922
330601175797 89608567097183488
439459218772 137331738298906292
487358431004 160385760776626554
254198403691 60416012468125160
142920766762 25470386247568322
282847888129 70912416902805504
396318380452 117614084706065402
492541523842 162951124304485378
334133914027 91048707123618927
176718394766 35019930854385026
322451477212 86315638645681068
293566849382 74981376835414362
134373686437 23220086555260893
474313163326 153989404875354050
213273397066 46429902906233026
185267888687 37591780954441547
358848928036 101335229172341476
165829541152 31833578420655048
291483304004 74184541252655044
126472561517 21202492575852757
270224599129 66218628091917929
435635048072 135543053222696288
161010249247 30456001036860763
431198661532 133477833143624058
264019921117 63951081306724928
324062009392 86963120427577882
143881522831 25727646939799176
201800186161 42734149156078976
178369011451 35511724315526376
355075437161 99741045374523865
308548721791 80793894199792776
327094491791 88186637554343560
344713575404 95407065692269434
483582525736 158525444480627226
418612042501 127676393888720000
283856636779 71292108229610984
222797816686 49574593659369090
432898841404 134268048950098764
190995682486 39348484849585290
389814920062 114730976964769922
438931561097 137084471573073088
481286944387 157397996716219543
420944872286 128745147299540226
346043363404 95959670237088634
266713960342 64932402692281282
299611921561 77309263603462976
237487637521 54557480830337905
125081263204 20853589895458724
365129133077 104007033557553152
299987475491 77454666259964151
497596395622 165466061167779138
303805058272 78937870828038938
211885852754 45977534961229954
268196457467 65474532965449503
446311710079 140556351773529224
229381529861 51788156141759101
190502176141 39196076744323776
213500738332 46504161488609658
459008943779 146596899437944439
346649264336 96211810018483226
221846936357 49257562667534208
416223650306 126585266320871426
178647450412 35594909003488122
355302160852 99836591046472698
131902495391 22582498626253960
161594135257 30621819308021737
439941229211 137557743961716351
133363658197 22958776031721517
144473281954 25886530029833474
133785419629 23067772599315669
248678555231 58458857407063176
270857200079 66451292896272299
397005991202 117920307531376898
471865808612 152799114279576868
425388281501 130789030254349376
322496450056 86333697165143520
271125911254 66550204675682754
380337201862 110572265221238522
439589541836 137392832122383226
154290402751 28569388146296251
387030618529 113503953455761664
179844933412 35953400121904122
172711807129 33835739852624704
477072538807 155335136684569608
223272682921 49733171454594201
174406837711 34335067191270315
421322985904 128918654283442714
188966465704 38723071141295424
418408022477 127583066254409077
282498256954 70780974107267974
487983578006 160694456188768426
399774912401 119156110841013376
266611719532 64895069946039162
315519395011 83547221990545640
155825718154 28996880704965314
399380678246 118979897237539930
453700994177 144061408176686977
179261858297 35778695036039113
237430438652 54537771758823802
281743341154 70497443166266114
201530910757 42648643104522112
432399316486 134035716657372226
348561149392 97008866797192728
494977178131 164161326028914695
460124887457 147131834638327137
149724043372 27310513947663388
329548993477 89181120569648573
456463849129 145379323464348569
301742911747 78135522349638888
201371589511 42598078921716851
412999162591 125117132642836635
412401359392 124845576193746632
317624823826 84384869195562626
404729595151 121378135766654600
271209128296 66580846563688576
292909777967 74729778743453003
267593308831 65253787929931995
376976352361 109109899228616665
155836325227 28999841489073327
391044093904 115274063570111514
305261334121 79506128502559680
389975636527 114801937824558923
129759207736 22034324559851290
165457144127 31726407386735752
170647448911 33230917199107115
166788643142 32110149578082882
424097014826 130193966679062550
214524617672 46839090498323488
137401469437 24009303767321797
293917128457 75115616741257408
177842007029 35354457471741709
235674421427 53933855669605223
360046978237 101843128296002368
310752197191 81660912555296776
339130889962 93098777131067222
445509001954 140177328423446274
190247334904 39117452103583984
494303816329 163826454774828224
234786179632 53629233055519258
190574401879 39218369687891619
153529197257 28358224496512633
291645956981 74246644436818176
309023379721 80980400718758080
279705999892 69734155480906228
336512082391 92022481880495651
240097820242 55459395172094082
182205414281 36663555667439545
267874303327 65356597566250523
179146913177 35744287852039977
459535109222 146849039503621442
475292512711 154466581153298440
397911838006 118324125248293570
166800772154 32113652260878214
324836135254 87274915525058794
293464947442 74942339272072578
458111612611 146167228974495976
191647667387 39550137471400543
216059441404 47342656721627514
176322082042 34902192078254278
236061793829 54066885073670749
164971413622 31586801614231242
287036081651 72493258710118376
440530503277 137834211770441173
361667045296 102531281229483576
207538372981 44569764931048845
309072123532 80999561654967162
306976476577 80177139407825152
253995946481 60343848973538176
390387292306 114983762172716270
353067590722 98896232878139838
346010087504 95945829184713754
344540060887 95335038774795043
376153649047 108752916090298467
389107984696 114419018737708826
345214438661 95615078719807101
224076630404 50002027845207684
456708482857 145496209399127833
158648656987 29788400665111272
250005458056 58927369821255520
291012400966 74004841582697026
227989721954 51317522545910174
232629863951 52892121647537800
372722441137 107268276151667072
131028739571 22358482063257576
160273951366 30247327499372610
256462267579 61224895189922024
216136359076 47367940137363300
169142947877 32792419877093248
398726732504 118687790284863504
495311542651 164327694363662751
206567316391 44257322960288776
349089030236 97229323968978476
256616987407 61280307671260808
288427340296 73020957458351130
293455754152 74938817752459802
239996658521 55424348325984576
169188317552 32805614773720602
126656199952 21248688478949402
305383238371 79553758717945576
157427546641 29445143372408960
241693581431 56013212577842051
260197077037 62567162609515968
274143097417 67664182067022528
271076576206 66532040917045426
329391513686 89117203419802090
441939601027 138496063362870423
353285266754 98987705462897154
289606542331 73469221833803551
168837152254 32703531275784194
180962784004 36289130606931204
478910696587 156233759453038568
125027251486 20840084062776290
318486992672 84728687096027592
270913876006 66472151054325570
155832417316 28998750650428410
147526330079 26711412377126024
335686466252 91684030409157498
429809587747 132833369443141367
241760331047 56036418332192467
147658354166 26747277249054026
476889894037 155245941288965997
298322121379 76810587643280104
293262728326 74864891321514050
237097719272 54423173384434688
178594255379 35579011774236679
336956054582 92204654776365762
477235678936 155414821338792976
377676530606 109414023946729426
392068850371 115727485323065576
401390528191 119879161353278651
142063422131 25241544717747176
146181218866 26346923255601026
392408076152 115877712480200048
259926628537 62469639554339593
271061113906 66526348479031170
191956727029 39645846602923264
281461164622 70391560864698242
241590693829 55977449593186749
207602160067 44590314355460328
374418339982 108001219780611458
224619877132 50183973962939258
356509479811 100345891427512215
147669222976 26750230519390376
152905329502 28185549071904002
410822628682 124129372552489462
263474478829 63753007467563349
168371433661 32568310908678976
423223460326 129791913621602626
301318904254 77970886699438594
217047261512 47667702526443168
272585898904 67088477990879514
266220464456 64752271129190426
179157089122 35747333430971138
189379811896 38850195258607280
156891013204 29294742282828724
348308208931 96903291218195176
322927866727 86506993365586952
329161044136 89023689073734976
305749879121 79697069242080305
447718660951 141221509391546376
230833285531 52280584451655551
403503335281 120826921732706176
296405726654 76071640529082434
171938637256 33608788111942176
134351914162 23214443328540622
297612682787 76536756020164343
204452947154 43579554592195714
336775476052 92130544399172602
394295532352 116714763372886952
467263628696 150569162657128730
142422915196 25337416408164730
307810741421 80504205690288576
271867950421 66823601628921005
235061046686 53723437281589090
128641390066 21750214547600526
487160995504 160288308933360154
257203340032 61490459846395162
144031227256 25767810691774320
466137125197 150024990712964288
250606866631 59140129707366195
162823849841 30972027069435776
313848649402 82884499053535298
145385305297 26132039392126592
348759893077 97091847900751277
177989943121 35398580558321201
378112080467 109603348765549032
350450664202 97798748239865398
331728338657 90067229500966433
196692742411 41122092706553615
442937661446 138965490152049730
131532435652 22487530549876548
178848946082 35655147042360158
215636310542 47203650923323778
318581176201 84766274070762425
125428616797 20940516622287717
319861215052 85277665443521852
339314570156 93174423707106170
271433067616 66663328063156360
362103478507 102716928139372008
320759249827 85637052957596023
482713550642 158098342106922882
209430360416 45180621083335560
186600932254 37998232038707554
232724685442 52924463741086078
156457187579 29173320110728424
398888382337 118759974371437568
311619203786 82002905096015990
450465166552 142522974356131098
492453194101 162907292083760525
172611320347 33806214775885567
362322219431 102810016730772051
350028843166 97622227625587810
277717040176 68991670561526200
154828039279 28718846568846984
461520761626 147801870071113126
413620136629 125399422796482304
199061254966 41867093974883010
176662515667 35003321979603432
293472608627 74945273956022248
475615285706 154623956229527926
228120066241 51361537074699776
161994035401 30735560321105600
179128357786 35738734594620226
189465366952 38876524955535898
211199628004 45754357811095844
350947298737 98006712470182272
232600534597 52882119208640317
171284825866 33417269862253110
483686776577 158576709701425152
213530798251 46513983198913000
230221497521 52072879638737280
141885444052 25194125349188602
301143486557 77902808537947712
306825269762 80117907615505918
470218683442 151999756818884482
215308735006 47096130308601570
128709367931 21767457014196895
435952468162 135691222938470718
189453671236 38872925230521540
367594388597 105062152205480192
393321082057 116282362449114233
251953804181 59617561099585645
358078416931 101009027678434551
462482012126 148263870894030626
155715202771 28966038209698280
314138688481 82999420587262720
378317336629 109692607333042944
483215770129 158345136786150769
201220578154 42550170530393814
450246883097 142419392580577088
180787760017 36236495992341632
353132298211 98923421541471976
449423576851 142028936067110376
382137735107 111358375250378583
423728705026 130024401724580350
210892975976 45654744118645376
136134228322 23677917088545538
278673303847 69348316118330067
485926944052 159679643207344852
436745589529 136061682816403264
430465337317 133137476271827328
264600116992 64162000369485082
305562231641 79623711883764585
370764257761 106424048960205601
230029505227 52007754219733327
166322299882 31975573034232258
234425189902 53505596052338802
239740385236 55335597105247226
206699102281 44299682701591801
324749090656 87239837966486920
334488793006 91193798066793426
356683448356 100419350211400676
489883199197 161633695687715392
402726649186 120478227706701726
247733029672 58125765907763738
277511382502 68915049143777498
297675178256 76560865147244570
362914086991 103062036023344776
215941790432 47303992670681608
204075841279 43459038805275784
210849465037 45640615768651968
226610227937 50852468200651297
138987581762 24426233569532418
488565630751 160982049622693000
142721415047 25417114084661363
254617118422 60565349597652842
321812559454 86059221920576674
181707731381 36513441790488320
130814334757 22303626052518237
430656498416 133226171724598810
253162730396 60047161697640826
315536077201 83553848064662001
182466290657 36742324618549537
161266279241 30528674258375360
187140137221 38163051523566205
474842178904 154247100272919834
282484727191 70775889267176035
187831479242 38374722535466178
383089487587 111774658276321847
229737938782 51908904371680162
138861601516 24393030656258460
256249603996 61148757585508076
429996893762 132920209803433918
206474769967 44227583976593032
437110162504 136232084500819994
392475407326 115907538018870050
184040928254 37218965003067394
378515687851 109778886197670376
401803681462 120064297403862722
152223687029 27997284966115584
155113081711 28798191342114440
161971837381 30729242997690301
217708599592 47885732176032282
239510548442 55256041568224578
403892408297 121001722709889113
268003873876 65404022719685626
134168475079 23166915315061299
165395597941 31708706795910285
239752849417 55339912538126528
452884051622 143672483653146138
157478051446 29459314099009730
245585199031 57371485793031176
403100083442 120645839474371982
150274502977 27461262857384448
166829652529 32121993007044689
405993758857 121947262698454208
138981255032 24424565759675162
203792282677 43368492230830848
388916578327 114334603169175523
191668098512 39556462171319322
243697984454 56711445358724674
282235236329 70682145881026649
313081405861 82580751901203165
484803751642 159126327395857382
486326285797 159876524281182592
402833455256 120526158479372570
389288849636 114498804322077476
415949979656 126460440415462426
205103792576 43787813781269800
179257068181 35777260962728301
425289593047 130743519037507363
159806636497 30115134497205888
309387478754 81123562642174494
202423892227 42932420676002327
307330744007 80315972654848008
151146342767 27700590239274632
174696353966 34420597318669010
297910559566 76651691852207410
289908000697 73583965557419017
330256492841 89468465450125760
202835772427 43063521949007848
174318258286 34308912853641490
131127557887 22383780095954043
255129031327 60748093305664648
134038485442 23133255407828482
379399329596 110163527540064076
375603079282 108514233625676162
455011732177 144686147304052352
264191441551 64013410160664200
207289117504 44489495941097754
379530004421 110220447174496701
141487263082 25088144190686658
267611598256 65260477982124570
323639489917 86793099007327557
165321412621 31687375586000576
362877453829 103046431523540349
134211473561 23178053061382976
209530687576 45213090514081050
282981030361 70962492695058665
285701853829 71988391343748349
210689097817 45588555837578857
316739945656 84032480122831920
198590829977 41718770017008448
186191241797 37873160494334592
408978271846 123294406961835330
436944683611 136154730730140351
440490142316 137815269846748026
497694164587 165514830356266472
322767156427 86442423944293352
353092800727 98906825271404323
169343085529 32850639371377984
144008149457 25761617856720512
126761411806 21275170566011426
134601882977 23279261059335073
177191937952 35160786888005402
148114644316 26871353744556410
307516580921 80388831968824201
461396833132 147742341948394362
286795948762 72402306456018918
130769326937 22292116393964393
332951256407 90565738304555683
438786346867 137016448508123303
320649529267 85593116511302632
251528774746 59466768297621826
226214549507 50719337930863383
128200477981 21638488610331301
466014509237 149965799145656397
190652816251 39242577576865000
489724838957 161555327124184512
150777095231 27599144174019720
288627125879 73096840019244419
489771354622 161578345261467138
234819758254 53640738384198354
216069959252 47346113751573498
477046165477 155322256095250077
422106367456 129278376459239176
396449265577 117672353062341273
165628613476 31775739076678650
378661874647 109842489039431688
202257858121 42879609792080576
319718062129 85220423170268544
480791612107 157155072139103208
241923767437 56093251130964672
135961047992 23632749362317082
436406392891 135903205905178335
374704826771 108125199518443655
243004529797 56469554637711488
205749257422 43994677884115842
194602833317 40468437600019328
207892224892 44683800439449978
227660987701 51206571772101376
309477160217 81158837881631657
175833691621 34757280268040576
326459068562 87929791363302018
408705185779 123170936898572264
310043082241 81381555094859776
393171205421 116215903926162880
432192893227 133939747026217448
150425850751 27502759428773000
353154989254 98932956408505594
150658504427 27566589189391848
416461816982 126693931653787562
232575981211 52873746043636351
178668969754 35601340688287554
367271207986 104923630206579790
288815580211 73168442819301351
164419870736 31428529451827226
141643168382 25129622718847362
380728032806 110742743630895770
458786683951 146490435257298251
172320602392 33720844280473882
173896928671 34184600272895451
308066579212 80604593562745722
234111690047 53398301271586363
132035556382 22616678535980258
188724941266 38648854905646210
481147637062 157329663930828922
165501441457 31739149270094033
202777816529 43045066559751089
450624641812 142598665819900922
325531298171 87555223487908255
222592265032 49506003691995162
242210436007 56192982627712008
250572885487 59128101410315147
330638581456 89623775592889370
161533311856 30604532020114970
195265940276 40675457487429626
396431456807 117664424264022483
149084482177 27135711413465473
128488252057 21711388050504233
169818303937 32989016935392768
264642311441 64177348378796160
267999481141 65402414711816960
395258740606 117142701201079426
485270605381 159356234776170301
277248460336 68817134166643226
143914247257 25736424694405737
324760373557 87244384527094733
357137993527 100611367939017923
332213160127 90264751836890248
231152062486 52388919847780290
136524287071 23779754814279451
148102126382 26867947257953362
359159059417 101466624474894057
335945438206 91790148117946370
423022918529 129699672867441664
284511777617 71539063923409457
143902444576 25733258716697800
355877301341 100079102929075776
236424040981 54191384897822720
403542863011 120844676729297640
383116622879 111786534457463944
460471258654 147298002065594114
230339582012 52112948393175418
451107986176 142828156521062376
376602206002 108947503243034498
138566641396 24315350910357780
468077952577 150962941005937152
440362501216 137755371931018010
223530698252 49819404373360252
342900062516 94655161957656276
345639169597 95791591593232192
148200651379 26894762609584104
499449651526 166391318440118850
249360279302 58699409748161602
186994560832 38118529568409512
136346158901 23733230495609600
263304642682 63691374396332358
162304397641 30823931475438585
216238279636 47401449120592890
351908064454 98409447987486274
296456545037 76091204958615093
442708036096 138857441492972826
153982808932 28483996634626212
154649464732 28669175521496812
205450435621 43898868513480576
447301450696 141024157672680480
400821782186 119624459250444226
181955582876 36588174471856876
232742423981 52930514804637845
387215400154 113585249194560834
210509974231 45530430456950051
322654683017 86397244471997632
129166400981 21883500820940845
357926106241 100944587347990401
246172850302 57577532072836098
170946107971 33318194192441576
252871783747 59943677790673367
245716272754 57417422414561294
424296889837 130286017316929472
135817683892 23595379860098132
381233444222 110963331209614338
447582407647 141157047782982792
299034724576 77085968727649050
219596579687 48509982436198547
167282245321 32252797548752576
492710265587 163034870621806568
299036271277 77086566797871552
396047775004 117493645188079994
143599496096 25652039584962330
305468429501 79587050091141125
392213202682 115791404237852358
135700963204 23564969830920324
205517106641 43920238792248960
466135194112 150024058441610522
174484215481 34357919516378176
306699945202 80068825661312398
325998651917 87743841158606528
228372756536 51446901101854490
163305839251 31109653507137000
130646106529 22260615897008384
134116160917 23153366967186432
193959538697 40267939829299392
389448575077 114569279978657152
171692433046 33536625716454826
174302316379 34304206483856104
232049759377 52694400809221873
127944893441 21573812042571776
294535416296 75352762764015130
204343614542 43544602541253682
256755271907 61329848024543287
304407905512 79172944798627072
130836330031 22309251530806920
499310737706 166321904662747926
375346573526 108403093207474626
334790670061 91317279972603840
182260351891 36680138832268776
219448818772 48461028949074938
171343360316 33434401242211660
213773315386 46593247986478726
196503999157 41062916693591808
215145368596 47042538855672826
164443956329 31435435580146624
210087777946 45393526122705730
413429157904 125312582716817434
181355843641 36407427419123776
178015599587 35406234664654568
145425211166 26142799361249026
306808036117 80111157657758957
358537237004 101203230277972604
455400073262 144871415906670418
371039006081 106542366440709120
291326039587 74124511969625847
301501361779 78041717988387239
343787563802 95022882635425602
284234249497 71434414797337513
137590776754 24058939769185154
178201216516 35461626284243460
175521903806 34664873914464770
357976026731 100965706435935720
221834946656 49253569536582426
195897625081 40872994686234176
217097996581 47684417093474176
158719639654 29808394832141634
197752259387 41454806135716072
152150862431 27977196282455176
491414673754 162392237869842754
468806802361 151315677716166665
176051989037 34822027119979968
379647631001 110271691605869376
180957369622 36287501968947138
169456588204 32883672282197724
136924846472 23884485594692192
154950486329 28752922144553024
442375937579 138701224341333999
303526063681 78829158700530176
153534738592 28359759813421128
188815878904 38676792880599834
186805640704 38060777534190874
221278448626 49068348464293250
283908628417 71311696105237057
311552893136 81976731901149976
229050439697 51676069700491392
321246411347 85832222416282567
497733075316 165534241167984276
167174099107 32221525935166583
202809659404 43055206230717564
276335533072 68477510997091288
285467569004 71899860202834204
304859066591 79349022711892635
308845733212 80910581598781818
136340414767 23731730722326603
278002553654 69098090716306114
288394682312 73008555801200672
290756121166 73907104602279810
422214794057 129328191353418233
421694840704 129089365201867624
414756916477 125916743535387077
348253125166 96880304721735810
446791791161 140783199811878976
179000291947 35700414893948392
435818017306 135628455530991270
264537559001 64139247480749376
480183830137 156857170075759168
187003734142 38121334551034882
231000463072 52337389917904392
128171110754 21631053848957854
153472127326 28342413956922626
215681626154 47218531369454614
241171722796 55831896952331130
248525542672 58404910839798488
142596957631 25383874557527176
136497638806 23772792768504770
250982228266 59273050617426710
221026390886 48984531827771226
388290646942 114058694946996578
147206566102 26624613716110698
391719149761 115572687373025601
190480572811 39189409557022351
206544820561 44250093509143601
482070187372 157782375777822492
401038485079 119721484233250824
377992953076 109551555630529300
230660734822 52221974798711642
302719415951 78515124038065800
188843533204 38685290203537524
458711012932 146454194136147962
216586963721 47516147623334080
204568065704 43616366425307674
142902054922 25465384357548342
476103065956 154861885563136676
398621365171 118640746799921255
194786292404 40525677707653114
240038922127 55438989390043627
269293963556 65876843717266426
455237846767 144794011764990603
365496682672 104164117917538842
286744450696 72382806108212576
396518723602 117703278779150702
369956966654 106076651178374914
217138852504 47697878415347994
167553632171 32331316417734255
137712505646 24090874888038530
346337924857 96082221574133312
470858943832 152310312091796762
135756711916 23579492788562810
360007095917 101826207045209557
143772110797 25698306324582592
125119278442 20863097496997078
185024482087 37517722607323347
393160564379 116211185940864744
328838197879 88892747391250819
139568143612 24579438817290618
137102828482 23931070207168062
147305878372 26651561554613242
318677768686 84804828188484226
479588185001 156565399699709376
141684686651 25140672484394975
145635076666 26199410477394310
370834011802 106454083655201602
233188155904 53082640892900634
328240782731 88650614118963176
457678105654 145959802827809034
495256802636 164300453761551226
176126763296 34844214343823130
455076603191 144717090274993160
377442776062 109312460518481922
450710086597 142639225839896192
382312600807 111434820195870483
485003663606 159224762747851970
154944919504 28751372670307354
465207770491 149576548684789151
392187518426 115780030440240450
461177837422 147637168546436738
217711898912 47886820725628872
152083018829 27958485932834549
227121487301 51024659094517376
402533716141 120391662314723776
247842849226 58164420771091650
397492666391 118137205407997960
177997102879 35400716477017179
253851281779 60292302552899239
168385941361 32572520368611601
400275807481 119380124777498176
242037857891 56132935926828776
147923667322 26819399119956038
333056532404 90608695754117114
255412696561 60849435691603601
491263004701 162317063103573925
454948773556 144656118638866426
208229599117 44792616115819957
390351064952 114967757054511898
133090076702 22888165941170402
341750753912 94179672763620122
428258928904 132115167260951264
325459489411 87526254433823976
328302363517 88675562727693632
168531633307 32614803450068712
419601741241 128129447838715401
445822444316 140325289283756410
373129209454 107443924003289874
226672168087 50873319159833443
408478286297 123068380487594217
214128514492 46709423142349178
164423884879 31429680402964779
393641328406 116424409000159170
407706757504 122719869911558504
188209223686 38490542863617090
432243099754 133963086772911554
170457051382 33175317263645258
131530896961 22487135955646976
296277929977 76022447849861577
202438526851 42937076586503400
325276372597 87452396006019213
249589141076 58780239436997626
218811962747 48250225905781992
257737229596 61682017437032826
157134778504 29363042763783194
450888597391 142723976026381960
151805734546 27882058060608130
173118165572 33955223877518788
305925068737 79765576747708993
220502783404 48810569635679964
415942683004 126457112848460154
212596012279 46208877114674184
440223618682 137690208627856962
192825157529 39915193259232064
443801171002 139372059410714502
457330874011 145793728875601640
231370371376 52463154586504376
266458395067 64839097661440232
479780161807 156659417701080712
246068312051 57540860158785575
424271096867 130274137378013928
321950563396 86114585479715780
387579813097 113745631615584192
196251438251 40983776604688751
357063624331 100579943105073551
133072535779 22883641185531959
165912480904 31857463804524384
191271434251 39433730271348751
360905407216 102207569211520760
303792586504 78933010053116954
459362562752 146766338799903002
238146954871 54784833763032451
466914711727 150400543645061323
130525498847 22229797708973192
136928509642 23885444079606978
276953659126 68707402299565250
247963960532 58207060095751162
397127186446 117974308526649730
443242665812 139109051209729018
386910094286 113450938577410226
125289417332 20905666886933908
351210414566 98116951097033026
173217033992 33984315984452832
402374020504 120320025606480154
242809368817 56401540791315328
323186694352 86611017677724698
172191473062 33682948017625922
283130758757 71018820742555008
260663299436 62735400255540090
374288548207 107945066829174408
389422098982 114557596931786562
404590153741 121315413556146485
246041654842 57531510082747782
251229553747 59360686446182888
256372751954 61192843046121774
166460749522 32015506929783938
244763806954 57083896646213974
154445426311 28612456715128840
355677383072 99994783800041288
491154967171 162263521378233576
382908318496 111695377594715930
372170938129 107030283014486129
183352365142 37010286078866882
287543190341 72685455198093885
203403030392 43244297873885978
172412196154 33747733392647234
235696391491 53941397591624151
334349762671 91136946859485451
281251125002 70312781251000002
485712057637 159573734664467293
333372460241 90737649601399985
376046971762 108706655805612418
253163441962 60047414860371222
380134014212 110483670427213818
333539056127 90805674492064123
207216365731 44466076417791095
230217426182 52071498324001858
170645696302 33230405260265602
442580074036 138797241965674490
392797081954 116050064810851074
221092882936 49006637758132976
468417624754 151127295806319054
429437878391 132661090517408776
398694585062 118673436717224922
480119153404 156825480109664634
457437994787 145844955878576872
140199157102 24746319555165202
215947705079 47305936170454024
275815385122 68284258464380638
198007042457 41534947261412137
128048614831 21600051324591051
178689892579 35607594457913399
405936090281 121921280972137920
360598768762 102077337864996418
269159679254 65827575276602154
292440782701 74550369050301376
317141213572 84192217963654788
321685012357 86008063927726208
298216308196 76769724813975076
330963123667 89755764965496903
303943044286 78991656465660226
200122062277 42202207444874173
303196578829 78700837032688949
492290449931 162826543186689551
467293597171 150583648279142951
126926617042 21316775317199278
411494580079 124434040708454024
133921496881 23102975989282176
498485648371 165909815214806055
327210163204 88233420279096324
137080312607 23925175280899208
187645199746 38317650175740930
186273021796 37898115558904826
145055482891 26043164694953960
160418923526 30288376113474626
187104043676 38152011338293626
139078280716 24450147187932026
349154207777 97256555422632673
184258190041 37284890432787776
226002048829 50647887817206149
416606027611 126759743941076415
208855399666 44994693409009026
221450781787 49125681812017343
323898602512 86897352507870168
349042239856 97209776316825720
304191030067 79088349656809703
265716490516 64568487190729460
147760536772 26775046573157188
391507634522 115479091879199042
186847207166 38073481710209026
424859002702 130545009564182402
397786955276 118268426395433850
214423756681 46806061524233145
131108098486 22378797628217226
170937337351 33315630070987251
172645400306 33816227203728270
374907424322 108212904049455038
396809979232 117832987873522458
385122035431 112665397481735176
215775556276 47249380510789626
312927120496 82519716147643930
245528434636 57351595719294140
378279934111 109676340510429915
493254406297 163305024656118592
290821705841 73932112415995776
134461311754 23242803068393154
341200365851 93952250340550376
332115352507 90224892175180008
200185332127 42222222782876123
469182579779 151497647463545559
228103855597 51356062395744192
360628492547 102089959327203863
248755431841 58485967520812385
314837391961 83276484144362601
232300526537 52779841132293497
174175987792 34266919369290778
137484308126 24031019702001250
134977791379 23376848681872519
186638199167 38009615813563528
413044606066 125137783714320910
135783287761 23586417045255601
133260386897 22932113679514417
154861429129 28728137236186304
319657291807 85196126937240712
153902352202 28461675000926402
289143241927 73292992774969352
304837203337 79340486975047097
327698149396 88430874873080826
126154403057 21122536321780608
164239858147 31376929966978792
204301423811 43531117276107351
159627472852 30064504283110452
165514098926 31742790434708626
183323299342 37001485877461378
275563661011 68190799845169640
382893441779 111688868287192359
125062757876 20848962240325626
146702381947 26487946374389663
337189236616 92300383289216026
442216988347 138626476318970088
283715755841 71239040281886401
298508305447 76882505615454163
166836006547 32123828164992488
264725982796 64207787013752380
239783318779 55350462318585064
342823050704 94623275871464474
371217345482 106619189883187062
342103036529 94325333438400384
466821946879 150355724331904379
238182843529 54797218319834809
212335265279 46123890994869384
152742237572 28140466139445892
169190062661 32806122340418365
139537501951 24571344768906376
291940069261 74358984595058101
154449316792 28613537844784432
198813991754 41789110555177154
412963718416 125101026384384026
428467187779 132211548843999464
394657930396 116875709692428780
353389506052 99031519246532602
284566092437 71559550699542893
309517285079 81174622219913224
214342561171 46779478053282951
173590398811 34094253732732351
301436913026 78016696082254850
442090977896 138567227748437530
229185148966 51721664073552026
407360078272 122563377257147688
220100533027 48677067050471927
259108208129 62174828298490369
487886767579 160646638590318399
215691478004 47221766662809594
134554153147 23266879905603167
306906744454 80149821639414074
475251564454 154446619748158274
151742925961 27864755818486976
342429018142 94460186085082882
348112097201 96821461931362001
294239232127 75239129409754248
242605230736 56330427656645976
141928596154 25205619796196614
401736451162 120034164682539622
338420524457 92806414104489408
184372334147 37319541644435688
248506507537 58398200916639872
203791005832 43368084648180762
177566580416 35272358233972776
226339675706 50761425410708870
234402594472 53497860405197338
370222810787 106191008818608872
181326334322 36398541720528142
291346649497 74132378040621888
383345122637 111886557599522293
389912935504 114774251811632154
148600530542 27003688410455682
427357983287 131698482352187843
248316901004 58331378264616444
397547057041 118161454092348401
176396319667 34924236941079528
141872126827 25190578386212527
170829769387 33284187551470447
445832831341 140330193382578901
400845956879 119635281752832619
148598895062 27003242612135018
223712601652 49880229369518548
469647667379 151722966481103719
139675415917 24607781984249557
263436732731 63739307794947551
154864768312 28729066413109018
351378055666 98187209859569026
155154300932 28809671214628858
285243954472 71815395011328192
319443042557 85110487601164608
384000357547 112173544446617967
386213708882 113144781940947758
341462282029 94060452236626709
425856977287 131005246304808968
125271897697 20901282072684288
175390988047 34626098106272363
406070356267 121981775384997103
193286220376 40058440315860250
281444658671 70385368908895880
269641203262 66004301701780418
300298162672 77575023369698842
198698612816 41752738210059160
137009635247 23906674244962763
385112381501 112661161197269125
404256491552 121165372674531098
270059950057 66158116305670233
300935535307 77822130054597608
320224439341 85422964697658901
279870570562 69795708820483518
130274241581 22165641108381120
178559593216 35568654329974760
386766721279 113387883988989064
405619887017 121778853059827353
138276201904 24238942444843064
260815669921 62790416209839201
343711281496 94991257726747930
436029039721 135726974141962201
352389779317 98611581212031232
342085666232 94318149465707312
152581442321 28096041626472576
174353687356 34319372994278220
163389288836 31133502209503226
177649424416 35297045704662810
184857840904 37467048814108384
390779715712 115157181044990568
313017313477 82555394935160448
316598288717 83976113091271157
481992619879 157744295335760904
281518939262 70413235569772418
134106838672 23150952964851738
321103750132 85775053323711508
365027448529 103963589291930289
484270198441 158863708635429785
139240769042 24493008237915778
320939488552 85709243974595098
237501421411 54562230714034615
264841689322 64249887585497538
367826789254 105161801657220154
259183800254 62202038591037954
186666915556 38018388469392676
489347846696 161368813970672576
444906973351 139893286049979400
193255134151 40048776797550600
468168906836 151006944562783226
195512863861 40752636172649101
427911018172 131954207489286092
459131592931 146655660370794551
300549309166 77672360531729026
425893893427 131022281303759848
130475943196 22217139163887980
354304781156 99416504373810170
186923016736 38096655426027290
157959937279 29594636702594184
446822041129 140797497618067904
293916361754 75115322824895654
268091736136 65436188412211226
374912619851 108215153506989775
151498977379 27797587866116279
263764197517 63858191433341632
191430421904 39482907378956314
150286015891 27464418737075335
378373008917 109716821396242432
355776069881 100036403777562176
325173946462 87411092462142722
235349109776 53822223264240600
171506724302 33482228745524098
307585597957 80415896430129533
259933117654 62471978919952834
351789784207 98359837348529387
310596122404 81599399150341114
168631506397 32643799429722688
343032576196 94710036502155076
264529557931 64136337615606895
335531622521 91620600377752905
206692672726 44297615745931626
405087754754 121539289234952194
378847259197 109923163668688517
378670577132 109846275697339258
327852794647 88493479910333667
332332178816 90313263586864410
287399122936 72630835750937840
437357971954 136347951403180174
492412505537 162887102357267968
366763150492 104705989290697082
183230667481 36973444545613801
179933706106 35980023696571970
370861570762 106465950770740418
399012544504 118815428423548144
187998841892 38426023288924132
346161505771 96008816723490280
283951581622 71327880099731138
467460858242 150664504455474178
141985609606 25220809177595970
156064743956 29063625137810426
129209607076 21894481779629050
255679356872 60944754221914138
399112602896 118860123381656280
469418970517 151612156733275757
135201300004 23434937068140004
340784150807 93780390461128712
144339466117 25850572910893053
264306304154 64055161424814914
151753944071 27867790781677576
370609272271 106357325420481451
163153284529 31066071291975889
250366216501 59054964406834125
165483031457 31733853527735137
403056088204 120626088670174074
322441037536 86311446849555226
412275131129 124788261240993344
170251004576 33115182398457626
151712628221 27856410805909701
154702859404 28684024406284284
153735402251 28415375604628751
257331021301 61536253340243200
226353132196 50765952332058980
217336596754 47763049631614594
355753294787 100026798142528343
288532162129 73060767611388544
286473404779 72280200251429039
448821750521 141743743497920201
188880408754 38696621903340494
130588862041 22245986767507776
306580127536 80021909795955226
139280878156 24503592040418170
142536084082 25367622004709762
192491820686 39811735830154226
306934949752 80160870775803248
210489211207 45523694480367283
477112588591 155354697459650635
372613661746 107221320031741826
218924437552 48287433443160602
441152107706 138126048379697926
218292968632 48078662520024112
472590794911 153151396195601115
170229998306 33109053750912770
145569241379 26181647047062519
459025232176 146604702720295450
323035565006 86550272861463426
165397898527 31709368381752923
345040798117 95542947135144832
410057038402 123782551326220802
386380713847 113218178327032963
362013277754 102678549996489794
467959918736 150905842754955290
139058767397 24445001662302813
487239964904 160327284932249114
165223674436 31659279302879226
211846795904 45964823001316634
182201792312 36662462447630768
138559797832 24313549591924762
241471844212 55936147806025722
449967936926 142287061143624450
149903584832 27359652785977512
337112047717 92268691167516032
172702991329 33833149246044449
331883117122 90130272511304638
238997966879 55078754453494619
241072418162 55797416546148622
331949112601 90157157683566400
144581884931 25915724546700520
196918600831 41192942631519995
325486921036 87537320509082490
332930040004 90557081858312004
358091957227 101014757034657327
174163593529 34263261809884809
344023097356 95120551629634426
162789041716 30962095893666260
131030787241 22359006181287360
201364608746 42595863876116930
481203553777 157357090911794048
451073792206 142811917266152370
125494738567 20957077530489203
459392276779 146780579485056239
437188705822 136268805013968642
358435627904 101160211957026664
212125480186 46055552922524226
230066133616 52020176783654776
199388231329 41970292216762624
293183851132 74834689362201612
148843226422 27069869517688842
135938104654 23626767592437634
183282732182 36989204595713962
473490511886 153588958284181890
448806591601 141736562478763025
186874105576 38081703565633050
190085139911 39067438465759240
248070309379 58244510629668119
283347521237 71100393504502272
175837842754 34758511116335294
388170807754 114005895628206454
280053151004 69864019422013804
135344858782 23472272364521058
136394205487 23745776528283272
346547689027 96169525055267048
308135657936 80631706426584090
142056492754 25239697941765294
217399893922 47783916951444738
351504651197 98240277440352517
165347289331 31694815618848551
173508506822 34070130399960642
239948163886 55407550281476226
174344829751 34316757759829000
238311236632 54841532204557008
497593402846 165464568384577826
252760855501 59904238500592501
273963194311 67597587243724851
189974788201 39033423157847001
239541694562 55266820228111518
418262585654 127516551014116034
152229756532 27998959457020308
249577130287 58775996529696843
348642978167 97043029758450307
201771598876 42725068805216876
127025892631 21341789589127176
275293501121 68090543980760576
376391342266 108856014633547526
235817245147 53982890730767167
128942353577 21826587959731648
132808529891 22815575775908151
378301679536 109685797769726490
137046804031 23916403229942920
254253309157 60435587831579037
239364534754 55205520320737054
208719697561 44950848092422976
132505144237 22737441067598272
447375228829 141059050026253349
465889013542 149905225479606682
339557631571 93274557233190855
348561149392 97008866797192728
295740869582 75815833585684658
142915955029 25469099984726189
459942639172 147044428314993092
141748572791 25157678447874435
137338046561 23992682058462976
238037235172 54746977175118842
348101250079 96816936550028424
447360094357 141051892151235437
166532304404 32036152463191034
232841362846 52964269579459330
147814359904 26789677503550234
343909467227 95073428305989823
176941404641 35086241950874401
357367065491 100708183258320360
261694653697 63108101897270017
276198017762 68426401712924418
288056059711 72880007462433851
210415899971 45499913378361576
174815775457 34455897983343137
355776913417 100036759553632057
293527005916 74966112415110060
362697722552 102969883433080602
170266760129 33119779380401729
154395965896 28598713297964576
138395076887 24270206238947043
206966660377 44385725040446377
285619465307 71957254373157608
155295267472 28848943013199192
458830748432 146511540436202712
296065509751 75940704563141251
227766264847 51242095044845192
136726062202 23832492026008902
496188790472 164764449764796442
297909787672 76651393942419738
369871813487 106040029696415368
296348753647 76049708641831563
470348640461 152062774764406976
466535979947 150217587503878767
460982898146 147543569329943326
175329397531 34607860677111295
324299546047 87058753636097467
228230854391 51398957794429960
356029175531 100143174435571176
247367140252 57997040058245498
182074442629 36624031369302144
389469756601 114578626988045376
171817271707 33573209436786408
320190028204 85409195803818874
227768289646 51242778345664530
171011017552 33337172780339352
203037090181 43127649758011520
145001625941 26028661866524160
491206506529 162289062750768384
240871093927 55727534839590227
459341475961 146756233066021440
195679860079 40804860316210824
427345040266 131692499437494710
275235626954 68069073373742274
389671892611 114667838604811415
465205841332 149575618272141908
376919046442 109085020709133078
283090877476 71003815889147876
163129864837 31059382499129472
483275739412 158374614747188218
132193878392 22657369787339632
486798805406 160109587495107426
414975531637 126016311318701197
394211174347 116677309346569192
345298366732 95649949574429562
149439078254 27232582108747394
330635328706 89622453046695426
382915319404 111698440885767034
424331895836 130302141246349690
265040414212 64322216391571972
315951685427 83718981894863848
208466504957 44869079728345408
195642326629 40793120669394304
416509275952 126715588878462648
270880016947 66459689811725288
297375876802 76445425397081602
235381356382 53833285414063362
431427140551 133583936001800200
498899106652 166116273646453548
415520498306 126264629341350270
416959357837 126921038661665472
482523934897 158005196784975313
290364292541 73757756863187776
173463739516 34056945477020026
255391970087 60842029034302472
294360450122 75285628723714242
303851050129 78955796660223729
335183559421 91478073582018880
386090675692 113090720695772828
219354092426 48429654588531126
284203337629 71422761842263104
444740968127 139814997114586248
335793812761 91728012313572265
246433942036 57669156801375226
144809438204 25976930691459724
137758692754 24102995597617794
442179371407 138608788410588808
416590510079 126752661778265224
147711071629 26761602639770304
229166869507 51715476330444008
312508763491 82354288577844151
335142622696 91461315447944730
291345122812 74131795349612922
458718675536 146457863851070490
456388369922 145343265839476738
294310578937 75266496940228297
225258411616 50398115637216026
179112795941 35734077467404160
188876721037 38695488633794997
494903553496 164124700478690576
388141731916 113993086485842810
287249027947 72573945659694767
434911949047 135205716661652488
189494915632 38885619987534362
220914042052 48947187917764602
249307317002 58680709739816502
224568940754 50166904813364354
320083605461 85366617660587565
302378704292 78382607727090682
365119733071 104003017193489451
140036110372 24703163407932388
196176891772 40960427156466042
430486678442 133147377209336982
346341253951 96083606930826376
185387825242 37628290481658178
480378866654 156952745965914914
137743471147 24099000823854063
154791871004 28708783939869804
149286042154 27190760670237634
432598347721 134128271307110080
441970626472 138510647866108442
347003228986 96359210989934726
490512934279 161945461321854984
247823136232 58157481457153562
490730861329 162053398029521024
200757111727 42403247949026952
340643818102 93722469154347202
399099201491 118854136799824360
250856132087 59228387066873347
311500007557 81955859655444608
383043972481 111754738829129345
372252904129 107065643105938944
166154506954 31927197744787574
411414751451 124397832737837800
211822061761 45956773305392640
312143622022 82209994067578938
202486888501 42952463728069376
295246558831 75625831396759176
126501230522 21209702314575938
231749426029 52592133246153664
479099601127 156326207351716627
164641869029 31492202782642589
185357989681 37619207224120145
231425474947 52481897790684392
145599459007 26189799755549883
243413925316 56612318232734276
246012193291 57521176966673935
409180884662 123386040685121218
360425545936 102003793472216090
380924396381 110828429430048320
468451501954 151143690999094274
309103573192 81011925153171482
179837136857 35951062192345833
161237316647 30520450431172563
327974269372 88542666879116492
485925958226 159679157281386626
352874343917 98815049653293653
138007606507 24168352077211112
343100499379 94738167924246119
340227117857 93550549462099937
193240213651 40044138860838376
194441909816 40418250910048026
132413527192 22713863352119578
286237290511 72190857503551851
155284678829 28845992509004224
207975414154 44710623860394934
159449539117 30014249745296832
359616874927 101660693735137227
262573666786 63426332179197726
382237403654 111401944583330234
260814225442 62789894580666078
278698687346 69357791429485326
201642028582 42683920680708762
238135222627 54780785370390248
153254472529 28282142293936689
350969081654 98015837372234434
249630827821 58794966405219605
423615481927 129972290113849352
301483501796 78034783671387130
139265044921 24499413859490880
386337640691 113199246748893160
434562278047 135042690423302363
203462351372 43263217084410492
135111874366 23411690180281026
486035391017 159733101081439257
281813907377 70523930321594752
423325589317 129838897042679357
402982468891 120593041126188776
395651825129 117317492232368729
230128544254 52041345707566594
270529037962 66330563936663222
159565890904 30047108275684634
426918954562 131495591807894018
134826118841 23337457388891401
223139054821 49688530348300701
129675674746 22013050941621826
206719034537 44306090672743872
339338460472 93184264164103088
428089582351 132036811457355400
471132642457 152443132766745408
422661511406 129533496062721170
403135999702 120661964178071402
416756653966 126828496286619010
429454560152 132668820541014298
322105451879 86176736807146504
226402924687 50782704281233643
370692788204 106393278528580474
374378534779 107983997472402664
293186914126 74835862102200626
424299653416 130287290210362560
341879737754 94232995877161794
438680496151 136966871684538376
213411224587 46474918064120847
228115338077 51359940253148773
280852265716 70163261961046010
130231368191 22154699894256776
275764139926 68265228996416450
190396022987 39163319552699368
215904332882 47291685074911362
170185072579 33095947793184599
231955756606 52662384475839426
462169496026 148113615183074626
312410739197 82315543617848517
162018511904 30742526578627784
283259451476 71067247040766900
264421191721 64096930839216576
299906924527 77423471791532427
432914659751 134275408356949000
402540894217 120394882609576128
330193916404 89443038140696084
229789458004 51926366386961844
477264988501 155429138834147501
431077016504 133421354147722544
244770103957 57086099545664512
138308282597 24247378255561088
297266376271 76403205852102280
377467972886 109323406711741226
376190078902 108768715290364298
213236824726 46417960638323650
264907194787 64273726252468968
240401433301 55564624349811200
170770153906 33266765985278670
465705627157 149816724081005037
402905265616 120558387992259610
212015417077 46019713072139277
210635222932 45571070905252858
322860363529 86479870293717184
316340522579 83873577135558599
193069290701 39991021391184501
137103875777 23931344413348673
335485749757 91601811914280133
143271706754 25564257179886594
361803987227 102589520578782952
170957802481 33321613225698176
485766267617 159600450291292928
255207612962 60776161781698818
240662915977 55655304844443577
440384086279 137765500505980659
204936662792 43734303586890778
143121862654 25524162156920834
343547137417 94923219225994432
349507776557 97404322249227712
226911255617 50953830094268928
485498204137 159468358458843072
380495080379 110641120463347944
308540080741 80790500215699485
186723132754 38035564383441454
231584019331 52535838316441495
361344781217 102394270654028032
195566019716 40769256998572026
227040617441 50997409408811776
308003002231 80579642776530051
125568394681 20975530633690176
315667961462 83606237933547722
155211682747 28825655034006367
461814798097 147943140262344817
203811435832 43374606277029658
430046972579 132943430962772599
211887805691 45978170620741151
387532271254 113724703613090754
243562564597 56664181153785088
254896215004 60664959309807994
275016798904 67987911252481584
160955209507 30440385739707112
334631942656 91252346059142426
408611164007 123128436495488008
165358790741 31698122673897901
307490701529 80378684361606464
162204138097 30795374774877713
368634330047 105508306140644488
430732603477 133261488639677952
170184489167 33095777608695432
199616263477 42042312410138573
165170218129 31643916013670129
137847939779 24126422116350184
127136300386 21369620293183390
454433821186 144410585608884226
190927084597 39327288170425088
243067276762 56491427837572418
379447241086 110184395796788226
130679845762 22269239636540418
303325858882 78751178329997758
137612285272 24064581421196688
280728616861 70116931600432165
194531095627 40446062435100623
255106887779 60740184659992759
192757473652 39894179039782548
474909422992 154279866669535832
366783705856 104714791842694426
228754083422 51575810665108738
476791260871 155197780440045576
247958326792 58205076409418778
264979260154 64299955595875014
250725110647 59181990867958792
274594225129 67831272337351769
342925735042 94665792244679682
156986255279 29321421802619339
496155917027 164748076093562423
297239389801 76392802014692825
478823597716 156191140320550260
151076524771 27681399122265655
257311651879 61529305673841619
463924799626 148958211797357250
147042746957 26580182154043637
254932630177 60677959927141473
222894618976 49606906312299400
409627895629 123588286220301504
177319355371 35198719531865576
395402789629 117206744712649669
411393888427 124388370448911727
165900384232 31853979775489562
199015196857 41852564207452937
352448547572 98636250524059642
127307804716 21412875702023260
210634573879 45570860270678979
392782014361 116043387396066601
343991577629 95107479366574144
421957533277 129210007358051173
285800886947 72025824723565288
190230680521 39112315658704576
189872479496 39001895886163680
140834778176 24914798937913626
259314132562 62248962588297518
315849943411 83678546641663976
126008777092 21085972735504378
165369717451 31701264589261800
498268002512 165801169176546072
294768785392 75442336883645978
208061200351 44738290252170376
126131298154 21116733762213314
288169164866 72922936184836610
499188829267 166260996250268103
147907894106 26815109570203970
227965413152 51309315365636552
485658836236 159547507676956540
205240877017 43831720591557353
232359830957 52800053828137408
223608934397 49845562002618688
243126545222 56512091045321338
306155081254 79855552412633754
493454066029 163404188757080789
403016584322 120608355091137538
337503831667 92429586849812903
367022704231 104817157715592595
181627562572 36489280033720892
449071909661 141862265334451365
444452419154 139678950672994434
408666310081 123153363430855745
488847393721 161121330835869705
490376259286 161877780036055490
129989572022 22093027661199042
146369985986 26397973342921790
206162578876 44127313266485626
337238510746 92320616096981826
198700504004 41753334307788794
450428149546 142505406954980630
270817456862 66436667700419618
186431750626 37946567098490626
196190046004 40964547002734804
424965938404 130594299357168634
244207192412 56889286508803372
433384689511 134494148696890515
321028424971 85744873149213455
222486189454 49470620008236274
138889006582 24400252158354762
256897894411 61380956442623976
256576154032 61265681687161912
315977918447 83729408720208267
468015063842 150932518014370782
269923270654 66107897935020034
146854088327 26529044202545523
311687100571 82029707233101951
128206048007 21639898843439112
283467980677 71145738684084352
152424596647 28052730849270792
375356104267 108407222067437007
396057565037 117498001762555093
290018422402 73626010167628802
331572781954 90003884322307074
214255489529 46750976326643264
183871698572 37167641278049788
468770975779 151298332545188584
419370920707 128023737400053783
292883755336 74719820266401440
142929321154 25472673043994114
346773339616 96263469940164360
329091269971 88995384259168455
175874612071 34769414184030355
238440354896 54886108413260826
169573040704 32917575186195624
363676134826 103386821411930050
261163906004 62916213104187444
494633974891 163990618280041960
229075483147 51684545017538063
204661463437 43646240133976768
365564229331 104192994789748551
143250295654 25558526750549314
491325453829 162348014608772224
323451255754 86717389485268854
426036035504 131087879836912154
345305845966 95653057289647026
479632257911 156586982137630851
188511815254 38583404438434794
424413889222 130339910392729338
258430531916 61931067960425276
296522769466 76116703035973510
295657814936 75783898098352976
399572854276 119065784645369850
423261182212 129809266537907972
367440924379 104996366622178879
429563926387 132719502576900072
286864872526 72428407988862850
138253589881 24232997065632320
378057296927 109579529457573723
369156570127 105732594294447752
304163731082 79077703462142658
386831807572 113416507101979642
212781892129 46269493371183329
337413462982 92392466443902458
132837908204 22823146684689274
420660481231 128614698614423176
277484563204 68905059230168324
142441595641 25342401527760585
204049009726 43450468196826626
395318313254 117169185502572354
225449074306 50462116002976770
335475101171 91597450674073576
275334313486 68105686225242226
420962305831 128753145409014995
141634652566 25127356500538026
294540788887 75354824528046947
219355417129 48430093297378329
417392322946 127118779784653826
354639050392 99557229552023632
130330906526 22180104665654626
314684261129 83215735382003904
348726486817 97077898189861857
486146808226 159788029319867650
371276801471 106644805901501576
233782672579 53285772851157224
210522951641 45534640779719401
312675598237 82420245443806272
129661924942 22009549890902578
343900344454 95069645356587074
266337226936 64794875685779226
443309517211 139140523778770815
237549668176 54578857478018200
357382283204 100714615994849274
340040716786 93473679290947726
374389783861 107988864460849101
387214520137 113584861980040697
370141929004 106156211716348794
281844689029 70535485307424509
481156465801 157333994294877376
127257350266 21400147469584710
434379572629 134957534213916269
150152274001 27427765333790001
223099642172 49675366326462842
212309851007 46115610427813883
218389448279 48110540287959459
203230219654 43189199156568634
458304029107 146259328649603687
427174950206 131613883683935426
260704456742 62750259215997082
451968961147 143237249885739167
158276539766 29683657097710026
315261274486 83444720263673290
313143922037 82605487770355968
312229750879 82244022373229704
195904510432 40875149594536712
126968943004 21327438909508844
490436671246 161907694800211826
353120532772 98918477777538042
206236429921 44151026172439201
174142347247 34256992313577867
265017116596 64313735482730580
155556754201 28921837672941376
499555598791 166444265665312776
287390025154 72627387020598334
357844041137 100909872536951168
276544473151 68555190531646600
475064394886 154355389510236226
313527068779 82757141949111784
431507958592 133621473638149032
346993232212 96355047016166068
459706729231 146931311561875051
138626661427 24331150898485223
138490845196 24295402809470076
305543470061 79616378624726101
141204405332 25012948360864762
497673213286 165504379009275226
129362156926 21933267465704450
191157647087 39398546853278347
207934784761 44697522709464640
418438210646 127596874202158530
499293749572 166313416533100538
410496372742 123981535299249082
225859541051 50599990560726751
180788962642 36236857568462978
174086286892 34240451481557882
452569087579 143522631319112424
298256468654 76785233086081234
365579620582 104199575076701658
307251564754 80284936287931054
160423454962 30289659480722818
143689006927 25676028129821227
423695564992 130009148104293928
396572156992 117727071478833832
126667776151 21251601698885475
177937442629 35382919779655229
277507657522 68913661598039938
457217071931 145739313329859551
324110314882 86982565573135362
323113536904 86581611053844064
241904986831 56086719452173995
207678201922 44614815858659842
461879191127 147974083978762248
403404524426 120782541849938626
232793596631 52947972379789320
128004591352 21588913032188698
312797391986 82468406802852226
162960835961 31011121162086976
188956629632 38720047761451112
193297412029 40061919562955584
223791538637 49906632074190197
461006903221 147555094190456576
375443619454 108445137409641474
445667597566 140252187178113026
151174384454 27708299403786874
166434785827 32008016793228023
477920780957 155749603306728512
290311713092 73737723567310532
454888680754 144627458789122894
287132314504 72529718354987104
405022950326 121510125282002626
472339027486 153029027910932226
132325028462 22691095881006722
289614152986 73472117933474726
146585946332 26456417938145658
315165995146 83406894675279030
127216489492 21389841299549178
283377633697 71111727992539392
461877268882 147973160223263362
381899107991 111254084342304776
231420712651 52480277831408975
479133862417 156342976420194432
353555984551 99101506766216200
347844306161 96709761065274240
280432719596 70006102389566330
235953242536 54029595940402240
445954651846 140387713614155330
201827504792 42742827137768528
167692593251 32371545894152375
195440958616 40730156363936026
301036398212 77861258179661818
273094125536 67276191638035226
196700896154 41124649761127234
366666376727 104664550570916323
453793398802 144105421608468098
313163706937 82613316605824393
343047485587 94716211215255943
408567772991 123108824222704776
330423934276 89536515449669626
482883548746 158181866170589430
160482369454 30306346554041474
139295128837 24507352809385597
141542059597 25102720173315317
281840184292 70533794255056932
258011565379 61780525315059944
230738170861 52248274497494101
202617366491 42993986848249151
238055865037 54753404422655093
388445760406 114127047672832170
310706474254 81642890276702594
223546076926 49824545748584450
349968603754 97597027747649494
475356863536 154497952550515226
133107618781 22892691293219301
478889165792 156223223665318682
276641162536 68591147549438490
476770754266 155187768049140710
217807590067 47918395840480232
210747524152 45607520456293552
176276359442 34888617061156482
247881573461 58178053173339565
198783725186 41779568225113090
231699729746 52575217376848430
359481195487 101603165957685147
440748296641 137936440001294401
217591160087 47846990556610568
400340231029 119408946922641664
279550450316 69675992888609276
216021316351 47330126398731400
394674810832 116883208345029658
395086271987 117066037821700647
320040401276 85349334334020876
156341974972 29141101855320442
139202248621 24482845087063701
498800220601 166066887579278400
244761707971 57083162358991080
265949090642 64653287731918978
271738186237 66775764354231493
290458032932 73793477389179108
233360966036 53141659269071476
253021860029 59997049494270784
344370739561 95264769958517465
127055632466 21349284979230510
360732110746 102133962272044326
258905963437 62102047410356672
330629636432 89620138622163608
392537427991 115935013437067235
255011895721 60706261808582080
292189990129 74454489731894144
186389009291 37933518393292776
302584819702 78462765289411402
450529712662 142553608149725122
162818143336 30970398862323226
134418273266 23231644587181710
413927614046 125539278209389826
462314682677 148183413665686477
400535322826 119496242259602626
223332160286 49753045340319490
162914596706 30997923230227870
131409368812 22455977596026268
187909940362 38398769946915522
309043034021 80988126539101405
374892703852 108206530755726202
435126483502 135305770973114498
148406516416 26950821256864026
247145627212 57919154410731068
475524586154 154579728270903234
185499273157 37662226594927037
343769321611 95015319518808040
381371421277 111023576924671552
163638621322 31204794162344642
281248125004 70311656253999994
310325055392 81492600846685978
182370251954 36713320161766274
126551534872 21222354927610138
307451492404 80363310826373114
151082571361 27683060994270976
133938058529 23107261733885184
483328830079 158400713044006024
375939442496 108660032701851930
458290625654 146252912493722314
242323201696 56232229795628826
486065955529 159748168637025984
356138882596 100189465304312826
131868598682 22573794197121858
235999270732 54045406326557562
489395333792 161392303783251528
127568308606 21478633597559426
173977142627 34208255669427127
157897553947 29577106643136767
417117354931 126993186217889895
378879466772 109937181597010938
329451578857 89141580584159833
410713862302 124080080417557602
197829620606 41479134382499970
203800582267 43371141580303007
329763356329 89268149691108249
259618849072 62358716755247642
176083439767 34831358693105507
173829115126 34164606059410626
179187618691 35756471205744535
252917299811 59959863018567351
272962591279 67227592656475784
466113952441 150013803711620160
256809736129 61349363467579969
318602728627 84774876042699752
341541620317 94093236384196453
370774591279 106428498188132939
222380806061 49435475568610965
248537528131 58409135869907176
207686580266 44617515725554710
332674680206 90452914849834370
278380730531 69239133678898295
498371827636 165852994395707476
197314793111 41317323048275976
369135948379 105723734794537704
168279759454 32541715510588674
496942189454 165139852862502274
169584688154 32920966757659814
128519683546 21719355280772326
135212740301 23437911616862325
240550537306 55616326611271270
155718551146 28966972509285826
291995852722 74380298228286338
286609668829 72331777659435749
316660359206 84000810147465370
213330221029 46448460135153309
493730278906 163541407241129926
155519943196 28911572160356730
283544786932 71174656296740858
419993915287 128309121106591843
284101566529 71384401312323009
132010891366 22610341433576026
275634191576 68216981707830800
175689025607 34714394570082312
187517798602 38278633288363202
434850396754 135177014535041154
291216895552 74082860204579098
305938366426 79770777580258626
437134472777 136243449668922048
254874081562 60657057881280422
422391246761 129409273444520601
332306090704 90302629387598874
364374100279 103684593563493384
425055369106 130635525345791470
436519443796 135956017861624826
484553673529 159003219129265289
215415054877 47131018882067877
439812729787 137497480879988968
160663145797 30357569170630717
395104939454 117074334820086274
377819947451 109476352334086376
254420201116 60495102547767276
362103478507 102716928139372008
459714400147 146934989242557063
283186446754 71039774451281154
161274798146 30531093312196030
239119663927 55120828743702723
226598110202 50848389331667398
416842477517 126867675402817728
260701568404 62749216405390964
245047952347 57183328285702463
151567241177 27816377937375977
207470730721 44547976987022080
251114025541 59319745502595901
408530711656 123092073722305920
244801590187 57097114893032047
478617136537 156090130427099968
130265564254 22163426524370594
130251272816 22159779295799160
214098412529 46699573938086784
441492203629 138285806826048469
213776584751 46594316859594376
156395101727 29155956839828827
196423763701 41037769357061376
484984950886 159215547865371226
378392147212 109725145803389818
188195726279 38486402415917064
161072109254 30473554494361154
184831088002 37458915671055998
428768095529 132350849424222489
477682258879 155633019856340104
127828067501 21544270325023125
215512209551 47162907450788075
258009410341 61779751284673885
194895535279 40559774812507339
465708522451 149818121200781800
234345083746 53478173031516930
330515801242 89573858498672678
265912626217 64639991207240128
237739946026 54644447347887126
242585727154 56323634992989134
255071174404 60727430226305284
453520975079 143975675791164424
302586375557 78463370459828733
226456760567 50800818641683203
478219995254 155895892693493954
203408132932 43245925115987962
234944499871 53683486868814555
152650502071 28115118588304451
183588610177 37081839445988352
202502161801 42957323589035200
306153516251 79854940104818751
425642895227 130906472427678952
407069486957 122432254245223637
149860331779 27347812132938984
255632162879 60927880965383304
398553508837 118610454188673693
317044057957 84153532710820637
460009779077 147076626616033277
312390187666 82307421216076526
189622986536 38925048184574490
223764778777 49897680961227177
316713681022 84022028151127042
449201754562 141923797015313922
331265847781 89878939398534301
494006569067 163678702523062703
496363137547 164851297970877967
334519874327 91206509215927523
480906349561 157211331412358601
275907489904 68318465236420984
487871950504 160639320407341594
194110293202 40314896202400898
477738951356 155660727043074426
368722775632 105546279987273112
203773768816 43362582532343160
223187156329 49704598067820249
299173170157 77139508264526933
328682509591 88829625481767651
225685500562 50541515566305922
372726758107 107270139772506687
343492431436 94900546947599226
155838000061 29000308999723840
240210093127 55498300056586248
396751185079 117806800384521224
185313545237 37605677735350272
133211863204 22919589508090724
362510372422 102890110637195842
149121615787 27145850402203247
165420905267 31715984746320103
433727366879 134653697139774619
391591702777 115516289055615177
465174975332 149560732194511012
464134811779 149059370189130984
168550212107 32620196750303208
194255496472 40360140743242192
465047663906 149499337564168670
172493829047 33771704320358467
240211479376 55498780477465626
164388906137 31419651630347072
404082070711 121086963921810440
419164884607 127929402225923208
370056754552 106119571924180848
250601910904 59138375479122714
334465891904 91184432712657064
243809699254 56750445917222594
241817353642 56056244988707478
251658587077 59512809875811773
134804829181 23331929965107520
468229870487 151036441093766243
154079384761 28510797996750601
445838497042 140332868393731182
279597559322 69693606027337538
271210601279 66581388982681659
246387609211 57652893713374440
246477470779 57684437033388264
178470562736 35542055628147226
202120502101 42835936998694400
241107137737 55809471017675897
320130813367 85385503962321928
305724856129 79687285658830529
488410448654 160905357078373234
321038841754 85749046581238594
221468085346 49131439748636830
457469559551 145860051837438075
394500693154 116805869233325314
306585608879 80024055873291979
230906673097 52305518372622713
332780728291 90496169398179560
302443253641 78407707806022585
190951803137 39334925735815168
178251367582 35476597267650658
321349820456 85873669821350426
285358017154 71858475402867714
188113525252 38461189737365498
245540347607 57355769797986312
247364326766 57996050596718210
385560978181 112858068005250176
325625710502 87593316125576002
308766359029 80879392227896589
240425702896 55573038812556280
166414016329 32002025525177849
146967919562 26559895455686518
296354912627 76052079453417127
365016340991 103958844012852360
283936509952 71322201226351898
280116768829 69887826611746624
190059860992 39059645505885928
250197122806 58995147173471426
179293594432 35788196739655962
193061833967 39988704608165003
243938901404 56795562597654764
430833777931 133308443956769551
429306289192 132600119747543578
146005542391 26299442997595651
318649028896 84793356320501530
178662394262 35599375369073322
175643385166 34700868295125810
358554173254 101210401183606394
202773358726 43043647132866626
439704879797 137446908671489613
424306101802 130290260327281602
147959024137 26829015289727168
445074896504 139972494351964954
161229934441 30518354397731776
392662370206 115990369960135426
153657781981 28393858120771301
230583990872 52195914510202138
424217671066 130249531230473026
233994010657 53358044240589537
418329355396 127547086586547076
493266325147 163310943774547688
441347505922 138217828241066238
477339243427 155465413757796727
233628162142 53232955505050882
330741051271 89665442458349576
127195809379 21384625857768119
499996500007 166664666675499987
131160847052 22392304452447098
165385820629 31705895158741504
233162205761 53073780249008640
282984791896 70963907607733530
181367888951 36411054650426376
288949359307 73219286066635087
481498887151 157501977479214475
218699516842 48213037486649282
419134670236 127915570298378476
436196213191 135805038218033160
333034496516 90599703536246276
438302160857 136789721382485312
158095424587 29632721304788943
240479100317 55591553620743232
175644570557 34701219582488837
337728984454 92522093631330874
197868621427 41491401008482727
152370492562 28037795917030018
398609757757 118635564803426112
212787110981 46271195644586301
149075199497 27133177060812992
130853722952 22313700253007898
167790479572 32399894164460538
127001196092 21335565937811532
444405279529 139656729254107584
259923744511 62468599855035515
272964069016 67228138582397210
300013811806 77464866268676770
331736483992 90070546821006928
239487709241 55248138108395401
455605283452 144969348879083898
240287729231 55525207895703176
347139865996 96416130655037180
313496186707 82744915011075783
470149832896 151966373771009576
456510668482 145401691316610562
388909522771 114331491868298951
224393388571 50108090837497576
246856754629 57817637071484544
362965206121 103083812376560576
158619367181 29780151711139520
268477768379 65577574271437919
164106918551 31338841808392200
419092555051 127896291093262575
374957649277 108234650111460677
448350996097 141520796315993088
299009977904 77076400024785434
133252643162 22930114835661122
326152895686 87806121553700090
165204705079 31653827244104899
457216115671 145738856113743880
190276327606 39126394395147970
227171364226 51041467905051650
168081990707 32484365934374887
157019877029 29330841969759709
266958687557 65021792735307837
413230950451 125222476864973800
263187095887 63648728624635947
327874658437 88502332220016768
485910185146 159671382600126530
240831533191 55713806334513160
179344497872 35803438833075992
433516902232 134555698643559312
241135609654 55819356979755714
141833244107 25180223159647208
211846144987 45964611155171647
174036725254 34225830339877954
404875359592 121443713694752282
126898907437 21309795129144768
404283467207 121177500760422408
232038859529 52690688105720889
449489944586 142060398007148226
493731272617 163541900971408832
423320988647 129836780428534792
337115332171 92270039620633576
384370269032 112335670457607808
301704847616 78120737898576360
346414498067 96114088147236328
368228303536 105334038339633976
341891314417 94237782268738432
276695464754 68611344309151054
310237614254 81458159662355154
178521946747 35557406280309992
323089420879 86571918021537579
370407839572 106270626520179892
334953527482 91383919438173958
175331174029 34608386667080384
392977029071 116129820792449451
230686545391 52230740384125835
167526425704 32323442049986074
153486532327 28346404412294152
173768978527 34146878586791048
352188325357 98527031941349312
217659772579 47869623570709224
218063089402 48002736684377798
339457100704 93233137384938824
485860895921 159647088347754880
469597271761 151698546137895601
278618061404 69327696365470764
197712012379 41442151299164904
343099671007 94737824824575112
347118202237 96407105310983493
404050607041 121072821615685185
321350622142 85873991171170882
149474068942 27242147311940482
333838053056 90927804349460520
444437334202 139671839562510402
472448863712 153082408371746568
144805671091 25975917040460776
346914096167 96322086457707528
371300929897 106655201977674688
412083555367 124701291496138707
330497914637 89566587356742197
208092165127 44748277917450248
441968746111 138509763927676040
146854088327 26529044202545523
161913788212 30712724859898068
323420692981 86705098933528845
247033853551 57879867198232200
232582801466 52876071834139526
155548945442 28919659936948482
148855230007 27073144194706883
254844095851 60646353814553775
291318406472 74121598751212192
481073086496 157293099580645576
372864914347 107329787036883567
332642869076 90439941173533876
380461931896 110626662296693530
355082178829 99743886001616949
145696068529 26215870656481664
142655173441 25399420769454785
418979037701 127844330711429501
317876733812 84485278313084922
201489646222 42635544957075442
233018823116 53024831313439610
371201836007 106612508118308883
341054166152 93891870888030048
341854104412 94222398015427372
306097178807 79832899107996483
187959600004 38413992638426244
201953321417 42782801376008057
191510868829 39507798522447424
199665550702 42057884376208402
332138988029 90234523851297989
278652400657 69340513568920433
210415899971 45499913378361576
154023877711 28495392861463851
389099163091 114415127706380776
414850731761 125959468282272640
256035597437 61072171057124672
398746378801 118696562479263825
155813994967 28993608493839907
206395093829 44201986085034624
302671953742 78496659625040178
435914184904 135673349691230234
240787811947 55698635347022767
255486318077 60875746953955648
400542483062 119499446567246018
225473920102 50470458065946202
200788161851 42413085792694751
251860110779 59584309428236639
427500369454 131764306373851474
133750247411 23058676404248615
433826097982 134699677423947458
261595549541 63072256568114560
159426951457 30007872226784512
393140169451 116202143492624175
147254861329 26637717225425024
227406668402 51120791650550798
170715807682 33250886915304962
419580671654 128119797251502914
135951661847 23630302152622088
477277689592 155435343355204378
459102845566 146641886868593026
203591228887 43304329430891043
367991486566 105232440128760410
195397196681 40716477050410176
163575698407 31186797406331912
163334415476 31117819499206650
459503473277 146833875382831173
226406962156 50784062708875420
496357159426 164848319812976126
149522187826 27255303123122050
222584925656 49503555221116176
230438687761 52146585157056640
181007907004 36302704485247354
363458690716 103294111831777260
197412803777 41348111751511552
287112611977 72522253180795577
290212663297 73699989532553217
427705669171 131859234140577255
380706217756 110733225713672570
454182172822 144290648425032642
292798807147 74687314926771688
358870107611 101344200649695976
143037877231 25501698659655051
238470740746 54896600442164930
174616565321 34397018736716480
308884245154 80925715963986014
355544135431 99938597367032051
240306446954 55531695907721174
283660769029 71218331066254464
324394585076 87097026542177300
469124460029 151469498281429189
495910894754 164626051999465054
222622958279 49516243626776584
328267521047 88661446492603363
426578977946 131338548362453826
393341481677 116291409058396352
478126114022 155849988127263042
171643799279 33522377287177864
235850897416 53994446583424026
347265695806 96468558211751426
464901084454 149428661532875674
464198402812 149090005153393018
293803667291 75072125459372776
477085237337 155341338703765097
449111714132 141881127170642612
322649059861 86394985911709165
359503241654 101612512744343434
364551684751 103760401755594376
407932539379 122821824709475879
151099612402 27687744809596302
481051507147 157282516220906063
180595992529 36178855382399409
358587200092 101224385423868282
189341041507 38838265571131112
153672750079 28398007075468424
345715665527 95823393877335048
310596122404 81599399150341114
344089459396 95148076098680826
247756258702 58133941469404402
254981901904 60695551953835034
390043641926 114831968532738626
301097700079 77885042445852299
346784998837 96268324842703693
288893867627 73198194816630248
125783473831 21029445495366995
135464028779 23503279921561064
188121499192 38463635261037232
392305318654 115832199154810114
436649330261 136016703026254765
287965743352 72845734210450202
409350068611 123462573244115351
263478108404 63754324847216634
420833856601 128694219742098025
306699162004 80068518962150394
137366873326 24000236429332626
387430154192 113679755843603482
214956492004 46980604284175354
290586855379 73842575617427944
202208887892 42864037846882228
155189954404 28819602212951034
172551982241 33788784058859776
159974587621 30162621922828701
362724125779 102981127458525639
393268755016 116259158075101210
197810750621 41473199786368805
242273776466 56215026627646510
256365591379 61190279357985479
350992540936 98025664823219226
390292751279 114941995837757064
472315701082 153017692065853762
152337924326 28028807035033050
492699346129 163029450874401969
321101346001 85774090017269376
156179854387 29095786273156072
267594040396 65254055523240826
408986411572 123298087798840788
374288548207 107945066829174408
489183638251 161287595939907375
269914453816 66104658913081776
151499527832 27797739365093658
147277112357 26643755119754333
327730532816 88443983430528026
160765763204 30386658435092474
136765284502 23842747931864002
298170744797 76752131418710592
359076853081 101431790074317120
179275630237 35782818210270272
210929346772 45666555125482292
183612243046 37088999850804826
292146418246 74437836166056826
251923990754 59606979680804894
374976701002 108242899379786998
378377358487 109718713269986147
410978552272 124200047375665688
193503893951 40126128473457800
140535608042 24835452653535682
392854696004 116075598464804804
236696424631 54285062608647176
468260837671 151051424929610451
481041698512 157277705759782168
301080628046 77878418492779826
135817683892 23595379860098132
229560377321 51848736382550105
134172101191 23167854505265160
198637469254 41733467440726594
458830748432 146511540436202712
243044268601 56483407008581001
315030246967 83353012964869128
241168250261 55830691104134765
421786681954 129131539231996574
155166556351 28813084737930376
152967271942 28202677906496578
171918113501 33602770629069376
299919316279 77428270395262659
162231478537 30803161215997497
478863720931 156210772890515176
228147085261 51370662404214976
336617919796 92065898712539130
150234485326 27450294299352626
231342481946 52453668986961730
152684761504 28124583964325704
243996878896 56815811903500826
323617767796 86784361045211130
150372102602 27488020356011202
347465737126 96551925882530626
152242999504 28002613123470104
368142491486 105297219842872226
291999673702 74381758215191898
269357081407 65900005680587912
374172619916 107894919989074810
166616574217 32060472288936128
355115888129 99758089946096129
249919197529 58896874460546409
276314717746 68469773903989326
221657803291 49194585090979560
184413629017 37332080346509632
153087321116 28235884768967276
399362803756 118971909811657820
299611921561 77309263603462976
210508027654 45529798930920514
465274328926 149608650283912450
320889016606 85689026401939426
218174711029 48039598722301184
198971036552 41838634711392352
412430421872 124858773487712888
489606085577 161496567328233152
185330591791 37610866744743560
303763746521 78921770275380201
229250825629 51743898185405504
156789640172 29266354234878842
499379692511 166356359448085640
243489286042 56638610968362278
372015658879 106963306298881019
443849220754 139394694471668354
141358559617 25053919911672832
133702151717 23046239891804032
164478940927 31445467711001723
153730966279 28414145741372659
281888987527 70552115428716552
195123483254 40630953165363394
236689544326 54282695682242626
322737429406 86430482124323170
239269061731 55172494650535095
231354725879 52457833255709704
199798277317 42099828011015357
141327722032 25045722024940058
192251153404 39737095818381964
131448846481 22466097617538176
186034445326 37825329573352050
222528883502 49484860469202002
143792488316 25703770041772410
252868227977 59942413442421952
166146436577 31924871642218273
216839112154 47599148586108134
184990417931 37507362207169551
210238837904 45442494096868184
466277139517 150092590676894853
438384556621 136828295556799680
278858480611 69417449965743415
488716882879 161056811659061179
414588439937 125840029174684672
317807368886 84457626089354890
236849881412 54337862944118468
334777577717 91311923433168128
180803995792 36241377472925528
345394771954 95690009728140674
266691319616 64924134921764776
457211334386 145736570047509390
298944249529 77050987003034889
318124755379 84584176418136679
175161855022 34558266250535042
408852568586 123237567781500726
465007159379 149479806433138119
383767282096 112071431468651576
213898222892 46634090555349882
249169641347 58632108305833192
235951181677 54028888084796352
256885709032 61376589288087808
413456437879 125324985987111944
343800001937 95028039535949297
389678072267 114670566326598632
439612045616 137403382530179610
158619367181 29780151711139520
347210694541 96445640518394560
435367198147 135418064536258792
143299543576 25571708018465050
202769537791 43042430506087560
485331687254 159386323416681194
197461818236 41363511837223290
235268159947 53794456885938767
299264453482 77174816038543062
283575662966 71186282250520010
457155873307 145710053426233087
134373168029 23219952182092864
316066959847 83764803188754963
250798053496 59207819274349680
213338712616 46451233478976026
209993798081 45363070255687745
395092494427 117068803444271848
277849714879 69041115935918779
187457175754 38260072057524854
181781888204 36535796364859324
230815619896 52274583024719280
153198007216 28266513245790776
438599009167 136928710066855403
381307669282 110995739169774558
174376127629 34325998849538229
127969681561 21580081937255465
160404763201 30284365824472001
408338200552 123005077280216602
129020570254 21846451065453954
248111869097 58259147983136192
368749397254 105557710792639554
446339109337 140569295196709097
212502124927 46178270095987848
445449535876 140149263259258500
153339190006 28305596666463426
438756370147 137002407839642167
281761357222 70504205213637442
342050099857 94303440564526208
294788748881 75450001121608320
391918327186 115660846488644226
128530837579 21722182830926799
295612447417 75766455648314432
273573236972 67453311601257338
432079474402 133887026468652802
183407475379 37026973623992679
195175961372 40647345715749242
413507362907 125348140948056808
144515212921 25897800560128576
411061058696 124237450136648730
291934720442 74356941035968578
167430931129 32295808116168969
410181115192 123838737577489328
244301548502 56922260801432002
416836086097 126864757531040817
156202769779 29102190105488039
126140841227 21119130342765327
132739477882 22797784094113862
301948810387 78215511398321543
418925946154 127820031493459734
463819811371 148907649768659951
493962834541 163656967218057685
162880349636 30988149398979140
226207150654 50716849615212034
447638231146 141183456763898326
392990327291 116135715540972776
427838862907 131920833280041183
498038427667 165686594052876807
250827800227 59218353402398327
281056908154 70239962459262534
229675581136 51887771381007640
226080716236 50674334619495290
140002771591 24694342199840776
189193996279 38793030708775939
289928560387 73591793340712168
405864010321 121888809004196480
219569409151 48500979547018376
341134283011 93924956987679976
389678072267 114670566326598632
268559845171 65607648336641255
310139946832 81419696302560408
148716127252 27035203917589498
327992897486 88550210492220290
445440097181 140144808815812645
239010411746 55083056522679326
152484784921 28069348380364201
199101008029 41879636066269989
254970476152 60691472340523802
308943982712 80949193406739568
402793962286 120508434695940226
493512680287 163433304246772872
315350214862 83480034462489522
237200334529 54458508537859584
472282656329 153001633910303424
375832795592 108613798762688032
134110981852 23152025834062202
372004445521 106958470173809280
166493639776 32024996113418376
149617901801 27281477832660825
127911003367 21565240886998803
167864637332 32421376054688762
202758075202 43038780763302402
383997728482 112172392450803458
339880749527 93407726989307427
325427218391 87513236715808776
207188684782 44457166723052162
172368157654 33734804151433834
178460406307 35539021719988983
481716765832 157608894306844512
288776820466 73153714232475010
215907618502 47292764603147002
435631314406 135541310691838170
238584704926 54935957459076450
222702370192 49542740443974232
355162241029 99777622571457664
406426403737 122142243311938368
458948583416 146567983806038810
316470188101 83925151143285376
486511714991 159967970959988360
221598549316 49174860212974276
140841146954 24916488990279874
431644530412 133684915277540218
190159753351 39090443244347251
371315579681 106661514210680801
242422067279 56266646660054664
151268425562 27734158216606018
469903563767 151846987114133507
439352349529 137281646093071209
273088213204 67274006911636474
311991147776 82149765139129626
327927296477 88523645757209573
400095985846 119299687502856330
369489175342 105875522075063378
340292287801 93577429945997376
478423436206 155995383507895426
166557121381 32043313873430301
430697334442 133245121488496578
217654494311 47867882316280840
435497846357 135479025023821312
284270441137 71448058891807697
216271820041 47412478111353401
458741663732 146468873363646458
160124517466 30205034977737026
238970312779 55069195101733839
427146297061 131600641718931840
495625111921 164483766727368576
401615450797 119979938489862592
309039103111 80986581335724040
230002374967 51998553595699907
334043997662 91011957383545122
267048570791 65054634136599560
167868693307 32422551119317983
286000517279 72101302407574664
490250495504 161815510300178904
150589896802 27547761198781598
219151459991 48362563342715235
297647401682 76550149354697858
490441623211 161910146993471976
303897825079 78974029103074499
192732017654 39886276517944514
337853919106 92573437869241470
467164062922 150521039680884342
410402145154 123938848623526014
449948964136 142278061984100890
466267482682 150087927958612358
359408278366 101572253746821026
186290722816 37903517724349160
442392868766 138709187252125026
469534281041 151668024393947776
131371434821 22446254725292605
263812136254 63875601428362754
312768127687 82456833855374643
369100720892 105708600960437132
333513737404 90795335186426234
189202608232 38795679480701312
239841492937 55370606531540672
345758906101 95841372194565376
341963259502 94267529906676498
356033394721 100144954589887201
216685698896 47548643023381530
383106994117 111782320232384957
166773049346 32105646503032830
181381741552 36415226264249848
158083054042 29629243347710182
244359569071 56942540208753355
149879493754 27353057570301254
371484503947 106734308533786767
137076647407 23924215733371787
405635198866 121785748720401026
430243606501 133034621665044125
302108138642 78277427155214978
318653020456 84794949573629120
440431950697 137787961290980288
171872379254 33589362822758594
131880410677 22576827304822477
433088680642 134356379581720382
256672869922 61300325947715842
479703758272 156621997866438938
298228664972 76774496367581692
167828135762 32410801750607918
270916820372 66473234714246138
223069584017 49665327533910257
339262673402 93153048549903302
132379050332 22704992818036012
386740336504 113376281396316954
228364646654 51444160681490434
408161997772 122925468599599292
133807663271 23073525839469576
145923416107 26277256438105583
268920545377 65739868322441377
183746191367 37129592889933832
344561644046 95343997086166130
364728458404 103835882161284964
163513931317 31169134597315328
183071492254 36925275892712194
240036843502 55438269277434498
176155846462 34852845253210818
162960835961 31011121162086976
248310558542 58329143444219778
443027080861 139007573432528165
222619621954 49515130521994174
183446239187 37038712923455047
282447897811 70762048436287976
342425707904 94458816377285914
147139834051 26606511446022376
278312833702 69213804155736898
225185927254 50373791679264194
217008390601 47654897904158400
401215831006 119800907321223426
138887425447 24399835494497288
418165641817 127472220366631232
227860765057 51273988889459712
498278983504 165806650179478554
150635450522 27560262027871042
341452365391 94056354753700651
389005660226 114373888197595650
177459329126 35240405956225626
253875508462 60300933896216722
366789701279 104717359346621659
224615185382 50182401642566362
214146184021 46715204841942701
453107733082 143778937574926658
133957726816 23112351743968026
156707893531 29243468956051176
280368317077 69981987977243648
396634500497 117754833680645617
398474052841 118574986501965760
335794632266 91728348107385026
132293649391 22683025027040651
150559165654 27539329040413034
166796151526 32112317875493850
265579457222 64518545440712442
283507135507 71160480017516008
168073293872 32481844774089242
424332817066 130302565578245526
141027497417 24965956840588153
402208078279 120245601845841459
271958656279 66857046919725064
323205990004 86618774380287994
137368445782 24000648531525058
303717761272 78903849593910042
195997161466 40904150271661510
322992162047 86532830134547592
464528953627 149249281726384127
355108303397 99754893941026688
133808180587 23073659647132847
243037993837 56481219641537472
173941162021 34197644179144576
413512819346 125350622005875330
410953167346 124188540344285326
246022715071 57524867223225480
177655385161 35298822225730240
384468474496 112378725378025576
272752793237 67150101178682368
438687052904 136969942467681664
323374047322 86686341909399142
311066830636 81784965288738140
271704275704 66763265194570224
308256564337 80679168566941568
453192460904 143819267891136384
290946031972 73979526424103588
232273944254 52770781943409154
350230515581 97706608776314176
251088513691 59310705869649535
137291930029 23980598362608064
130528564454 22230580869630274
257567099857 61620953960166833
358945511971 101376143407006455
150659053351 27566739847896275
415319055922 126172821672228738
274918169296 67951340626607130
490540667761 161959196058414976
494879676412 164112823091871372
275194821904 68053936556815064
270039372451 66150554925445751
302454142162 78411942082348718
263337299227 63703223823689448
274319356052 67729449009732602
162453135016 30866312257600026
460046228506 147094107661948070
224585025302 50172294652913602
138910616329 24405947039813824
467643622754 150752871736983454
352940714029 98842929314856384
353800728646 99204427043560826
433248773512 134430884522307168
353481148456 99070043651274176
450729075427 142648240222021352
139934518852 24676286278912452
133091624486 22888565212948290
157927901056 29585633915235176
146067152266 26316091110262710
473363040502 153526939440423498
414375388904 125743040514303514
243940996856 56796294416454426
375635148662 108528131516854218
318158257666 84597538344653310
276732661129 68625179993689529
410198324404 123846531173560314
468491188232 151162898304394208
344598170932 95359158583825108
161223120247 30516419682810888
162812436931 30968770712275176
144280907611 25834843129912040
213802740571 46602868433017576
242305797871 56226171941837451
302260511296 78336655206095130
210368546404 45484554769778084
229488558982 51824406824934458
242566224356 56316842875421220
389796377986 114722791055412226
195255941596 40672333317374330
374086982936 107857881181632976
261502972837 63038778309145472
126344345222 21170258485733442
137470674727 24027445294042323
263841192154 63886154480397634
350820803621 97953729041988701
144244381717 25825033288364032
310058044076 81387446048078300
223188492556 49705044442801020
334916696962 91368847376546818
183171346954 36955490876645174
209789707376 45296954458228250
198650705722 41737638959944838
233063198746 53039978956939430
187146866911 38165110098723976
461958006616 148011961264416026
453216262279 143830597988274184
428442194041 132199980579843401
457976657986 146102644819129790
328825222447 88887486090376267
229074806279 51684315942731784
179561966816 35868580243696410
464349689896 149162896102704576
187417378204 38247888654442874
244372152754 56946938787957454
146917503146 26546229808805826
470154681361 151968724529870976
320812915621 85658545598280576
154625551357 28662526120614208
391113076831 115304567665239176
156476207332 29178639968928762
497924658004 165629824214001844
225092654362 50342497364702118
146245569901 26364322617216725
341563109356 94102116734936220
391511174056 115480657915046426
273298879504 67351866965085144
477659778311 155622033434153715
307810741421 80504205690288576
289702443892 73505718251818132
468077952577 150962941005937152
331439244052 89949517403311098
280719625279 70113562915475259
169898154661 33012287472667101
415721989531 126356481534611176
447999748879 141354523432679019
229279943036 51753756582366476
290011568029 73623400036099109
234586813204 53560939386798324
203355197192 43229044464303328
282186403129 70663802202183744
193391932241 40091307905567360
221008439747 48978564366534888
141343672087 25049962087874568
445851717151 140339110218620251
474291736129 153978970232174529
339006542821 93047577817352576
349613129504 97448366813466394
474507978226 154084286891435150
265583101267 64519873345286632
479978055652 156756353181410298
239561075392 55273527657198632
466133263031 150023126174118920
326736282877 88041814224103877
425174317297 130690365100911488
366534510916 104608094168805060
339757913629 93357093970595904
272062654777 66895400369921673
139400184121 24535082939840576
187922201392 38402528262201882
462016642012 148040142461862572
221820959081 49248911156566745
252252035471 59723444170622955
272162984221 66932407662999205
289612630847 73471538707451963
312844850516 82487176046380026
475791833287 154710058485028872
330658911506 89632041801385070
406618463707 122228832493485887
316263372271 83842895885309576
371840577266 106887804979150210
158650910161 29789035263118976
332076233491 90208951596684776
159768195451 30104268972166376
404280769601 121176287915416001
207278815592 44486179402784282
154165995727 28534841092806827
320667948196 85600491653082980
182746699081 36827053883639801
163695834472 31221160856444442
197581866511 41401238448511851
217393300037 47781742988771968
399651525704 119100950478696474
167197229047 32228213350159363
195200328611 40654958041215351
283973436254 71336115001560994
230482817041 52161565083875185
291807127432 74308198655855712
408831770629 123228164421999744
423615481927 129972290113849352
266876125237 64991631109786368
349042239856 97209776316825720
176095308697 34834880474655017
494450981831 163899622556039176
155149844536 28808430000275226
157131414937 29362099966884672
321947353666 86113297685486526
275531739617 68178951310023457
279980560666 69836857823369026
255304070597 60810621271905213
440548337779 137842582010513384
135947490331 23629214558099176
451114635154 142831314296912514
373641655741 107665341291219776
220588458367 48839019977757832
337406069716 92389429759702010
422952096316 129667102864819276
491898585046 162632166053349826
328662240391 88821408682528776
466231753262 150070676740616322
372363356801 107113298491237376
189897129676 39009491266016700
423894424636 130100687722904140
362773527946 103002166865766326
354052289306 99310250941736770
127232631236 21393912477407226
185944789879 37797989144656904
146948944627 26554751920054248
187387991956 38238893340261370
468133104637 150989622993476293
308188257157 80652353251415037
288994972897 73236624373776417
285259816129 71821385292987904
259096690297 62170682665062217
208604708404 44913706278256634
345764727154 95843792524371214
157139823922 29364456996971342
168190430137 32515807350959168
161944518829 30721469018809749
370905494971 106484865808943455
321502158751 85934740682634376
445244738654 140052623033722114
288691710154 73121376037432514
423611800129 129970595661126144
361961374867 102656468795555207
210329629654 45471933843972714
318883775107 84887073523199208
259015352897 62141409375410688
143079599392 25512857220342728
133009604336 22867410206601976
434113972579 134833774018453224
217460562356 47803920502034426
336266013241 91921565291435401
296000105821 75915541807232576
220872832481 48933492545278720
327419718032 88318194742491162
417949844951 127373558848186376
417831911732 127319650984025812
185043340379 37523458649139944
353120532772 98918477777538042
276464159437 68525328105748672
309455131987 81150172840556743
442162444306 138600829342711426
195057895529 40610468675867609
405907257529 121908291492992064
359550728002 101632646231735998
165494537587 31737163297671847
263053617779 63600314546236839
320126012404 85383583194245114
316140110381 83793884677345301
190528719052 39204268895292348
278665838332 69345529426352012
367602962962 105065828187950722
424786183504 130511448615777944
362207308376 102761111045305626
146263958512 26369295270002168
203700360061 43339152806763840
249820935232 58862142570674458
210605367529 45561382386608064
499049951726 166191618724651650
129183682552 21887892763716848
494612093504 163979736584231194
130627705147 22255912977602792
356712165691 100431477922477535
484875636421 159161720657546880
141077955337 24979356824293568
393023130529 116150256773536609
344124302029 95162528570243264
328116828404 88600402823986964
305121486791 79451499310489651
356798324632 100467866914316112
170483910851 33183158892338775
186466557904 37957194682864664
129395729971 21941806459161576
197894414404 41499514137815034
167073502486 32192446444565290
247116099637 57908774929237197
295929323827 75888313088924648
147038408617 26579005831590553
216491541106 47484749479699470
255698664761 60951657815550601
447502936129 141119454238329344
147771952981 26778149658590720
154809119962 28713582746602818
224332430401 50087673843276225
442384403132 138705205758634362
481881679756 157689836493421820
173854469947 34172081243805663
245038151486 57179897687876290
377528796271 109349831568221451
196407467876 41032662559200250
349853159371 97548740103935055
293678732029 75024245706656709
301529317597 78052572526634213
292386486161 74529607709434865
391565153932 115504541716041212
496358155777 164848816170135552
193231510292 40041433563122682
162193886026 30792455197787126
470160499552 151971545472504602
169532860072 32905876052736538
289027664851 73249051844135400
226026252727 50656024314528323
227305519877 51086688287285373
245826345611 57456008454744040
302420699471 78398937289981576
458615235782 146408327871684162
484302675754 158879690071612354
233611073417 53227115023152057
225925411702 50622127990397898
182363608702 36711314128854402
494058257821 163704392182705701
471791980654 152763255320535314
486614308027 160018573461795048
176253797227 34881918999465448
228378839042 51448956480993278
163917343597 31284553890816213
143828420617 25713405324230457
303295483381 78739349229016320
269457644887 65936914438843043
180368288192 36110452769591578
467361271456 150616361165679176
434975371117 135235292798800832
238559146954 54927130310599874
269186826931 65837534673388520
234388216129 53492938108875969
151784796907 27876289850983912
407088435404 122440802893933434
371722442029 106836870971610389
128275936796 21657596065227130
245297940526 57270854898794626
279278342662 69574286188360122
215382893629 47120464348419904
332268590837 90287344188681472
202628825102 42997634058243698
336869042521 92168942089824576
476692637906 155149629552554670
197214922667 41285957986141807
288394682312 73008555801200672
260404876957 62642129185000512
457755605077 145996877854299648
235699137821 53942340381309605
242142928372 56169491523369492
159167308367 29934595684957832
131498586529 22478850543093089
491415665132 162392729284516508
194554175006 40453260501063426
355714494454 100010434402784074
131446795547 22465571827279592
485665735142 159550907309506882
356343151529 100275675527126464
281228625407 70304344065995912
378956074072 109970526322447642
463406716117 148708759891640832
202298565161 42892555577250240
401598422579 119972307966580199
159784588861 30108902479340165
393490503641 116357502870256960
248078057537 58247239441811968
492151543261 162757632316848101
240994655386 55770420829028390
456884353829 145580259851648349
201739202401 42714779295993600
143684182279 25674734952882184
310626073111 81611202357075976
169884164857 33008210091828937
261854562004 63165954004751354
239887898812 55386677442936268
136077880456 23663217662950426
126956345254 21324264849705794
257470215622 61586188990019138
187113219671 38154817963180451
202610364166 42991758099231810
152053790071 27950426322025480
149188795681 27164196458763520
252679097056 59875175744326426
272839953052 67182291106996602
334564045004 91224574459651004
367099817086 104850193190434690
364605480892 103783370179393228
174826418956 34459044757770620
259940327879 62474578283575304
140378724046 24793877412989826
202425801061 42933027949587840
243582107407 56671001169419912
349514465161 97407118334850240
190399725506 39164461938093570
155851957361 29004205117211665
232106987779 52713895363938839
214164508747 46721201182477263
131306857112 22429706025356368
322042047427 86151293012667223
350232189454 97707309238182274
498201120901 165767787494377600
469672866202 151735177635439398
464561726006 149265076251548426
306281859781 79905159741114045
181429928632 36429738706921008
439804288876 137493522607625500
288791260067 73159201122019703
339275029412 93158137576496122
257664720181 61655989674909645
461539976836 147811100668889476
498822194432 166077861414855962
475424144056 154530754461609520
231308472721 52442102730110080
202098249731 42828863181667095
201675052352 42694406908289448
210156493771 45415799034649576
183856538422 37163044682668738
368167375951 105307896323505800
391604092546 115521771419987326
450561987451 142568926692486376
166762076371 32102477924825576
193165619791 40020954548272776
323826974066 86868528755585410
232553475079 52866071418863624
228532956212 51501044347605972
232104262457 52712966942801033
373038509404 107404750243496314
400480728131 119471811297364695
299896856417 77419573071990528
490499067832 161938594244773658
142557441742 25373323864542082
146728383187 26494988699743047
451495608412 143012287454887468
148053692404 26854768348293114
438857545681 137049798940404145
161053379741 30468239433160485
376389607007 108855261853465883
157193086052 29379387783492602
462593581912 148317525222569872
355337566621 99851514463040576
162762795427 30954608214543223
129606423886 21995419793749890
322551064154 86355628753293414
456331048112 145315884285614618
420837526307 128695903083028983
134997016246 23381843206196930
160614399836 30343754260594476
453232447571 143838302794214855
393740711102 116468502344563202
437472081421 136401315979230005
310718298829 81647550956588149
408391520681 123029170780315801
199239228127 41923254252143752
204369826129 43552981153675904
357662177797 100832955710175613
240232966747 55506227355634367
158652036754 29789352565502594
373326196096 107529019820041576
268718904652 65665943000615802
400554118582 119504653689338762
191501585629 39504925933680869
353601394582 99120599992734658
386122310926 113104620513710450
340339313029 93596827923092989
228291664196 51419501277300730
150936387736 27642892547371290
134697368029 23304036542165989
160602497876 30340381489120250
403998469942 121049388218537482
165601563754 31767955181047254
221178672451 49035164230381800
268386179629 65544020320644544
132480950141 22731213906486085
395532634072 117264482933398288
252598062607 59846374986866312
230873375441 52294204778092160
170093489141 33069235972203776
153703797347 28406613603258088
415328169907 126176974903800808
206508829781 44238528024944045
164356224446 31410282410481730
351795655807 98362299894633608
470081957011 151933465692329351
409096758071 123347990816864451
335416946491 91573634035488735
247614085951 58083909136367675
206195328577 44137828376739777
163866388961 31269967540253440
301443901112 78019409042424368
423577744256 129954922671587176
347174029451 96430364072806376
202242594037 42874755794287872
130373796296 22191054241678880
141419181226 25070038212466626
346435307467 96122748759399503
414116887702 125625394742184898
164027867942 31316200547868482
328339638904 88690665475103514
475778176504 154703397501788954
492884000512 163121110032776168
277144219766 68778326731385026
133707322882 23047576936591362
188541903557 38592642239491712
469471294546 151637506744257326
352404051157 98617571952453933
441162440182 138130901104544962
245475180182 57332937608594858
258420466987 61927450008465647
141562278466 25108099145624510
244378444717 56949138162500032
227143729037 51032154459463093
451475653204 143002806266618874
218449593637 48130416434231168
162774206597 30957863578857213
374864995516 108194534646393210
143553947401 25639835586439225
128890560782 21813438507084162
370070519456 106125492935490120
251794819621 59561141334148701
363972133807 103513068235056587
402627036121 120433530627087680
492456171379 162908769446320104
173127580396 33957993838778780
359461693672 101594898124211738
169033620331 32760631334899176
138480319586 24292633103085726
202602088847 42989124222425067
276438877904 68515928766757914
457998670504 146113178524400154
212898026716 46307378825423276
271824446476 66807562724981626
294530811257 75350995567635008
474209927647 153939133203249563
210135099904 45408864234053864
372972003041 107376028872058401
415101261436 126073586554339340
137052563026 23917910773582126
183809242771 37148705740889576
439806164627 137494402217141127
285677665141 71979249283541901
136287156742 23717826742897082
465725894404 149826504101847034
491514807982 162441875758517458
355045943116 99728618265119610
423670710817 129997708671999232
172145702467 33669518890705128
282477210796 70773064461244380
353771287591 99192044548000776
320765657447 85639619054021267
466198922029 150054825435555264
393318421276 116281182491189626
172127513279 33664182664958139
326747600246 88046388605626826
292827887122 74698441819418242
142151386601 25264992395111001
292345958227 74514112319934952
173915211107 34189991351918312
322757515081 86438550801085120
156955438504 29312788421462554
244465142231 56979446421383176
268416951706 65555293171010370
232580073352 52875141509753952
136594839151 23798190319818376
378526128829 109783428443349824
217459902871 47803703042131555
194230565012 40352371034483572
216974134379 47643614375648744
279565405126 69681584039685626
160698859741 30367692055927360
279636445936 69708146092019226
237218242822 54464675970409538
385833248236 112977633971727226
147444320167 26689142134324307
468918163991 151369596845924360
204354482557 43548076469644608
492481974832 162921573629317658
299883690682 77414474943923462
224826362642 50253188578186882
209792298382 45297793620944258
219576035956 48503175270930426
433629578279 134608160949144584
282920849201 70939856650009425
396393169306 117647378553711426
158033576702 29615334240752898
185953937404 37800778380537484
136810266329 23854511658005824
478127091904 155850466253377064
376907759426 109080120840538626
258727535497 62037860946973888
347080708867 96391485854237928
469984999961 151886462393042601
276125185681 68399337912450176
250349233801 59048955829923001
126894877201 21308779956021376
413551015427 125367990327301352
168744189454 32676524815270274
162139783241 30777049375619776
344647983442 95379835943532078
145400943431 26136255784912051
360535928221 102050655912662080
150443951779 27507723771461239
314256010079 83045921736025224
143402884654 25599374750519634
186533128237 37977523132366272
191922030577 39635098015073152
303441922879 78796382471431304
287854954391 72803699355168776
434400078466 134967090779824510
291503919476 74192411569862650
290196664531 73693895242611176
196233896629 40978281818773069
292592992826 74608579834204550
419201509547 127946169535488488
334150263757 91055389957221237
237708227761 54633512055757265
418717274056 127724540271679520
234304008976 53464113579290650
378161649947 109624902542065663
437572173287 136448130796708872
456724730386 145503973573316226
215583120029 47186186563025189
212356770851 46130898402709751
356211467327 100220096333014152
438766674529 137007234211235584
421279843006 128898853138543426
268295339027 65510746112067048
197043505967 41232141798037128
239186057191 55143787385046035
385218581386 112707766167276226
228613415206 51528244516335426
215338265671 47105819851343880
457454255287 145852732454571843
233492836567 53186710594488328
296555884454 76129454210468674
468600576187 151215843934269672
317122099816 84184606813452160
131583730502 22500686332453498
167096625466 32199129835557510
170512524352 33191513290684698
204752962702 43675513219452402
302697629557 78506648210323712
267702323042 65293667399723778
205278038632 43843625621514112
441978147956 138514183657445370
163369853467 31127947313805032
446906179237 140837268481746397
457168303946 145715996527169730
333104687437 90628347486007797
136111270376 23671927699060250
276089516329 68386084777445824
401039380667 119721885271735903
198985545826 41843211204834050
141004130491 24959752156464735
292075334254 74410669890174594
275527285616 68177298135174776
295322638846 75655064533923330
309928911706 81336607182637926
366455745254 104574376656468954
130600105504 22248859840528154
275559949126 68189422038000250
310964301001 81744533316629625
286817155192 72410337028869232
298669042127 76944611978483627
211338084181 45799358007410176
478741399306 156150922631823926
385143976631 112675025795914051
348021153487 96783522714779272
292923555122 74735051236561742
256228843592 61141326658400282
226796073779 50915038175613159
181116225154 36335295602496514
306456418829 79973479970975424
329102628052 88999991610775348
352268900029 98560845847806784
348434250292 96955895210558932
163340702581 31119616209212301
147691505287 26756285403172872
163342417267 31120106233034728
414653094454 125869467216798474
179844333671 35953220277570451
364579863187 103772432412043143
167621368502 32350924121272002
475587002122 154610163810498242
467950244491 150901163208976360
143132563204 25527024695828474
357023907592 100563162067940378
319015558297 84939700151939113
398157200431 118433584616664395
462518559367 148281445886610803
275197047556 68054762143506426
126838964281 21294697755889545
254617832029 60565604214771264
136131619367 23677236425230803
135644184232 23550181548882458
323530082201 86749091531337001
163059044779 31039158822302184
134436939716 23236483971678276
144251901376 25827052758585626
133535176867 23003081149533303
198185173411 41591008369003240
310801077154 81680180682341634
222630965561 49518915146315840
309451985161 81148935027895865
280152697381 69901273060962176
240437491427 55577126143813352
296322578696 76039633242272480
467540148511 150702839457059976
331650962962 90035719022898818
125840157004 21043662202047354
150235033477 27450444533837952
410134923829 123817819541601024
331622458402 90024111752280798
211934678879 45993428206717979
209364351779 45159262586106359
244067439112 56840459116194272
159397589891 29999582803401960
489499219847 161443695695278088
176692831954 35012332525798574
204790720106 43687594739199426
387992845451 113927503188900751
300571018112 77680776205454618
143203732036 25546066023681476
155894391391 29016051457210651
363775925062 103429377307404922
326295058366 87863536902121026
282782456821 70887812015570701
231321395932 52446497707400108
439159267892 137191159493746132
192452733029 39799610096276864
269841720397 66077941018905792
208278647579 44808443404633599
188841689521 38684723676625280
230656659601 52220590848566001
260175435982 62559357032643458
189144173827 38777708037842152
382208550896 111389331239509530
324501722029 87140178092835264
425591228311 130882637898067976
134359171391 23216324302510651
290191331707 73691863887290783
174435187879 34343439385700179
356182770154 100207985645328834
135163862416 23425203941042776
381899107991 111254084342304776
267362915626 65169532442381250
137629598227 24069122903614952
234599142691 53565162054236151
345975981367 95931643487360707
174410971967 34336288051537032
426112654381 131123243969185301
352264703204 98559084515897124
442437079504 138729980733795354
168722114551 32670112966536200
415928089892 126450457889573882
453949650704 144179856460034074
453222926776 143833770522103600
235940877517 54025348899504757
140361768862 24789385573583618
427547528542 131786110071659778
138042283204 24177461706209274
265795227754 64597188784042454
207055455856 44414292521849720
129315873962 21921497638503318
162046975279 30750628201565259
152803041337 28157271099273097
187413704797 38246764163030592
281166381217 70281004704390753
289465763251 73415657716454376
137865267551 24130971375604251
363999436607 103524715766529083
191794424186 39595575284764226
265423515529 64461728201415609
208515581311 44884925023048840
145086185827 26051433717145527
373244112011 107493557771519976
415918969327 126446298658838152
238486625029 54902085443928189
425706560561 130935843952043601
312560943982 82374915852076562
183283943077 36989571161783773
421412032486 128959526887235290
489244965892 161317927195952132
201649014154 42686138777950914
336746752112 92118757774545272
407490065704 122622046402271424
489041214691 161217163821956151
445244738654 140052623033722114
488568596254 160983515322550754
132786884792 22809998283028528
494259074404 163804212132165284
221090888029 49005974483473984
211215226432 45759426781548712
228710796286 51561171810623490
368702166004 105537430898279444
213974100754 46658907112052354
162346561472 30835943539810088
401722109426 120027737021226126
444152653751 139537662618965000
407502704477 122627751345343077
229098497254 51692333963694554
333213253076 90672657574573050
368957250691 105646973191933160
331142137337 89828596453813193
493817729302 163584859309709098
371263875851 106639236852884751
283857390247 71292392086247763
198934450297 41827095470583113
160916630557 30429442116460608
168713401171 32667582204525255
157086570817 29349531269919232
161491253771 30592580132249576
482913031231 158196353104545595
230641038254 52215285932852354
143797314782 25705064193473058
138294608404 24243782424816634
384543013801 112411408328957376
356644597331 100402943685783495
407434096351 122596783781252251
323265488557 86642693795211712
346466938952 96135913886261152
180098113367 36029347971921928
423627447881 129977797186909945
172928746657 33899510422141537
224017053982 49982087706099458
237595162471 54594537234658451
306336648746 79926601361489430
417196821427 127029478844773352
371363839837 106682309210282597
463970073457 148980017304229137
419950840492 128289382426377082
151133147579 27696962891989224
370344150029 106243218728443189
240917599297 55743674737535488
436468055206 135932010731110426
186690745726 38025668931867650
379084931086 110026621292130690
138652463504 24337944224135194
425892970504 131021855410789344
447961886779 141336604218902239
193538733091 40136965649580776
183595275704 37083858954027824
464380528504 149177755770776944
453728619316 144074565892268026
467588499536 150726217649075226
280399768546 69993764091309826
267285408797 65141196120039488
213077510416 46365950370304026
151983211447 27930967989392392
265029493327 64318240872726152
313543698217 82763726183849753
247124535907 57911740368832183
386839723846 113419988619912826
200201151152 42227227606006298
399857180779 119192893876100584
275672801602 68231315670336702
452844080327 143653463382367027
201170465057 42534276109284608
403893307066 121002126602297410
165704594722 31797607030237442
399439666901 119006258279411501
413662885526 125418863926119850
301318904254 77970886699438594
250770433111 59198038702675976
439342038272 137276813279094042
322469947822 86323055232832642
398431203457 118555860797248512
456222146591 145263868808090760
129840219667 22054962673488903
190536744017 39206745816789632
129841238846 22055222354437826
141462262372 25081494889347492
487917390247 160661763539450888
156221774062 29107501313227922
450070396904 142335663162316314
431492165966 133614138144987010
380258710927 110538038444469227
262692526196 63469403947224980
415047505061 126049097192622976
419784061061 128212966634227840
454905849721 144635646931312201
421912520701 129189332564244800
333219783904 90675323303455514
147012922162 26572095638069122
403292254051 120732123357581751
196948725079 41202395432270499
493588188529 163470814041997184
298387781329 76835947781264049
488437134266 160918544507398210
346687567087 96227756746446472
200182168397 42221221865706688
376431254327 108873329533305027
242898575537 56432626054975872
232849551832 52967063720852762
403841180117 120978702328248832
424116355511 130202872909779976
258607419077 61994663538713277
338695363204 92919492317204474
334708847111 91283805037740040
248114686831 58260140434839176
267861128416 65351775953952776
335624196754 91658520635134594
320023600436 85342613670404090
278049532061 69115606333496101
184222982504 37274204496403994
380193308002 110509521526496002
467210461186 150543464646254590
316428819527 83908695789783048
235505560754 53875900617467854
454149768629 144275206798233344
136186934566 23691669280832410
379808852581 110341941249462301
135725970556 23571484064817676
306444675629 79968883218638869
281200127212 70293657933949818
415974606329 126471671385058249
423997555412 130148169622104372
449899636754 142254665945153154
301669116127 78106860315284123
139498412302 24561020459657602
393872057476 116526785623494650
135915684626 23620922747184750
445038101642 139955137166903478
161207221021 30511905665984576
228048473576 51337360177985050
337149819904 92284199171577114
192209610121 39724216403600576
414124168322 125628707702768642
498692356087 166013023034174472
127995989947 21586737031548767
399744511012 119142519026019322
375167244872 108325415117673888
181035585227 36311031471721448
299792312957 77379094105534533
146937560254 26551666117445954
275906747062 68318189329673922
259137003829 62185193188326349
213596153201 46535339513724800
398185756607 118446326089696187
381226458706 110960281373495426
234987001832 53698054724096512
354196198631 99370806115084051
261205102811 62931100600324840
459694264129 146925335461650944
388804578932 114285217931859962
348280666504 96891797515524704
243347645431 56589197091335176
316778946667 84048001316183528
167756882231 32390163307783176
351052030487 98050587375730147
479271898879 156410543957113979
351914775986 98412263275492226
137823262711 24119943855438851
389888209726 114763334607963650
210655993156 45577811554322426
303374930212 78770289380297722
199722428137 42075856806756697
341097114226 93909606799834126
331072967227 89800452346505448
315338302477 83475304304565952
134013116329 23126688156279449
338992544902 93041814832106298
227881692754 51281052887089454
449298439597 141969620476785088
159712803254 30088614431004354
485343509996 159392147461953180
212113756129 46051734775259904
243989893291 56813371973132776
142582539037 25380024641533093
431799709651 133757012793607751
356737505476 100442179654872900
270469460356 66308653527314426
320899431127 85693198021642248
224558888204 50163536359673724
468000551657 150925497904510912
179648271992 35894443337489178
150876505861 27626443774719101
326195702779 87823408770143464
153354142579 28309737018975399
491122260904 162247313820326464
415808618416 126395979195102776
252520594454 59818846058898474
288025699691 72868485842431151
261858904087 63167525142978568
297337317977 76430557586501952
226725362579 50891228335656424
175945196207 34790347427190408
450485099416 142532434323956560
313239686761 82643383930658265
461093326666 147596588657529026
367476072572 105011432403036538
348789960079 97104403783070699
467796437431 150826771425002051
148964921536 27103075064414490
264457553746 64110152789661826
173682329377 34121340959249377
477411549826 155500739500960126
373516320206 107611172400885426
466691511904 150292712238859034
489603116927 161495098515913723
393207563401 116232024672739001
391158184342 115324515559834282
184619565076 37394631366693876
382056436181 111322840262130176
392617176046 115970345354314130
245384800976 57301277185178650
271892284654 66832573660629634
408960183856 123286227586322970
146611937252 26463454674347002
224002997779 49977383502584839
315447110617 83518513050744553
183740735504 37127939201490904
182563563154 36771709472797314
238803039596 55011384610914076
174010177279 34217999297852539
402297772529 120285827093451409
158158971832 29650589646292762
464113615736 149049159467027226
260920405306 62828242022671426
195087877121 40619832159411201
229789458004 51926366386961844
442370293922 138698570105461342
197074267579 41241797668098399
144116040629 25790574283201869
215366485754 47115079989382854
276014469592 68358203563766032
368763996616 105563979649187360
191487970676 39500713055369876
420374352427 128483497325967848
343287737102 94815729700387698
295063699504 75555584568570394
388996839781 114369998189505920
414758738032 125917573050130808
429611199154 132741411518953934
378540050357 109789484965822208
142921836047 25470672089636488
247077435242 57895184626374082
494595185491 163971328330814151
198960943456 41835451260599176
131736648457 22539920990254137
294892416326 75489804548221050
432407686036 134039608284698740
245239108312 57250252372208922
449841775387 142227223861032447
173190548612 33976521827094522
217987810471 47977881820847955
384945650896 112588005768128280
178972769756 35692181527298426
299646756871 77322746906302451
357754372504 100871945865961754
442721209711 138863639491106440
325549856779 87562710911909864
409963766752 123740320301482248
426163429721 131146681536096576
499700544851 166516711662999751
456333914117 145317253281624957
150030642532 27394445091782308
160748752529 30381835725864064
359938367741 101797049288339776
242810065681 56401783600684145
319794832897 85251119750770688
148110834454 26870316957285674
284202583702 71422477639679402
425330173829 130762232652081149
334537051466 91213534305059010
240585219281 55628354987834545
450023908987 142313610875075743
315128681329 83392082769047424
310021033879 81372874208260104
204371744116 43553594265072276
497915676742 165625342936986178
382770938629 111635271842044029
168236251954 32529096181949774
224357884454 50096198946526874
438799462004 137022591602227604
186023465947 37821981057640767
358449174952 101165947028675648
411953744972 124642372894313338
439573602007 137385359243630883
131643758171 22516085110393576
164274821029 31386949647193309
232250089654 52762652784746634
177041953726 35116153493979650
126855082057 21298756852569337
328275623782 88664729204276058
283516171621 71163882152840576
157894744177 29576317163796352
190003760129 39042352639238144
437005449056 136183134079046426
266887814701 64995901215460800
294722718382 75424652161584258
311624729992 82005086447021082
183164689127 36953476031775752
435965540879 135697326357997419
414270704404 125695393416407284
226571856221 50839552530454080
309138169666 81025526454209026
258635467721 62004749760976576
191470024432 39495160173415962
407706757504 122719869911558504
277932466267 69071961805482728
397106688892 117965174847333132
494144743129 163747378969949504
193574819792 40148191924554778
361312477702 102380540182264898
174210221857 34277022552237312
130200238366 22146756745840610
296528930254 76119075239691954
257676206141 61660112396576901
166771316747 32105146187349992
433759034122 134668444392754742
274898148904 67943918116323264
306674883362 80059011676589022
480277913161 156903272192322240
445997151286 140407782508468490
195258441242 40673114344890178
438394856636 136833117838422476
415541465704 126274186543451674
273126644506 67288208478709570
431469870986 133603782611692226
269826293356 66072274512475676
160109804261 30200871938912640
191261538371 39430670012516055
302216194879 78319427642142779
405406451927 121682746546489352
190914108004 39323278844391844
209272474726 45129539417601626
492531598757 162946198943835008
320942693254 85710527737356354
244242835904 56901741966692634
382176202129 111375190137757169
305972003047 79783933636377363
244065343117 56839726918068928
129399799727 21942841639245448
289261123922 73337819054071342
356919133606 100518897651931970
312390978097 82307733606264192
233650720216 53240665595327760
383655150704 112022316489192824
253656797671 60223027798991880
254990471386 60698611783789890
163467041872 31155728400905242
140802405781 24906209020008045
128537935852 21723982308791452
149468601377 27240652601322752
174750147706 34436497107535426
395216953517 117124125043169728
368751973591 105558817043407651
276801853036 68650919313935226
150944079847 27645005706798088
140859723379 24921418746218919
192710288254 39879531288459394
290324667007 73742658970064008
384465843829 112377571977863424
446699157004 140739418801814394
212346995456 46127713129350426
369336175531 105809766695805551
415300828252 126164515482501498
456420853879 145358783580036104
381040492879 110879100036939819
148917983897 27090266123002688
402657546922 120447220449740738
412852851587 125050651629198568
446918469736 140843078335819290
342347921917 94426632055646528
406430911667 122144275452972903
460018411706 147080766738575426
229093082066 51690501200084910
489998026379 161690528741255144
135795273797 23589540192719488
483344561207 158408446423270408
450374050504 142479734119344154
130509149551 22225621162776200
153965606071 28479223442797576
255026179111 60711362182188040
438123351241 136706022836065401
142550500327 25371470666389523
199425490832 41982057202919512
471608407222 152674104076230338
320595076397 85571314221962688
360135236329 101880577726937024
376194415907 108770596249432808
138072760261 24185469027214976
409313876591 123446199983312651
134243079247 23186240909421867
238175251472 54794598354108442
276894122366 68685248418116610
421289022161 128903065978279601
147331933036 26658632849050490
239964790066 55413309228609410
351639655654 98296880489204034
351230529386 98125380378301890
136874090446 23871206371705730
268801018292 65696044075126778
183315427751 36999102729671251
283216550654 71051102496172034
227426900807 51127614143970483
214382502202 46792554147726402
153815815336 28437673027443226
163671803731 31214286148063720
420338593171 128467103441413255
275209659754 68059440594212054
142098071551 25250779948944251
201586148362 42666178668920118
305675595106 79668026569267970
352633279702 98713809431806402
423021998722 129699249845442942
316923032441 84105351272755785
365748945727 104271976519456827
488925510817 161159952826499328
305609919916 79642352610524026
148504052621 26977394703546805
170384658136 33154185114010640
215129625712 47037375563613722
318080886004 84566680784947194
288297478792 72971647551666528
370549008886 106331384910801226
371877660079 106903794902705099
155215582867 28826741527485928
347705862742 96652030470858178
322637010406 86390146272207170
155870940292 29009504396977028
135465069796 23503550850139130
339550214851 93271501251590376
419699767579 128174350420322024
452056434977 143278835010159073
242951549779 56451088333214184
322279645591 86246652502273635
381246542237 110969049802963493
436207421497 135810272634236992
135976170796 23636692444426076
317088652129 84171288404391329
165358215661 31697957315682240
498156202936 165745369477057840
305839031852 79731929765305948
155308643116 28852670253437276
385424879191 112798316669663651
227124857191 51025794708693651
303231621904 78714481649676314
223090290529 49672243001609984
350937245311 98002501167944840
308828442917 80903787191490432
352395655922 98614047958116238
289533485131 73441423149087695
152995482031 28210479942606795
387294605779 113620102105164264
184496232629 37357166175590144
146276939404 26372805754285564
437647951379 136483577173824519
394573533631 116838221240157320
207615047537 44594466521091968
425824676977 130990341892013073
390502170641 115034519930185585
476222122279 154919977339939539
240678179302 55660599588859098
164685483187 31504717200183143
249185172082 58637590201014658
167817128131 32407613126105320
132127556654 22640321088118914
328688185079 88831926276361224
260354362402 62623902636908802
298976726176 77063543327280200
340788278677 93782094390138477
365335109029 104095054394572509
254216942536 60422621858355226
173932314901 34195035132491501
339917851982 93423022439282562
373655487157 107671319661446912
470814305501 152288653629389376
292721522654 74657746188844834
330635328706 89622453046695426
323083793936 86569656418099226
377537485726 109353606895286626
195591662182 40777275718223962
388762252652 114266556349074298
486321354652 159874092664547052
169684290182 32949974205089858
453271483876 143856886105285626
411274163041 124334074417569185
340955891311 93851291338888840
221012428826 48979890427146050
198307960426 41629666387540950
337781585702 92543709943253402
190264606886 39122779262131226
224803564129 50245544880834304
363018885082 103106680848573158
457654187404 145948361186106234
226361879129 50768894975258944
198656378629 41739426838987904
175428895279 34637324323563339
323262272279 86641400741298184
456831780154 145555132684264514
291328329541 74125385950034560
268039017052 65416887731487098
386910973957 113451325487504512
456991422301 145631436841460325
151552926526 27812437382354626
227945832004 51302704662374394
258853435922 62083149218576238
473050759504 153375040184419354
446414697857 140605005311159937
484830338542 159139417442779778
315877761866 83689601862593526
179876721116 35962932729842860
291440548312 74168219406182672
430233402692 133029889046595578
149169677911 27158975195038115
399085800311 118848150419011715
163326985417 31115696203816057
377856457904 109492221520337434
359149736576 101462673781177626
339227254087 93138461034178568
253402584754 60132517830127054
306468162254 79978076899461554
130547469826 22235410766807550
342221331706 94374262571337926
459488135029 146826523457634189
345475396996 95723516890946180
265555407152 64509781727478298
138843157321 24388170832204480
452389293202 143437112842588398
374288548207 107945066829174408
194164504381 40331786128935301
304631102629 79260037263243229
461006903221 147555094190456576
379931752552 110395502900440602
257445818021 61577435429649280
228229503154 51398501334748034
319700470126 85213389575210626
243383923829 56601852093985024
213772661516 46593034213817210
160718702536 30373316853342240
321188701871 85809094781092555
143902981051 25733402619142376
417189513847 127026141303086088
272659739654 67115740235803714
269152342279 65824883720163059
396161702876 117544346537525626
188667194951 38631117504186376
208596957466 44911203072137026
139430810702 24543169023360898
337613933504 92474819684827944
176520479879 34961116683791219
319468620781 85120710174986176
312163375297 82217797895167488
393002739166 116141217486231810
437007318829 136184008090879424
321422777977 85902915938037577
147362875942 26667031635619482
132487641904 22732936198988314
353926918471 99257506553718451
383131503931 111793047559100895
434284506436 134913232393505476
194563531901 40456178879186501
178337357254 35502271612595194
291275662876 74105286138656876
290965865591 73987091268853635
316690600879 84012843800581579
194364590422 40394144945851842
190910400487 39322133372720147
236133946154 54091675313847234
407611044857 122676658115988937
139669073551 24606105920484075
168152153404 32504708064864634
472992400654 153346658918812034
433673348956 134628542546040620
434149381226 134850271004466626
270951417871 66485968600537451
167601683029 32345225339241984
232793596631 52947972379789320
201642663629 42684122322737344
163543097656 31177474536959920
195010429387 40595646103290447
283510900537 71161897560723593
417723135379 127269935513251304
218540157761 48160350186705601
272944119904 67220768831822984
323141673404 86592920505952634
258097774279 61811491832190984
441910456904 138482363701547034
388958031011 114352883201759976
172243705916 33698275356915276
163691829226 31220015001624150
447456581002 141097527753346998
213824974276 46610138093049850
334496154241 91196808495375360
276412854004 68506253874465044
275776022446 68269641311773826
439010267879 137121345090487304
190755334946 39274234401773826
214142911831 46714134120839176
356413224196 100305254881635076
153556350754 28365748078852354
427140751402 131598078860559298
216733099772 47564246076402042
145799190002 26243708401529998
222921994471 49616045539181576
188656752412 38627910255855468
139289850722 24505959887126942
280960199692 70203712404339578
361678952261 102536344645512765
214533132997 46841879369444992
149992848196 27384094300276730
186547176706 37981813548847870
149165854504 27157931022586394
160244511904 30238994034059034
351847663546 98384112811509826
366742595704 104697187232021274
297428320816 76465648713552410
373664996404 107675429919351764
434782321261 135145272974903765
235989652529 54042102408904064
369506368312 105882912021902768
293729316112 75043630146929368
401254350707 119818160410863783
198176988962 41588432019040222
139816570807 24645094092313608
172567843904 33793443168580264
325862204866 87688758984834110
215744025004 47239024056613754
227646142882 51201563401088258
278660612531 69343578786386920
288152463379 72916596655277544
469493581592 151648304829188378
155128120522 28802379590823542
212494953829 46175932615640349
248295055087 58323680790222472
401541963176 119947009072679450
299948747716 77439667873758276
255361239277 60831047855673173
447444283106 141091710903879426
423760005137 130038809016999793
184925339782 37487571746773058
409434221242 123500646671450178
317006633126 84138632538301250
267538444306 65233720516656770
234195178246 53426867948656826
221945530627 49290403260523752
292980963422 74757022627267842
205566475807 43936065485450587
247312280161 57977747588318976
162202429396 30794888165880826
303328195522 78752088309911042
442105082651 138573859211838975
127047063004 21347125110604154
310574054386 81590702778901890
361803987227 102589520578782952
189031021279 38742915976987784
320982753379 85726575853481704
144809976367 25977075500897928
180318440716 36095484295313276
151137545911 27698171972563976
218470745621 48137407149080576
262201318247 63291465205534867
312047235007 82171918473644987
303257321446 78724488704388826
290976545512 73991164860391168
330289002421 89481676343770880
164282845822 31389249546848642
326872912786 88097044132420226
288272421166 72962134160849026
243908169142 56784829977475978
471435550621 152590173250880576
445671373996 140253969854167930
319826023654 85263592341873114
189120802592 38770521014980378
392939795252 116113316557761748
415835976781 126408453850349301
370272720976 106212483164058650
149377307821 27215699013939605
413878482767 125516927469354632
225976501676 50639300237524700
149876756254 27352308181044994
151571645821 27817590490721605
167285137411 32253633965763351
134362800079 23217264827596424
222119456329 49348353652877049
185422534936 37638858559552976
461560153237 147820793210166272
140310379717 24775773000148157
432476505407 134071608965338683
290746970404 73903615588305914
238407899422 54874902495520738
186331621492 37916000552409082
151561184896 27814710734060826
266297816737 64780494559318272
271555389281 66708396043536801
335336684932 91540767147758212
217540367422 47830238018235842
225879704516 50606766639326276
489744632587 161565121809002472
137339618852 23993094074174948
142234578047 25287174458441467
290080115404 73649504127519164
320738425504 85628713498230344
328667104942 88823380668132482
142299121504 25304388714844954
363971280611 103512704263775976
312394139831 82308983174919176
453629553752 144027383316895002
365642899129 104226630278257929
375944645171 108662288351513576
366025252201 104390157911460800
333987601754 90988910321590594
349009655551 97196164321162376
132757512122 22802430282418242
177933266786 35381674234260226
149775486329 27324590399768649
155707390036 28963858255455226
126355404457 21173038177449408
233846269141 53307517565081901
136791435827 23849586836786152
134416717787 23231241335472872
142136457379 25261012372761719
176106584551 34838226387002376
281400395101 70368765001958501
474055095196 153863746211684730
375720962654 108565323601376514
467081904982 150481334268378562
370624769362 106363996519107118
221583903487 49169985213317243
497724095782 165529761615204162
495612169004 164477323691514204
374859800317 108192285474603328
247019092882 57874679649675758
225862901566 50601119865153026
270345177587 66262954752951847
191628475504 39544196700784154
269721988747 66033966636837263
461682181822 147879419037257538
380113088096 110474547472450330
430759520291 133273980262012151
319173734062 85002880812147922
453005879782 143730460547667162
328588465781 88791503812348045
488664485701 161030911079004800
170645112101 33230234615153501
278834583379 69408526888670919
169816555591 32988507483977651
252668433886 59871385643176226
139728803204 24621891870535674
265339734004 64431209356584954
238689023276 54971991573109626
434847599026 135175709989446350
177507588197 35254782092203392
159543295004 30040726103269754
176136259576 34847032443257626
329091269971 88995384259168455
228833228306 51602579483138926
330649966207 89628404607030408
414998307362 126026685980299522
498936066581 166134733578674176
286460537071 72275330319357576
461570722004 147825870424695604
127561742254 21476975255512194
324037857997 86953398941644992
132321941831 22690301941639176
335356339936 91548815454227976
295347232462 75664515239564722
433343726281 134475080692231801
366482284912 104585737182664218
181856060156 36558160061442426
328371243607 88703471321505187
249946770997 58906621833140992
241876469527 56076801946583048
494869727797 164107874349824717
494540485076 163944127127237626
190336170592 39144854071313032
167886656071 32427755318249480
244990550092 57163236735849532
286758082087 72387967624191443
148741760911 27042194165135851
143142194041 25529601163827776
342845408081 94632532384477745
127426916866 21442934338518526
167713442381 32377583192365301
448833119879 141749129421457779
409525622606 123542004097777970
408387905647 123027537223270667
240502680286 55599730299220226
201511865062 42642597472409922
484236738106 158847244034241926
474934762579 154292214631276999
475943046482 154783817862294062
288644600911 73103478635363976
310563808787 81586665387914247
352747501954 98761775267638274
255247622806 60790454508280770
481304604502 157406660031329002
393707877931 116453934562086895
204275855791 43522945743304651
377729548207 109437063805605512
236631065771 54262579585603951
238613718337 54945978611452097
170388160681 33155207430715801
305470774379 79587966498774504
483851043622 158657499026890138
404541579796 121293567023641076
372991004254 107384234455637154
198421965991 41665570388384776
417216917602 127038657385853698
174309992021 34306472460022701
141408013111 25067068532510915
421603009454 129047200355358674
221484724021 49136976650433280
455226396577 144788548985255777
203637813472 43319193267612442
181655890882 36497817180704258
227029162042 50993549821414278
203541459466 43288451280969526
316998670681 84135462515763520
428845885787 132386869172493247
384149352602 112238837097073702
466728225091 150310447195500776
385136077727 112671559539618952
142492839721 25356078354962201
312485046526 82344913682554626
327636625306 88405972182440770
172658915704 33820198196603674
194556670156 40454038721506170
178054386127 35417806919774123
495478767247 164410920665686763
242578065247 56320966595961992
453127724326 143788453037233050
379874222431 110370429332055176
271476540232 66679343874834458
192766166329 39896877700915849
205982181091 44069407019758135
346021733887 95950673401640072
247809760004 58152772951328004
279947636192 69824539419507482
340695820381 93743931326937445
291731501629 74279313531610944
304469549686 79196995427244226
391970564311 115683971184807715
410617797311 124036549887729851
173054622206 33936530578855426
143199985867 25545063612541928
226478969732 50808292070125562
308461531291 80759650174455935
402062794816 120180455978116776
148330798112 26930198051587272
140993509801 24956932185372825
140730775186 24887205566313090
474346279037 154005532069313093
382527740476 111528895449037900
453271483876 143856886105285626
266629975382 64901735458096362
182596798829 36781751366120149
255447004297 60861696307261113
262660634446 63457846193643826
172687123456 33828486487430426
331990668676 90174088127199876
365626651412 104219683225652218
398627615387 118643537168228072
386369286041 113213155457747776
168845287717 32705895048796032
297475370116 76483793252582276
127193287529 21383989886286784
327241713502 88246182074912002
194852458717 40546328528280128
403885218181 120998491602978301
180317239657 36095123660233433
346308795967 96070100271086907
227646142882 51201563401088258
230680432231 52228664235783176
129511743097 21971321852097088
353702316202 99163038164776898
420828352072 128691694758224288
155530539857 28914527134646833
190919669347 39324997093609192
188364478654 38538179357986114
212176288177 46072100666046848
341409394957 94038600369428533
271825921129 66808106374611904
348431745937 96954849912816768
262898419522 63544037756661438
136946826227 23890236888822823
387762964481 113826267172126720
293163176341 74826773687669760
235657258027 53927964032195048
476812744454 155208270073361474
327291064454 88266145299945274
275441182006 68145342007234570
403032744767 120615609527018632
157898115904 29577264540690714
172507338511 33775671827029640
393827681251 116507093152225000
468618001996 151224278892759930
425815448542 130986083695999778
287283895004 72587159899481004
156968325151 29316398538300251
327671434279 88420061288310739
376722850079 108999859273886299
251230971436 59361188905999226
205825600801 44019166549868001
131504227747 22480297055750888
472016396692 152872265074883578
225484664654 50474065729251634
279279837397 69574844745792813
188903150471 38703610887811080
266453285011 64837232473115015
465107459527 149528172343077427
284320208404 71466822358334964
288586099622 73081255282682138
376238654786 108789783270604990
261416920129 63007664618680769
298489761691 76875341647921535
329416675456 89127414934150426
241330096954 55886902079607874
279733674301 69744505101037376
488357079617 160878984381807553
397906485487 118321737795999368
331308989092 89896497610128378
486815579629 160117863208992704
302171104316 78301900433027660
494951309392 164148456971512728
310903579879 81720591433614344
154548818596 28641193127672826
153668315011 28396777713425640
204783040352 43685137300476698
421987849222 129223932441701442
426219747727 131172679194830827
358838762062 101330923051284018
127547094847 21473276184699963
388652920426 114218356663168450
178706033881 35612419294848320
417866650021 127335529239325405
361424696116 102428240779436026
248359186154 58346278526070614
335038654654 91418758988987714
300262514581 77561210491954176
367187221447 104887641785609267
125928467732 21065817796414458
261124157779 62901850202321384
391231600166 115356984699135810
285809959541 72029254384107776
429029276456 132471798721213120
241382899892 55905245147049978
182549061262 36767328128556418
444586309321 139742072355532480
317299720654 84255344756700034
356427577279 100311314021270664
409382642797 123477310416629717
312356990467 82294301541940503
213047482421 46356149510490880
125597963416 20982940026452560
458396901272 146303788598214938
304895767387 79363351932132072
287642542051 72723129813702376
135849999377 23603801542101873
309516498292 81174312703414932
361625372462 102513560586094722
332951256407 90565738304555683
373382364091 107553287820140776
383229551027 111835963729037927
363874875904 103471581004255464
322493237606 86332407187374426
476426114012 155019528977875322
474810020371 154231431027714055
434928736792 135213545219430682
216057469336 47342008547247440
420729276706 128646250695912926
448559347867 141619456348765928
298358426576 76824609617995800
151561735462 27814862295245722
452209534546 143351628343808130
385915826531 113013906136882920
242691613166 56360516017617810
223748723629 49892310807227029
281620997266 70451529034217710
234655999517 53584636114161728
195952711277 40890236073434048
377397597656 109292834691366170
383743628017 112061070083193728
267326354401 65156165228921600
225745298416 50561604206902776
456345378227 145322729351646823
371602601372 106785209941238138
233174497754 53077977273193794
351270760754 98142240389140354
416627022379 126769326110652904
373067013946 107417060970376326
352656794536 98723683481086490
268937413301 65746053680531200
473693917792 153687938954619528
374935134226 108224901516534126
309258486112 81072833737919368
193719822682 40193311676847462
171718217596 33544180737869580
160892237431 30422523238002051
290451935536 73791153752353976
169976858041 33035228996467776
281761357222 70504205213637442
241820135404 56057212262294684
350356067156 97759152706962426
286926986747 72451933423989992
299327895857 77199358293098833
425700101542 130932864031955778
328307225404 88677532554029434
157844172592 29562108937888282
332092532801 90215593276197376
205361985004 43870522500901754
400503997546 119482224087162326
453603836576 144015135678985800
250768308529 59197286395625809
204727366442 43667323625672982
196886596342 41182900615005378
388668790279 114225352550629384
152596357904 28100161519316184
150806750222 27607286923006338
267491631026 65216599577674626
371842302007 106888548661167112
130991372404 22348918347886484
387259402279 113604611042610184
492248775872 162805867883790888
160665980092 30358372492028282
144534030076 25902858912468876
469312393552 151560526561651352
296229436042 76003783892099778
192134595566 39700963616811410
220540637731 48823139354239720
463766840156 148882141162242426
132470140727 22728431925437448
360733809529 102134683737115209
430125806254 132979988266404994
327506310457 88353233241617033
209710689379 45271364973686504
495272726692 164308377989823482
199672501954 42060080732022274
154342624216 28583893872383760
497889731329 165612397479655424
404797075426 121408492983025950
239865041626 55378761530850626
343671485392 94974760560249882
332216420629 90266080694421504
288820900379 73170464544323304
180562338517 36168742965971757
207740721332 44634963645101908
378564413647 109800084416134792
180540705451 36162243122000751
327365502436 88296259464738340
307685215741 80454966076819776
386984869891 113483829075948776
224150275129 50026680288078729
471687077176 152712307503969200
427800937579 131903292683099624
178070498701 35422614597661376
250367631752 59055465139974752
486225695386 159826924180525890
475243764986 154442817770740290
139070369746 24448061077009326
474914295937 154282241226396672
175199737486 34569477802532226
265972429186 64661798464564226
384882478204 112560291987098124
231043286566 52351944274585410
127991436379 21585585090407144
446548883242 140668405658086678
218458847504 48133474788691994
259628216716 62362091856491260
425528494129 130853699858898304
132391914307 22708302448660712
491006311096 162189859356972826
232827714856 52959612895506970
300110646431 77502373998736520
228233556877 51399870721901248
165795564881 31823795497032320
454968805372 144665672763428492
322653076396 86396599165041530
420810921301 128683699193843200
285003817567 71724725738322203
181661918467 36499633766737128
495548452492 164445606583506428
241309255279 55879662499747464
135672311779 23557507080197864
354831937321 99638463882672576
355239783551 99810301025752200
299274510971 77178706536783080
368696154971 105534850007161576
157773947717 29542382840644157
336402160382 91977396681391362
191835303167 39608235045303432
351509681954 98242386480836574
363148412566 103161869498138026
206170284454 44129787259812674
285350462629 71855621864246144
455475470704 144907395452917274
157428107761 29445300799955601
477084260521 155340861619504576
257380524247 61554010863785763
424547490917 130401460025734528
427772263447 131890031312823267
139350555082 24521981679981762
301886644907 78191358011235183
422850932011 129620583748954351
193371409442 40084926320693982
321774854221 86044097635216576
430001530567 132922359797176328
471920211856 152825540260933720
250943971021 59259498629187701
456952226137 145612701016271168
268214035079 65480969882570099
167906937766 32433631695997210
220446340004 48791829326207994
348415885231 96948229868251595
309520432237 81175860293774272
166469981546 32018170371016130
137629073576 24068985274541376
218113282576 48019311361379800
283882255252 71301759777963002
214836519766 46941278284095210
314091131911 82980573716447240
427317305881 131679679516171945
159491895292 30026210027873932
282281819626 70699645886449750
322792867387 86452752891816168
412533056947 124905383872828392
470548460152 152159687065131802
175687840066 34714043193809410
277361658004 68859284478745594
173151118576 33964919400983800
164298895996 31393849683207180
162847818254 30978866162475394
126791624236 21282777141968476
297187733404 76372888731918714
391307676841 115390633849955776
480677868829 157099306966210624
376428651302 108872200244748098
412039980367 124681512553077803
155686743037 28958097474321093
469940403076 151864844131079300
490697178532 162036713769688058
173563295726 34086269211317650
384766675066 112509495201075526
337263149161 92330733609558976
402310330522 120291459343893542
198086341754 41559901104801094
132391399736 22708170057260976
307884499696 80533143329672730
176540682322 34967118713444142
184787314702 37445609430476402
484696426754 159073489689905154
489056049511 161224499544019976
223643041616 49856966910942360
171808478767 33570632248054603
169952953606 33028260447286970
450231700129 142412188759503104
184742938732 37432121598446458
405649610282 121792238991668162
425537719454 130857955185353474
438999023621 137116077040360576
211332233002 45797455993908502
166889731717 32139346384892157
219945306904 48625581765880784
404578459747 121310153966005992
383424807151 111921445591422600
387468886666 113696803603129026
168067496107 32480164073038312
468081822791 150964813323552776
369721314187 105975315373440143
401636064386 119989175871979390
463866043267 148929914206046103
420053490452 128336422617467898
378210352951 109646080933780675
344569115297 95347098170847488
300487287926 77648319098898626
215532562291 47169588634572776
131101953712 22377224370976568
160347561851 30268167860743400
214090560191 46697004808176776
387694277642 113796024374066882
207122386772 44435829736107188
481941566201 157719233072461376
256571855971 61264142245280951
346926590732 96327290256611708
214753280029 46913999373598784
437542238071 136434128981097480
482044658141 157769842297596901
232794961312 52948437967664922
135260586787 23450353365920247
289450545941 73409868560971776
332624925007 90432623236771883
289158451157 73298775784294912
138383502742 24267161680359082
179218150861 35765610537590976
286472647847 72279913778781192
298609533601 76921616783110400
405178669702 121580207643843898
413187314827 125202642848434152
238481100001 54900177575790625
246446579017 57673592719745728
230876093527 52295128275671048
293410555904 74921505218929384
134195413081 23173892762672745
367107528817 104853497119635328
171433522927 33460795016835723
362082203732 102707875828982708
185199110107 37570849603519208
260342816906 62619737065247426
295903936696 75878547852822576
193388200742 40090147567034178
174780299467 34445410118851407
340477932601 93654016502021001
297581823247 76524852145478763
397974286721 118351981231406080
133933918021 23106190248049280
152936852212 28194265558306068
337764325466 92536616719817026
300092827687 77495471667694547
213828244036 46611207224460740
326793680129 88065014509062144
339454628821 93232119018580480
393391152529 116313437547304064
214566540904 46852821394414464
368370773617 105395175991421457
263432377586 63737727189794190
379622361532 110260682203614412
363529459504 103324281804579354
376014017611 108692366663295976
205268427547 43840546527823592
221761683301 49229171758677376
244076521861 56843632047399040
236310594076 54152384347528300
371612946566 106789669229353026
394788541072 116933733942511642
221463426629 49129889490674304
213839361407 46614842393547912
282169124701 70657312122253925
290901027421 73962361958370880
139751535541 24627900686445901
362796526654 103011962050002434
146612478754 26463601286284254
380353773206 110579491777215426
401240017579 119811740463084399
179445727351 35833756556090376
190715806402 39262027345036802
349535367461 97415856447305565
378676668931 109848926409654551
174972504142 34502244850474882
231831130129 52619948038527104
392808604426 116055171242051126
246597545782 57726594886850058
340358289041 93604655936027776
358895523926 101354967121458626
229749462317 51912810008827328
199665550702 42057884376208402
462459892129 148253234073192704
347359874752 96507804509278248
198310479532 41630459623161308
365614679641 104214564542320960
233084363996 53047204233576826
155560658654 28922926581934114
183816518629 37150911491819904
215905647127 47292116884234248
301441571741 78018504715379776
249597619454 58783234553321474
155791108111 28987220600675976
460152707476 147145178649541626
348248117767 96878215220510728
209328763204 45147748543252474
332140618096 90235188130089080
339423319082 93219220353229762
335080403662 91435847004089218
341854931279 94222739869531784
289240587911 73330009291231240
150650819596 27564480027966330
330760571131 89673380468057320
373523234722 107614160555647838
166297500406 31968421720932426
220617684641 48848726498283776
199900696552 42132203576334848
228668189512 51546764393895072
322646649952 86394017969349402
173712388879 34130199509524104
246019909241 57523883139379776
222296784032 49407460922612808
187031255422 38129750324531842
340090198816 93494083193656776
201783033547 42728700791190863
131143945871 22387976431817451
136055970547 23657502863040488
226124426266 50689031264748710
319638901927 85188775040208723
210478181267 45520116263046632
279046707097 69487745923947817
326831678266 88080374685976710
376459020487 108885375763816243
439216438129 137217949924175744
213704664496 46570805426956826
262428028216 63373569582346010
460665129871 147391036743212680
280562295904 70054628393187464
261912459404 63186904656616314
273681982721 67493534805267201
377933831122 109525854149453742
346492744654 96146654748451714
334281893654 91109198679730114
246250040437 57604615293120768
147894297181 26811412049612645
367627829186 105076489022001726
176821259182 35050511982587858
284568355667 71560404400083432
409298495467 123439241785841128
220914042052 48947187917764602
442949897254 138971248415063194
373623502396 107657495016136780
173932314901 34195035132491501
438472578832 136869507798085658
449425473004 142029834915212154
185075584201 37533266784507001
219421657379 48452032117900279
413784777487 125474302858395243
394323949712 116727381270388568
187370851042 38233646725031682
131403729629 22454532126804544
174549793282 34377290870961662
348353280706 96922101055866370
243330204856 56583113626928176
183463805386 37044033110316226
213166954154 46395148071190934
377442776062 109312460518481922
338852581607 92984198066744083
426522636211 131312528791411815
213094483697 46371490597739392
131319156404 22432857531367764
381589790402 111118946965644802
150438466504 27506219362112544
251100560792 59314974470758682
172374616282 33736700233461058
359735615437 101711048349863797
236538202916 54230640706604026
198938865701 41828488024981376
363327403021 103238149368507701
491440449907 162405014973560808
192413028997 39787294411765888
166801927321 32113985863000105
125784476962 21029697062816222
195943947046 40887492801208130
238851418381 55028102492725301
287610686962 72711049511826818
344698629851 95400860989895400
210262830961 45450273365741440
243345552529 56588467052584689
392536541947 115934620900525288
236415789379 54188547862966504
394971610079 117015079145817224
278250167056 69190428541087770
458778062887 146486306220248072
253113634757 60029695187618237
305709999212 79681477035133818
251070797891 59304428887113960
221816962712 49247580244799568
447084880816 140921750547008026
194254249861 40359752234119165
303248754811 78721152925252840
243101442404 56503338954099364
343101327752 94738511024745498
398732983546 118690581390744130
349667484454 97471093406219674
165676387529 31789488210285689
145764092212 26234232612429818
143639692121 25662811034387305
423220700254 129790643956741794
445086218306 139977835312992770
411980976227 124654731901513448
132716292802 22791811350873602
233102799029 53053497751058509
150052006654 27400296692754434
133626664096 23026724926252826
130530097271 22230972456856451
494644915766 163996059308470026
190960455004 39337599117295994
216984674467 47647086040849128
449923351504 142265913720647704
371993232332 106953634194510012
252830538352 59929012443971448
184591614211 37386139523553815
275109512029 68022294100395584
245564174416 57364118562944026
143824129957 25712254716173533
248756137186 58486216276244226
437350489886 136344452573073890
138366142432 24262595319896858
207849669379 44670080978240744
219021056629 48319403415666944
133110198596 22893356836472826
335849541379 91750848159722519
158025706021 29613121829709405
376328007904 108828540408965914
208740373129 44957527443213504
455372397286 144858209719687490
426167122591 131148386195354760
481261435904 157385483600031464
210818295781 45630495757986176
227812837501 51257812500562501
470504806597 152138513388464317
169499088731 32896044143123176
272496564967 67055500546629907
280028454266 69854778087878210
400919380786 119668154094918990
359616874927 101660693735137227
432165001972 133926781671737338
467665866376 150763627784985626
167820024841 32408452217539385
141170396404 25003912384235514
446208734182 140507709460912858
351526451404 98249416833784764
388810751707 114287939582430783
201257374021 42561842372592701
274895182982 67942818531142458
146173108396 26344730602202076
146433837379 26415248736437719
303007381216 78627183347338010
389244732361 114479341004596601
354064070257 99315207750363008
389543013812 114610955981341268
191297412154 39441764204128134
132664777652 22778542323191802
316203726421 83819178398966701
171796755197 33567196201577413
462161804654 148109917861717634
217084818071 47680075271917576
232027959937 52686975576615297
217472433257 47807834893059008
226866796004 50938855440819194
252190244504 59701500962394394
390687779036 115116544781325740
375955050629 108666799744485504
238980682879 55072779729015944
470685254404 152226043973377284
422682658204 129543217510097274
409669532552 123607130040323098
304384497967 79163812924280907
247887206329 58180036245642249
496994031556 165165695178315770
215087647504 47023608631881754
366311078212 104512457932621818
222652319017 49526039668189632
312217107367 82239026804685832
339780170836 93366267723605940
426347169406 131231506248183170
440324024807 137737317876478483
195994031006 40903170295245570
258574338016 61982768374848776
173712388879 34130199509524104
429338721277 132615146019007173
451884347779 143197028455857384
238832066279 55021414933617939
133112778436 22894022392625476
160920601706 30430568544787926
444990930967 139932886464684003
177773428504 35334009618614554
128685522904 21761408246193434
209234953279 45117402720966459
228301124227 51422697422089448
126602352416 21235139173423560
276777300079 68641785270188299
184068230654 37227247445484034
268479233926 65578111227707450
262754140741 63491735399711360
229230512254 51737020975496194
319218477754 85020755771692294
329741429656 89259246387462426
367530941404 105034952600027514
160844023901 30408849471053376
309719522491 81254194047152735
232876849492 52976378235225082
316014487504 83743944527252504
303833900216 78949112134345776
414337154771 125725637570009576
414006776129 125575293315726529
327759679262 88455782239768322
349939322579 97584779373582824
184642048829 37401462695305024
481635300917 157568915236854528
444739081882 139814107635479362
248045656954 58235828612587074
390316606346 114952534052155830
236991683881 54386668553713945
219237534226 48391058584119150
223671800704 49866584165666074
379984928204 110418680332596924
145216035904 26086415068772634
133472136112 22986793735113272
482061350254 157778037190321794
275447119754 68147545557472694
376306319279 108819132490721739
493197793726 163276910796739650
158143786816 29646319566645160
191780179504 39591164183945144
280074855097 69872141267248192
244121938141 56859498474618085
304367333006 79157116662723570
281317129006 70337534221117570
133445270806 22979853895977770
282847136002 70912134055669502
155483136547 28901309077152488
465489470629 149712430339067869
340818825692 93794704106291578
365126569427 104005938175281223
197138937571 41262099615737576
333141418192 90643338005011482
472963222579 153332469599054824
386402690872 113227838108602138
185174766767 37563442138158728
321486121441 85928310807851776
282795241654 70892619419614914
276605459872 68577869648361242
226508583646 50818257781485826
214443403066 46812494521803910
412903739431 125073772788288520
404514595531 121281431194505551
144300783937 25840181881263297
290674531954 73875998103234574
316885614754 84090456788264194
218978038654 48305168466602114
207511958977 44561256412456448
160541861404 30323200296319084
483130246606 158303100777239426
435479181127 135470315262879752
337891732831 92588980000321051
253842731461 60289256393095101
439617671651 137406020216518376
247102742504 57904079856915994
472335139712 153027138564541722
275361770779 68115874089068264
230826490976 52278276156170376
200308104154 42261070584200934
404870860297 121441689331452217
408810973201 123218761540845425
289933890796 73593822856626076
190612063462 39229995856234818
371098447787 106567970153119343
215037147901 47007048852546501
162786188756 30961281957016570
149504142337 27250369197700097
409524717592 123541594573060378
367605535291 105066930999411935
165561281029 31756364501649789
186687690491 38024735487304735
220767831922 48898602985619842
232974451711 53009686554216315
200505630886 42323597425572890
377783438762 109460484681236418
220118447257 48683009997747008
420626544202 128599134821425398
273965414977 67598409135528448
133195862647 22915460196342792
178473549976 35542947986935376
190041365287 39053943996741843
131635548451 22513978880045800
304726337476 79297208019320900
147770322067 26777706345993607
377091845704 109160044705845274
442354303756 138691049954376570
226354477867 50766405038996207
497950604327 165642770579437523
213955784176 46652916102823450
245625849172 57385730893087738
135316765201 23464964514733425
271195135157 66575693730182912
180329850976 36098910448378650
203389636529 43240026557581009
380754211691 110754165851471535
402582169396 120413400419393530
264529557931 64136337615606895
179069106682 35721003849835462
329016636029 88965111332874309
303973452196 79003510822132730
260409928682 62643952034294358
172012532917 33630456998548557
214440783496 46811636754740576
442086276361 138565017307652665
416056700504 126509112752757904
312202883722 82233407031878338
471265638221 152507686982259701
195368441506 40707489455117570
280503121507 70032466338828008
156468934937 29176605829140393
460159422779 147148399738639839
149647989661 27289707629618240
353173478791 98940726012408435
147674114071 26751559561961480
206870165152 44354687327060552
405204775879 121591958190749704
153530859647 28358685085766792
242254286212 56208243244515972
293631983947 75006332753212392
401154024187 119773225592150047
133969632007 23115432902640883
133992926302 23121462048548098
318083278801 84567635029998001
298699185071 76956260643837576
249411128402 58717365493383298
348666359581 97052792077486245
496916269417 165126932715498432
443230425961 139103289140752601
289311326129 73356911919797969
179961902017 35988481229256257
372260669797 107068993413138717
459712482412 146934069816633372
483501886567 158485794060088328
198891560351 41813569407692251
269829966421 66073623651288576
374922145081 108219277593434176
140191743829 24744356822565549
321169466531 85801386492690551
408930339547 123272732407611967
146523144454 26439417642411074
394331054212 116730535886851972
188589190027 38607161762913423
365903767154 104338191012067714
374403629117 107994854801229957
252630048337 59857742603362097
189515847341 38892063160035776
158407096954 29720392333250374
246730294279 57773214300798984
193104090697 40001834228449017
494239189754 163794327159466694
203418976042 43249383140992278
169529366329 32904858867804224
452848838722 143655727612285442
469557538661 151679293484154240
345408070282 95695536144229058
211653517511 45901933303596851
393860519417 116521665367514057
206767261712 44321596384704472
275620084741 68211744799259776
309284439787 81083039683216872
283544033879 71174372752706979
317192982887 84212833799132168
394519346782 116814153934417058
386122310926 113104620513710450
369074086591 105697159264240776
131063552137 22367393183743168
334990360027 91398993157219048
407791644157 122758198293924037
444886221004 139883498335218554
269735209342 66038821745009282
370722925129 106406253288491769
499551600577 166442267452913152
155471426254 28898044060098994
389704557062 114682257052793922
267641594266 65271450657567526
195322812637 40693229247188197
296448845002 76088240435514998
449675800312 142148516156592922
125659116587 20998266677604847
299844969607 77399481746787187
454596857887 144488307650009947
338373631982 92787125494492562
156835001954 29279056010159774
177375933856 35215567529743176
158166283396 29652645756795780
230036966329 52010284581596224
192619658827 39851402247896527
184364440066 37317144859350526
302028080656 78246314180041176
290180666206 73687801288638370
295706262062 75802526042534018
292638893096 74626136767814080
452733692581 143600939926862301
358584659512 101223309667349168
193172456962 40023079404276222
434604231142 135062246648774978
419558686562 128109727590198018
246483789787 57686655355901247
161745390704 30664823387778424
216968205692 47641661638082828
132089519137 22630545075367168
178191664732 35458775145969708
355238097754 99809590548713794
165576818071 31760834858217480
446010373747 140414026554532263
213064454506 46361688957183426
439890577562 137533988528272422
318683357129 84807058949630329
305341819454 79537574524635074
383428309957 111922979295905408
180098113367 36029347971921928
217414400821 47788699901432576
238930217176 55055336006429200
146542633252 26444692816661498
409049723317 123326719031877453
222302785079 49409461617673224
234521746279 53538656762827784
409566349271 123560433646774280
349162564312 97260047002314768
491821222579 162593801019573224
129616606676 21998012018963450
326436444016 87920650837440026
358978556827 101390142909820648
347295698332 96481060301840762
261053341166 62876263540359810
277229844511 68810203197141851
242217396092 56195404763392378
399445923529 119009054375849664
152654369879 28116187153422344
401676396851 120007250382183400
177567176347 35272535800553192
400246281754 119366916177791654
374961979172 108236524908366842
327470700971 88338823765177455
428541247579 132245829144341224
453505737007 143968419585087112
348914417842 97156382696721282
370028365246 106107360533901826
478623006856 156093002144594970
179292396791 35787838154263560
402830762492 120524949984392332
258735448336 62040706989428440
244826080877 57105683365026752
140325742496 24779842216236826
358216370677 101067405634286848
228126820846 51363818305757826
477302115242 155447275590550678
188792527961 38669618332549440
154198203446 28543783638462730
207535151671 44568727248847880
218731924756 48223754540754676
229005094231 51660724862802595
139101487526 24456267131222850
470972489992 152365409173768928
469462573672 151633281546210842
312295343206 82269940131790426
430748382197 133268811220166413
259463226796 62302655969704826
416153399587 126553219839613943
312195772021 82230597241483405
216993897254 47650123886239554
248886643216 58532248167650776
446844729277 140808221607967552
283647211456 71213225301209370
286253936404 72197154898724084
331067271187 89798134858519047
307150449652 80245307408738298
253107231329 60027417196922624
311632624657 82008202729846912
294382701706 75294165488287926
310432207276 81534812286761850
432441165046 134055175547274826
235443111367 53854472484173832
183063626071 36922896018376355
234691624171 53596839134553576
127940340782 21572660561294162
290556362279 73830952768326664
445233414836 140047280170463226
234873214891 53659056383383151
334173971576 91065080646777626
258743361296 62043553118924826
126139836676 21118878062589700
154035533362 28498627479451522
260484266872 62670778048105242
139136828887 24465588097126947
132129098831 22640717472331051
387679308241 113789433706071985
289530441281 73440265022756801
287776807879 72774054358576179
323911480376 86902534982094000
193567353302 40145869075249602
220632962782 48853800873089058
266071629422 64697977410739842
185280671954 37595671707935874
407113700686 122452201711204226
266377369951 64809525317108251
340071230279 93486261346707464
469525559582 151663798629025762
145713882721 26220678911767201
363440786452 103286479396219898
341907852847 94244620252141192
432046938962 133871904272690222
136161884782 23685132921702162
362674726976 102960090916511400
243853693981 56765807292091301
384564938501 112421022167397501
471791980654 152763255320535314
213883179742 46629171076742178
223291394047 49739423342314363
358621922254 101239088193509554
131882978572 22577486712011642
307337800079 80318738659768299
181666137836 36500905412824476
265103031629 64345012528381429
243893502154 56779708067261634
200130286792 42204809081030682
125636558357 20992612536205312
173606308129 34098940880319744
298291997467 76798953683029503
431369550704 133557189333186074
427252595816 131649769601996160
362083054711 102708237911186440
421936404626 129200302588330626
357371292601 100709970102102025
422622896879 129515745109460619
332527056787 90392714166942343
349925937307 97579180458196712
344091948097 95149108369547713
328069035277 88581045364922048
154293180266 28570159603865026
145050096746 26041714169748930
428612536181 132278829529333645
442315740427 138672914237758223
269393047211 65913205040746351
151619550457 27830779283752512
162561454111 30897188588835976
232075647542 52703219179004682
470846328437 152304191013834893
241129359577 55817186790519273
365654871362 104231749356665022
198462915211 41678469126526351
156510333904 29188186041354264
412857395017 125052715902543353
204843202279 43704389703730184
460837920781 147473971930889920
302331268801 78364164096648001
314567652791 83169485424899651
200559461131 42340642665017320
235947746932 54027708339192212
221915550322 49280416401200142
162914596706 30997923230227870
289525875536 73438527856089240
345636675307 95790554680711983
149009682917 27115292000770432
160620634372 30345521050165242
450091269811 142345564930212840
312187870226 82227475327223150
440726702654 137926303049600514
403906788721 121008185096274705
482203735904 157847946337621384
163793692129 31249161161623329
188751974492 38657159384269178
273398697154 67388769001395714
